date,RF,MKT,SMB,HML,RMW,CMA
1995-01-31,0.0034636700499353,-0.1318529152599712,-0.0121759158790902,0.011962041807877,0.038628161090406,-0.0427141701109773
1995-02-28,0.0030985089660373,-0.0216270853896973,-0.0159490472150909,0.0308547694963368,0.0035453534838109,0.0054112307241911
1995-03-31,0.0041943910583142,0.1587851185165651,0.017287244683231,-0.0818519382874723,-0.0442055113177426,0.0024308783321955
1995-04-30,0.0036463004378843,-0.110414175412207,0.0016427174810313,-0.0144532956473143,-0.0115667730152117,-0.0001253844064655
1995-05-31,0.0040116609360238,0.181230076040854,0.0278075716349465,-0.0970155532521646,-0.1023665438409002,0.0127258141730755
1995-06-30,0.0040116609360236,-0.0924506540524855,0.0172288217661593,0.0688714093106873,0.0063187629551582,0.0293330568296333
1995-07-31,0.0038289640645643,0.0724086994294461,-0.0023352817997368,0.0660796815592814,-0.0510419607774564,0.0118588671145449
1995-08-31,0.0041943910583139,0.0480764808105573,-0.0262843643844922,0.1646773196778386,0.007810554049788,0.0244312566831003
1995-09-30,0.0038289640645643,-0.0028710576975149,-0.0096697260593263,0.1035147662996737,-0.0152423765514056,0.0207871708446883
1995-10-31,0.0036463004378848,0.0011364790756742,0.0243051565314971,0.062637868652287,-0.0178538001395903,0.0237961180788138
1995-11-30,0.0040116609360238,-0.0796675138159204,0.0125229804726531,-0.0937393749931791,0.0273603700929983,-0.0220551087545982
1995-12-31,0.0038289640645643,-0.1173575253518681,0.006021845861908,0.0138539356871039,0.0262846463294145,-0.0090971076182568
1996-01-31,0.0040116609360238,-0.0417700500654076,0.0031287503420492,0.0932376589580296,-0.0157339065205625,0.0218563505540826
1996-02-29,0.0021861875108271,0.030944069323282,-0.0176190811156093,-0.0386934742964282,0.0081997656823867,-0.0088783847428036
1996-03-31,0.0036463004378843,0.002040137152041,-0.0032419960670631,0.0095504484866663,-0.020099957017843,0.0090992912779864
1996-04-30,0.0040116609360241,0.2878598232773592,0.0217288477558812,0.034764822782349,0.1784498379790292,-0.0123389088031961
1996-05-31,0.0029300897843496,-0.0289502211064388,-0.0578952758883086,0.0688915443646708,0.128337456445867,-0.0709025279629655
1996-06-30,0.0026633635935215,0.253576798568194,-0.1379972272026736,0.0287358965027072,0.1401754392349162,-0.0843468738622642
1996-07-31,0.0030634794862911,0.1166219572741436,0.1418821465324639,0.2505735572489777,0.001763457195001,0.0098048952383451
1996-08-31,0.0026774115404468,-0.0031962435749338,-0.0109550406907262,0.0359894526548933,0.0846431130355904,-0.0106649476630202
1996-09-30,0.0018215742494047,0.0585129883155095,-0.0325343240407586,-0.0077765640351942,-0.0304664764351046,-0.0572409308253534
1996-10-31,0.0019127400126612,0.2149981071577416,0.1601482700885911,0.2811278822562355,-0.1540537769363339,0.1422501174055266
1996-11-30,0.0019127400126615,0.0668082288541513,0.0701556644372897,0.0594659536917392,-0.0042316700886102,0.0160135832576581
1996-12-31,0.0020039140720027,-0.179730462476679,-0.074448117746353,-0.0694491090783521,0.0788168051721423,-0.0485353849695438
1997-01-31,0.0020039140720027,0.0738768555565185,0.0558651600875178,0.0458077751522966,-0.018579478585049,-0.0323084890058703
1997-02-28,0.0009103727354431,0.0680139461398803,0.0112241900057047,-0.0471579325567581,-0.0712217869165757,0.0179446340644191
1997-03-31,0.0019127400126615,0.1858731274979492,0.0337806993846493,-0.0546701952384143,0.0467928100288643,-0.0703526563217142
1997-04-30,0.0020039140720027,0.1097783422866307,-0.0389872576938271,-0.0857356167110747,0.0633002194359848,-0.1284057155106908
1997-05-31,0.0018215742494043,-0.0745762306175972,-0.0513671343912694,-0.0150160883290699,0.01899502882711,-0.0179870764384766
1997-06-30,0.0018215742494045,-0.0012886281093194,-0.0018907052984348,-0.0696920870510064,0.0819880687799707,-0.0625517726364202
1997-07-31,0.0020039140720025,-0.0715850814046086,0.0262378397312866,0.0305248933027759,-0.0326899340381519,0.0270613884722908
1997-08-31,0.0019127400126606,0.0089391488167278,0.0263006895094044,0.1206062240950111,-0.1073845032433156,0.0820660227777769
1997-09-30,0.0020039140720027,-0.1142337953679132,0.0097603554345531,-0.0396123992114103,0.0070541401126451,-0.001781208114497
1997-10-31,0.0017374319232907,0.1206049897111487,-0.0286533280865677,-0.0464637391837247,0.0451389001899437,-0.0399229724446255
1997-11-30,0.0015811863522519,-0.0464130296418915,0.0143790288774466,-0.0201682123725178,0.0273825716786667,-0.0022830739746193
1997-12-31,0.001818579846516,0.0163544979536827,0.0787857817728619,-0.0399143784004737,0.0376954271174442,-0.0385066300478613
1998-01-31,0.0011856555293852,0.0166480704728706,0.0315542072851611,0.0061193094991751,-0.0074043644495655,0.0083542199406103
1998-02-28,0.0011856555293849,-0.0111109616156418,0.0298302166814749,0.0398203876520737,-0.0538005258129014,0.0329884697346251
1998-03-31,0.0017394424305634,0.0257581058328402,0.0464376084280696,0.0205649438807584,-0.050795964161393,0.0525281915100225
1998-04-30,0.0017394424305638,0.0685025737590647,0.0658892630727762,0.0412263433656872,-0.0078082250830665,0.0034540583123401
1998-05-31,0.0015811863522519,0.0635433044956423,0.073504367387858,0.070723034940023,-0.0955974149227054,0.025985870559735
1998-06-30,0.0017394424305643,-0.0680974343185599,0.0084106713249278,-0.0256316289296347,0.0358582043197688,-0.0429376847801974
1998-07-31,0.0017494621057212,-0.0158754190200245,0.0266013259668266,0.0303653946072373,-0.0310586087850684,0.0247095814228323
1998-08-31,0.0015972135440374,-0.1273071641805826,0.0368926395685843,0.0174667855248945,-0.0010132770402363,0.0166278920623538
1998-09-30,0.0016733349322666,0.084639169230773,0.0676125701309726,0.0174217774988133,-0.0298307018279261,0.0211397389004183
1998-10-31,0.0015210979405935,-0.0221721456526584,0.0569534716632255,-0.0541312049436866,0.040944979910921,-0.0315156035441873
1998-11-30,0.0015972135440371,0.0155863819880883,-0.0249634020173238,-0.0066206551705503,0.025324703154799,-0.0168471400204339
1998-12-31,0.0017494621057212,-0.0893669548209802,-0.0301307365254775,-0.0154765398209835,0.0156751914054606,-0.0135526627849225
1999-01-31,0.0015210979405935,-0.0114608980973205,0.0225175527309961,0.008902549081779,0.0029736664123669,-0.0095699597153585
1999-02-28,0.0005321213113651,-0.0445937387713868,0.0083653625708347,0.0022527340581993,-0.002450409207046,-0.0041311005510616
1999-03-31,0.0017494621057214,0.0764793696322561,0.0549104080799409,0.0599715378833909,-0.0862936191904464,0.0535573107724216
1999-04-30,0.0016733349322664,-0.0346990316625979,-0.007697347565366,0.0281588407038109,-0.0113039392721305,0.0011361363775406
1999-05-31,0.0015210979405935,0.1258759276044228,-0.0571529944053329,-0.0853232803030918,0.0438339835943427,-0.0112587150569094
1999-06-30,0.0013428587442485,0.3339793200500851,-0.0146657719349061,-0.0246409279778891,0.0690167088210305,-0.0893195774197588
1999-07-31,0.0011886738385566,-0.0643754813954867,0.0077286620726587,0.0094982899229988,-0.0184366580594979,0.0063789164189063
1999-08-31,0.0011886738385562,0.0146440410742092,0.0418005363760378,0.0282753153544477,-0.0535782930849884,0.0631581602720366
1999-09-30,0.0011886738385569,-0.0334165632943396,0.0104106848476837,-0.0136419202024259,0.0086056771331622,-0.0157213202759394
1999-10-31,0.0008643500081952,-0.045704520612432,0.0134195304565825,-0.0038452597823427,-0.0095517141468793,0.0040621805189204
1999-11-30,0.0011886738385571,-0.0411497102930352,0.0194796936493815,0.0005099881482629,-0.0225674300733751,0.0043055960549311
1999-12-31,0.0011346125694777,-0.0528161314411894,-0.0053479295662812,-0.0391403122051227,0.0338946039054242,-0.0375408093837112
2000-01-31,0.0010264987886152,0.1420573707628003,0.0399308571971368,-0.0706545053332211,0.0747181462493519,-0.0777109964355036
2000-02-29,0.0006481924906465,0.1251267887998368,0.0323459693065545,-0.0029469340261917,-0.0280553999074123,0.0460039114825342
2000-03-31,0.0012427380269441,0.0565046919439595,0.0473754959523508,0.0340636086736793,-0.0522348219112844,0.0541085159108172
2000-04-30,0.0010805542195502,0.0232355258784546,-0.0164270000770828,0.0254248678072229,-0.019086482759172,0.0175671897792865
2000-05-31,0.0009724462765168,0.0272803082900716,0.0304584128724223,0.0206486117887778,-0.0039964139563746,-0.0004735349090629
2000-06-30,0.0011886738385569,0.0251855670883425,0.0037745198920012,0.0561426344899134,0.0156790273894399,0.0006949982500784
2000-07-31,0.0011346125694779,0.046050671187684,0.0108742010335309,0.0458437438687302,-0.0233404286599232,0.0391966733479967
2000-08-31,0.0012427380269441,-0.0077661382175507,0.0268367268023647,-0.0069182798680212,-0.0360097215311616,0.0114376750299204
2000-09-30,0.0011346125694777,-0.0530773479688883,0.0313876954681985,-0.0262325402387146,-0.0069952023510057,-0.0029040042773268
2000-10-31,0.0009183966830961,0.0247647663488335,0.0286939884497148,0.0215455653503785,-0.0145241550425218,0.0091431996664737
2000-11-30,0.0011886738385566,0.0596767467968748,0.0085318103411042,-0.0028384588881542,8.489845108583527e-05,0.0046854572089189
2000-12-31,0.0011346125694777,-0.0069525713447079,0.0211854473792712,-0.0127713079395926,0.0030002718331072,-0.0050591294458211
2001-01-31,0.000756265413325,-0.009708934813169,-0.0021727955844119,0.0467467094655335,-0.0020085371107969,0.0144344269986749
2001-02-28,0.0009724462765168,-0.0587651480707852,-0.0005980147228864,0.0302707616337687,0.019897897072613,-0.0055755948912727
2001-03-31,0.0011886738385569,0.0735476457092605,0.0175848170359703,-0.0026642138841298,-0.0063204779118022,0.0003495115716771
2001-04-30,0.0011346125694775,-0.0075587751769811,0.0235308237159827,-0.0367133906841783,-0.0132580043885851,0.012135963329227
2001-05-31,0.0009724462765168,0.0342487115784635,0.0443067721746564,-0.0141871414083029,-0.0324453379256997,0.0139696455356079
2001-06-30,0.0011346125694777,0.0024538314401987,0.0079748397217421,0.0251399358356214,0.0104811283110901,0.0125003695836788
2001-07-31,0.0011886738385571,-0.1309127606729204,-0.0024295196631705,-0.0086529161102347,0.0061939853114257,0.0027601479648527
2001-08-31,0.0012427380269437,-0.0368331681192278,0.0119029739100894,-0.0085512862481127,-0.0081216412313766,0.0119652787102223
2001-09-30,0.00108055421955,-0.0496944877687656,-0.0222995294986537,0.0075361976175256,0.0392422167527751,-0.0140410008378446
2001-10-31,0.0009724462765168,-0.0447798453659268,-0.0286028550643734,0.0263327770947184,-0.0114464572017273,0.0140369589882522
2001-11-30,0.0011886738385566,0.0409296475905789,0.0193416565213481,0.0088749413485358,-0.0126367441700385,0.0015383964607379
2001-12-31,0.0011346125694782,-0.0636839500454578,-0.0135253912430751,0.0127747717569752,0.0451658403956163,-0.029426983772367
2002-01-31,0.0010805542195502,-0.1051569719131881,-0.0354547513436136,-0.0082134989231097,0.0441835985046755,-0.0168475252157963
2002-02-28,0.0005121179220832,0.0254257812471756,0.014564835163241,0.0079705089397326,-0.0156475516339534,0.0095847040972077
2002-03-31,0.0009874640281117,0.0679178699078351,0.0263094428521112,-0.0059649884766752,-0.0260058061733811,0.0077877266841663
2002-04-30,0.0010345104389208,0.0465025104199956,0.0173120118104024,0.0231418694091938,-0.0369401011909159,0.0238250015379002
2002-05-31,0.0008463380617329,-0.0853756302630901,-0.0013722741866778,-0.0046894653160077,-0.0230621962611903,0.0079037130791109
2002-06-30,0.0009404198283802,0.132574117525529,-0.0351826233631163,0.0476561312129584,-0.0100670397190144,-0.0010096176164356
2002-07-31,0.0010815590609116,-0.0389029916672702,0.0037429603258024,-0.0193845192325889,0.0074284640927891,-0.0073339769332171
2002-08-31,0.0012056931600057,0.0078289452595097,0.0053860203727667,-0.0060205092083359,0.0163512603603801,-0.0026451181567281
2002-09-30,0.0012147002870017,-0.0515828782185002,-0.0060982122612863,-0.0127161762582294,0.0119818638298873,-0.0018802239442458
2002-10-31,0.0011165883265211,-0.0489599305761249,-0.0146965715980351,9.971412588216656e-05,0.0044115520316102,0.0001574697802269
2002-11-30,0.0013028075570651,-0.0614483268276238,-0.0307782803094518,0.0036285830182201,0.024487487402529,-0.0128027643896575
2002-12-31,0.0013648883311332,-0.0484891047851583,-0.0008481714516456,-0.014117335836216,0.0233986013383145,-0.0072372443783019
2003-01-31,0.0012407306317656,0.0898384867930683,0.0100841541300979,0.020047583786651,-0.0308098302760617,0.0176655729991714
2003-02-28,0.0009304037284596,0.0109579036883304,0.0073772718905028,0.0072379581131649,-0.0049926976416524,0.0043317567281887
2003-03-31,0.0013028075570646,-0.0093693948939297,-0.0271872121024185,0.0119574997887491,0.0241141313421995,-0.0151639261546721
2003-04-30,0.0013588805232991,-0.0044521173362571,-0.0596294351021718,0.0497903278462252,0.0565232454233723,-0.030497770595105
2003-05-31,0.000903380616279,0.0416573420950623,-0.0102339201838748,0.016444338260385,-0.0158006228973454,-0.0060367760659386
2003-06-30,0.0013118187486704,-0.0609327118732925,-0.0071683430081154,-0.0005196977666231,0.0202474723310143,0.0111279029686445
2003-07-31,0.0014730367524071,-0.0084484452940287,-0.0318483406292592,0.0155929270194167,0.026011904008606,-0.0056194007638575
2003-08-31,0.0013568759271542,-0.0355923664055943,0.0175594550563022,-0.009321170940597,-0.0017603648482253,0.0018190131319864
2003-09-30,0.001611237719749,-0.0445601035621416,-0.0029362568398711,0.0155162198275692,0.0001793723044501,-0.0017157331185021
2003-10-31,0.0013378444584868,-0.0186450424280573,-0.0654178299916714,0.0646344330218483,0.0610038996180091,-0.0226564204075049
2003-11-30,0.0014790379640627,0.0304840829934893,-0.014954859526333,0.0398157480685337,-0.0072246403587825,0.0072459833605613
2003-12-31,0.0015421362498306,0.0598890961917708,-0.086584611863313,0.0648572045806633,0.0785422503674487,-0.0107366346722513
2004-01-31,0.0008713502280335,0.0573358553099117,0.0368835828750593,-6.944859245516799e-05,-0.0163565913248584,-0.0222909256175291
2004-02-29,0.0012427328128834,0.0630301133575563,0.0375658601334113,0.0032296338299205,-0.0380590427312426,0.0142315465058449
2004-03-31,0.0012767788663377,0.0445093355272772,0.0110267874288357,0.0244317881725081,0.0142724463426182,0.0012944464141292
2004-04-30,0.0012767773845525,-0.0935598943692098,-0.0059891258578574,0.0297026500463716,0.0351725154986021,-0.00320611765547
2004-05-31,0.0011085750404182,-0.020524835331114,0.0117768405255553,0.0014082390548162,-0.0236914875796291,0.0155866492203892
2004-06-30,0.0016993767793094,-0.1000961564396685,-0.0258942971164631,0.0041713735843129,0.0486516230203675,-0.0082674473403695
2004-07-31,0.0017294258725228,-0.0064466200574296,-0.034333882789127,0.0047886636154133,0.0103884608160662,-0.0181154492253755
2004-08-31,0.0017194093545447,-0.032816112581809,-0.0095979575670341,0.0174488353507391,0.0150731212650235,0.0003009312713669
2004-09-30,0.0014520052318867,0.0491656522217927,-0.0042376531342245,0.0038018505186964,0.012954647079262,-0.02218341673508
2004-10-31,0.0011115787324873,-0.0575976449170566,-0.0116384380975473,-0.0073403135429143,0.0467397508110584,-0.0211532498102736
2004-11-30,0.0015110886860516,0.0144914063026737,0.0387623936584488,-0.0016720829418777,-0.0415412373849038,0.0120332725299791
2004-12-31,0.0015401329722943,-0.0601784920275211,-0.0195253586973488,0.0110391210831635,0.0398621476818478,-0.0135047046300034
2005-01-31,0.0013668866072189,-0.0604200756350514,-0.0095715945586557,0.0048991018799843,0.0185330371477755,-0.015555310254376
2005-02-28,0.0008363226330643,0.0974665586541878,0.0040689318653191,0.0007872796685891,-0.0034901029920189,-0.0054055045594008
2005-03-31,0.0011025796795172,-0.0950331210457724,-0.0344448101107332,-0.0074093759346881,0.0484567627860265,-0.0237527984089931
2005-04-30,0.0006622087156624,-0.0233767051523209,-0.0569290605526806,-0.0009856735459227,0.0772793280888707,-0.0227212474904335
2005-05-31,0.0005521434022761,-0.0820670251359025,0.0577931073352233,0.0371395492924003,-0.0624759885106336,0.0445833149601367
2005-06-30,0.0006862246356882,0.0172098611199571,-0.0207601457720082,0.0077438799433894,0.0425032111847511,-0.0209052106916869
2005-07-31,0.0006622087206642,0.0008667354333236,-0.0789034566426555,-0.0101512480194795,0.0799243222902138,-0.012753171956136
2005-08-31,0.0006852244567903,0.0908456782444699,0.0770074627422167,-0.0152529141180114,-0.0607320511524487,0.0167362573740909
2005-09-30,0.0006792200792762,-0.0033233466081483,0.0215095420737899,-0.0140887759941912,0.0112940205264216,-0.0152142411403091
2005-10-31,0.0005121228983528,-0.056302903714256,-0.0053305950581771,-0.0039402401282537,0.0195904816940345,-0.0100979119149863
2005-11-30,0.0008443398758226,0.0037830629588191,0.0128241060157417,0.00827374952114,-0.021526167012108,0.0036214182580358
2005-12-31,0.0011005776925483,0.0628786577578248,-0.0466190391362698,0.0031948729589984,0.0462226663469886,-0.0250652420842721
2006-01-31,0.0008003000700129,0.090117738767482,-0.0064832362364618,0.006472896325811,0.0045889875297444,-0.0104025551452662
2006-02-28,0.0008123103431068,0.0383510831476998,-0.0081352508922766,0.016858435394672,-0.0093653384226277,0.0083038384277591
2006-03-31,0.0010935715350977,0.0074614929654943,0.009522286258939,-0.0034309055251766,0.0428236286397606,-0.0228916424549266
2006-04-30,0.0010234972385798,0.1212758801612672,-0.0252933708613007,-0.0207336764183031,0.0477174246157225,-0.0123326503163775
2006-05-31,0.0009924648296102,0.1631331719591802,0.1087821066192878,0.0202339181523211,-0.1113064748758633,0.0551103958320436
2006-06-30,0.0013088168146726,0.027885761879538,0.0422829482757836,0.0092428826077065,-0.0008277517600582,-0.0129841501928965
2006-07-31,0.0013678902149609,-0.0574222957030936,0.0438818872413782,-0.0074651878658477,-0.024854008551002,0.0079639366867585
2006-08-31,0.0015451406559141,0.0348169955591939,-0.0094813323306763,-0.0048531062420781,0.0017401386474384,-0.004668177021785
2006-09-30,0.001420960595323,0.0595311606123836,0.0036144700089432,-0.0343356448567578,0.0008743825238334,0.0118268198540457
2006-10-31,0.0012357180117779,0.0497568107532475,-0.037669755794323,0.033659270082419,0.0594454769669888,-0.0370385458476939
2006-11-30,0.0016603142265796,0.1406713371257633,-0.1297242783386097,0.0073919737644226,0.0737527594862645,-0.0528427109688851
2006-12-31,0.0016182456974014,0.1303068385091981,-0.0976987469299642,0.0043226474268116,0.023568272856244,-0.0383636910256292
2007-01-31,0.0015411270306204,0.1758168585191424,0.0404474138212188,0.0329450339485241,-0.0492419537334969,0.0469131861934
2007-02-28,0.0011696379384134,0.0818414186052529,0.124650160800766,0.0788067415508153,-0.0981096321895618,0.0321751457238631
2007-03-31,0.0017093930488993,0.1165025291401962,0.0982285359841173,0.0278678766019072,-0.0643873427004638,0.0261548737284215
2007-04-30,0.0016743334817024,0.2878827013317528,0.0699869642082165,0.0829211236193092,-0.1032994356449639,0.0643247738829881
2007-05-31,0.0014750264262175,0.1219766845502092,-0.0474602507802981,-0.0317502397670591,0.0348934832608875,-0.028654541243051
2007-06-30,0.0017654825475919,-0.089037172131221,-0.0905107606352191,-0.0950710314261446,0.1354366388655848,-0.1092178123421353
2007-07-31,0.0018967148755826,0.1856031810918783,0.0653183222724747,0.0614392417552904,-0.0297625564978938,-0.0097431052674924
2007-08-31,0.0020349779105854,0.1556677281227427,-0.0533971892706175,-0.0038609524235726,0.0151171816182014,-0.0375786171426907
2007-09-30,0.0019307681456235,0.0777194665518032,-0.0450341000277271,0.0238240370876586,-0.0002392782375676,0.0027935045679535
2007-10-31,0.0019297563111058,0.0051041083760003,-0.0809996706534696,-0.1128017934991356,0.1037424062341372,-0.0717530721953895
2007-11-30,0.0025701473686261,-0.1471974858563514,0.0775012342197569,0.0249640425792413,-0.0565464056550356,0.0432166441639146
2007-12-31,0.0023937174598152,0.1584170338658841,0.0422105117953177,0.0201785573092541,-0.0183899747027768,0.0152503004413265
2008-01-31,0.0027004744268834,-0.1231545098815034,0.0621650045823886,0.0174303271531064,-0.0174509831105425,0.0122360599874293
2008-02-29,0.0019698165225039,0.0364485541022312,0.0754994495620557,0.0590825229814442,-0.0281094417284175,0.0255350507093506
2008-03-31,0.0025861795663255,-0.2047725839688718,0.0255919832385647,-0.0200342175602579,-0.0031987093518172,-0.0044647938778192
2008-04-30,0.0025861795663257,0.0115384191161473,-0.0593929489522095,-0.0220981147886387,0.0670975822057118,-0.0310975575690892
2008-05-31,0.0024628766324998,-0.0763055072621041,0.0540456170991272,0.0126940380407281,-0.0348769800853956,0.0322006969682538
2008-06-30,0.002458867280157,-0.2102397548008576,-0.0443478661525054,-0.00410979967498,0.0300826167974517,-0.0190286492136657
2008-07-31,0.0027877099586699,0.0314338612111739,0.0710308216203708,-0.0150389740183987,-0.0234721733648715,0.025473807261515
2008-08-31,0.0024869404173126,-0.140695275353135,-0.0643834091285509,0.0144491019378385,0.0748873898360727,-0.0350631415419221
2008-09-30,0.002244382596851,-0.0504788362794672,-0.039667514804628,0.0590382365931064,0.0096754685379193,0.0294307805525768
2008-10-31,0.0023085275891836,-0.2495979938950465,-0.0106987055419406,0.0335521911685857,0.0085755437033628,0.0450140838279436
2008-11-30,0.0020239422908641,0.1010960747452054,0.1056916422002243,-0.014043941380251,-0.0676128143980047,0.0120201628360606
2008-12-31,0.0014459982712731,-0.0158008801564578,0.0680411338436406,-0.0543165503085993,-0.00492067930387,-0.0145740523046897
2009-01-31,0.0006201793661051,0.1031476198751291,0.0566959236818746,-0.0160993674648782,-0.044301732825131,-0.0383386005997991
2009-02-28,0.0007142421988726,0.0531166071606117,0.022499256842264,0.0112924279171302,-0.0341424675292928,0.0328631369938801
2009-03-31,0.0007552721172536,0.1548286017030185,0.0672144023413216,-0.045419094527326,-0.0218379796457917,-0.0262067614363084
2009-04-30,0.0006952300592173,0.046067988175273,0.032707070353409,0.0105835202715592,0.0190784789597219,0.0157107930273863
2009-05-31,0.0005941666463276,0.0618867353924925,0.0301721373494321,0.0429643043974091,-0.0113474151630793,0.0303858730728422
2009-06-30,0.0007582742809955,0.1442832449122322,-0.0821797520340325,0.0237927771327109,0.0195772918036556,-0.0224969875862122
2009-07-31,0.0009324153967333,0.1545117460080929,-0.0433697693823953,0.0751576664153236,-0.0982535949581618,0.0278050108391483
2009-08-31,0.0009884649655298,-0.2164148099534809,0.0753321097480273,-0.0684977496393522,0.0038848248865235,0.0071692697796786
2009-09-30,0.0010565323943518,0.0499127807406427,-0.0165367654515696,-0.0060556892291043,0.0245221949601779,-0.0250321523523656
2009-10-31,0.0007842881858932,0.0827133329316167,0.040269949411827,0.0151817028718584,0.006992259974438,0.0244017441547905
2009-11-30,0.0010295043665069,0.0673629914112343,0.0839633474153291,0.0079120479465739,-0.0084603451161908,0.0254456079468631
2009-12-31,0.0011506327214332,0.0298238915121706,0.0041636086271472,0.0035446415663776,-0.0024934396361419,-0.0046994089783889
2010-01-31,0.0010214953046947,-0.0886517608056033,0.0741015826679013,-0.0325130842565835,0.0170337276305198,0.0067671801704068
2010-02-28,0.0007882898379747,0.0217428547728035,0.0500334158751871,0.0112157103134861,-0.0135796255574379,0.0116536560690901
2010-03-31,0.0012197109407328,0.0197625965806496,0.0265256587951479,-0.0047028394458716,-0.0059051000150599,-0.0060487557434597
2010-04-30,0.0011135900880554,-0.0770589052463839,0.0166483508368156,-0.0353229069794844,0.0215357417931766,-0.01426348772616
2010-05-31,0.0010805541935257,-0.0846034056354972,0.0060946095961336,-0.0225081423456026,0.0322770771941677,-0.018977394874112
2010-06-30,0.001253743788792,-0.0722475239625887,-0.0175065439560548,0.0126401761987021,0.0420948578486859,-0.0279370266079184
2010-07-31,0.0015441368194535,0.1107192018726397,0.0504878511769743,-0.0161181334326984,-0.02764811006635,0.0182332356597363
2010-08-31,0.0014920614915352,0.0124032082398495,0.0863559770761773,-0.0838598979107507,-0.029518443194019,0.0238819756878857
2010-09-30,0.0013298369657039,0.0097969893174842,-0.0020141093961688,-0.0389984157522101,-0.0160694032151225,0.0052415435649801
2010-10-31,0.0011926662215715,0.1232369479550747,-0.0470741241704905,-0.0231870208622329,-0.0373655235829056,-5.440263520917199e-05
2010-11-30,0.0017684908670461,-0.048003458515856,0.0646723975854237,-0.0239522065183596,0.0119654472694978,0.0020220417707926
2010-12-31,0.0024638969115517,-0.0049562435774728,-0.0221466696641533,0.0021204914312117,0.005227254341628,-0.0099504287337403
2011-01-31,0.0025761449126782,-0.0178895023584743,-0.0287483306718997,0.0697451610308466,0.0008029405912219,0.0049893236297147
2011-02-28,0.0020840234240024,0.0478846972584687,0.0611584436635931,-0.035178183569964,-0.0385081513446814,0.0205827802878427
2011-03-31,0.002712512460874,0.0056586473617952,0.0009914583568633,0.0312523180341042,0.0022613380614983,-0.0142388838152615
2011-04-30,0.002255405934197,-0.0080474587813893,-0.0213388704132574,0.0282717895266304,0.0068384800429734,-0.0155292496441039
2011-05-31,0.0026242738282129,-0.0585605335772261,-0.0036191750399051,-0.0013327521142376,0.0177238813099093,-0.0009571127432267
2011-06-30,0.0031577342454929,0.0243753028565032,0.0062058089322722,-0.0146368448621261,-0.0035714937181192,-0.0126221515748802
2011-07-31,0.003530923069446,-0.0160809214030295,0.0283939816777799,-0.0511310677553646,-0.0051353135798212,-0.0140750502879548
2011-08-31,0.0035249285328926,-0.0467130128485051,0.0234718464354437,-0.0248098165069969,0.0314389429125643,-0.0283748308129168
2011-09-30,0.0032429975629308,-0.0839832004170972,-0.0308187316348913,0.0402378443069046,0.019855065011586,0.0176571672277174
2011-10-31,0.0024738641737771,0.0461371658136637,-0.004752452003597,0.0117923565567277,0.0131269649668869,0.0029412530010076
2011-11-30,0.0034265914257018,-0.0500592128842838,0.013650254131943,-0.0305229160000751,0.0058715960770129,0.0028228883722785
2011-12-31,0.0033062058398871,-0.0646369481520893,-0.0843554194143223,0.0684322073445786,0.0837816057250299,-0.032205948293105
2012-01-31,0.0022573745505685,0.0358680629946455,-0.0471889369715837,0.0361967313578204,-0.0056481138263433,0.0188704277752407
2012-02-29,0.0030734892499564,0.0640733225608405,0.0583840942704124,-0.0330893988542666,-0.0318402223201147,-0.0008742513347178
2012-03-31,0.0030484263456738,-0.0651679920757228,0.0047850572674223,0.0020493698705935,0.0285024600905034,0.0047017303266765
2012-04-30,0.0022393564290543,0.0558674646901626,0.0256558952610081,0.0176729789109021,-0.0098908640352175,0.0036524433645791
2012-05-31,0.0026994716011163,-0.0020783558050225,0.0126998236248593,-0.0351779248476527,-0.0121516287867882,-0.0104702150883631
2012-06-30,0.002250402011567,-0.0449972859135235,-0.0168810778614582,-0.0069998785917325,0.0264177961787813,-0.0211732891608742
2012-07-31,0.0023325927801245,-0.0527975495154247,-0.0413346822941084,0.0120527681127184,0.0279234639604804,-0.0081924646233438
2012-08-31,0.0022945141694272,-0.0245411398115001,0.0667057042802769,-0.0049892395820323,-0.0021689634918513,-0.0033403401190904
2012-09-30,0.0020079125657765,0.0203730571029283,-0.0263065610343462,-0.0265233230545438,0.0057161110449274,0.0083765608161328
2012-10-31,0.0018255719193958,-0.0069265581645325,0.0133932456535887,0.0285714756858385,0.0017725468916447,-0.0085577098109529
2012-11-30,0.0022734631897725,-0.0515908658835267,-0.061323684571535,0.0706632610494772,0.0230491664779382,-0.0116675722427483
2012-12-31,0.0022283611387952,0.1450027394513435,0.0047090918406935,0.0026278736486295,0.0088094379444138,0.0052778713271655
2013-01-31,0.0021351624835128,0.0537318334011185,0.0186663329059927,0.0107853598147857,-0.008382257443175,0.0031272943358139
2013-02-28,0.001598190738274,-0.0056779753403591,0.0451209023097925,-0.0316955829791218,-0.012100201169002,-0.0100584868649133
2013-03-31,0.0022313675142211,-0.0518863962453189,0.0346481740508548,-0.0252424123095224,-0.0048035245214058,-0.0158023649873481
2013-04-30,0.0019097200802542,-0.0229521362260411,-0.0052171628193137,0.0006064722823757,0.0031392618727313,-0.0054694592871259
2013-05-31,0.002334597351087,0.0759432059149753,0.0713610638322509,-0.0442379243234737,-0.0293106719418378,-0.002478527849054
2013-06-30,0.0023646239689085,-0.12640608273214,-0.0232674202359791,0.0075449697969603,0.0329574956519003,-0.0162775027234962
2013-07-31,0.0030143367331822,0.0276000078758626,0.0538945732363264,-0.0281278540866031,-0.0011617981211461,0.0134683486750025
2013-08-31,0.0028117664321014,0.049031253174401,0.0340540213882907,0.0076711960939535,-0.0125399431382821,0.0091142438187885
2013-09-30,0.002434803697179,0.0437179096664064,0.0056591276714984,-0.0034691142089021,-0.0162057563170151,0.0026356496303866
2013-10-31,0.0023115193652654,-0.0191993325094484,-0.0028959614049088,0.0409647624810785,0.0072577525006014,0.0113900103657406
2013-11-30,0.0027124974667553,0.0424568623209453,0.048249361019483,-0.016042033897562,-0.0241153870147062,-0.0108094193983399
2013-12-31,0.003199876145544,-0.0418421771202812,0.0143253799492416,-0.0021733920339512,0.019293450697031,-0.0048148699988567
2014-01-31,0.0032159145288794,-0.0230257863904476,0.0691797777654355,-0.0132518471137161,-0.0131235692848576,-0.0055146197967291
2014-02-28,0.0024478041943027,0.0105177820304303,0.0378541427303428,0.0133740076959341,-0.0333048365914133,0.0142552103603308
2014-03-31,0.003175792792238,-0.0191734341374294,-0.0065646897258903,0.0310056580019754,0.0196893185488473,0.009414912078253
2014-04-30,0.0031747897679024,-0.0058247174365407,-0.0092079513446478,0.0016033660045783,0.0185142547015393,-0.0037527586020377
2014-05-31,0.0028598775420551,0.0149306305038108,0.0168389088223394,-0.0178310322898697,-0.0339117778377374,-0.0070015073771788
2014-06-30,0.0026292781118864,0.0253149370519147,0.032868418249787,-0.0172319621448936,-0.0097756344848083,0.0010429775821704
2014-07-31,0.0029932767295097,0.0799730048418332,-0.0073455031855542,0.0457433679530019,0.0048297677947605,0.0074343208443204
2014-08-31,0.0026994639638093,0.0126964282831139,0.0459975191786951,-0.0349111203344261,-0.0396239974228863,0.003036250576632
2014-09-30,0.0026623694894147,0.0706682930295232,0.0796616548390649,-0.0014933741074449,-0.0491512047564798,0.0327225346699179
2014-10-31,0.0022183204372761,0.0216419226034594,-0.0029733581680208,0.0270903969466532,-0.0019617684842911,0.0013626461210605
2014-11-30,0.0023395959745384,0.0945320437685544,-0.0405789641075951,0.0577330270164342,0.0253211800119533,-0.0082918173458147
2014-12-31,0.0029391220304375,0.1676981171828842,-0.2314499372423002,0.1930481508651346,0.104555742191269,0.014573980610213
2015-01-31,0.0027024629562417,0.0015451299430264,0.0688156322289234,-0.095724761508836,-0.0199867251038601,-0.0257719044188692
2015-02-28,0.0020158939917682,0.0389716566794424,0.0309017554241924,-0.055687299564049,-0.0317632522093714,-0.0188363543578908
2015-03-31,0.0029521515437616,0.1446728232253344,0.0831858931225644,-0.0393275545884876,-0.0640117736736327,-0.0062096938794126
2015-04-30,0.0026342981722897,0.172614191800704,-0.0131765392245323,0.0373998332775028,-0.0521107555697667,0.0579685389012374
2015-05-31,0.0018335939075819,0.0673722598942592,0.2036443301853088,-0.1759901156018367,-0.0649557733977551,-0.0091277115911402
2015-06-30,0.0017394389769502,-0.0653876788059695,-0.0460766828360335,0.1086869926656681,0.0150145866168285,0.0423612741031898
2015-07-31,0.0020019142039593,-0.1393663256416668,-0.0562695991481148,0.0053725752495569,0.0567552017046888,-0.0259642351012994
2015-08-31,0.0017925282903623,-0.1279677642649737,-0.0029277613124696,0.0192143849782576,-0.0140695977411554,0.0484031285810341
2015-09-30,0.0017113896577845,-0.0427663306427712,0.0179153428924673,-0.0197655486768437,0.0504061659464482,-0.0343824073819157
2015-10-31,0.0014579993921932,0.1176976077910925,0.0700268855148726,-0.0638162792161802,-0.0453402944661535,-0.0129185536789876
2015-11-30,0.0017494557673252,0.0294670152441665,0.0901068474051358,-0.0282542650721173,0.015227665159714,-0.0306382653041979
2015-12-31,0.0019297788215997,0.0354316635218838,0.0560009784811406,-0.0147716846044201,-0.0067870217966474,-0.0171456891895482
2016-01-31,0.0016713253769014,-0.2296381951735604,-0.0644669417719887,0.0563686042573111,0.0343072451408165,-0.0127204584955911
2016-02-29,0.0013098034686973,-0.0208423297771459,-0.0031984799008659,0.0219948813951159,-0.015481273378216,0.0132074345083286
2016-03-31,0.0017765076313207,0.12645769455573,0.0641310223264274,-0.0427031546648856,-0.0001140786501238,-0.0393270943904716
2016-04-30,0.0015681669024825,-0.0195917868750974,0.0263488166954184,0.0152518753904072,-0.0025629734596467,-0.0017883976068919
2016-05-31,0.0016793414747664,-0.0022854747090648,-0.0196219889268521,-0.0059508931878988,0.037371979419819,-0.021207026286053
2016-06-30,0.0016212471960512,0.0253072934558076,0.0526948068816658,-0.0391881424734412,-0.000527758832804,-0.0363188790971497
2016-07-31,0.001665319167901,0.0167090435047887,-0.0324608667953292,0.0481989487305815,0.0122039974531303,0.0261002022292639
2016-08-31,0.0017755059349491,0.0373887243581538,0.0206928186645419,0.0158187058955098,-0.0031550841080254,-0.0006026100419765
2016-09-30,0.0015311124355379,-0.0202721117869011,0.0236977654316452,0.0093150866581825,-0.0002793704931935,0.0059919370403859
2016-10-31,0.0012327117357242,0.0264673713003853,0.0190905238571512,0.0091654701632298,-0.0133204920295199,0.013147730387974
2016-11-30,0.0017624808310618,0.0398612986599669,-0.0127956946820472,0.0257744111205601,-0.0003512707949923,0.0126877451929833
2016-12-31,0.0019137457632754,-0.0453960629268769,0.0104550329150602,0.030112709113222,-0.0156084524940425,0.0411548267418995
2017-01-31,0.0017955203637523,0.0128302072713797,-0.0416849701359574,0.0505063457055254,-0.0013009674098878,0.0295032519606379
2017-02-28,0.002066012854641,0.0243259727129243,0.0169973676292083,-0.0024361308993384,-0.0082908421832614,-0.0112536066946332
2017-03-31,0.0027486066913882,-0.0057847651283738,-0.0156872200009742,0.0085321287722305,0.0306631599235848,-0.02083522784451
2017-04-30,0.002115109680566,-0.0202952777335516,-0.0497921107062278,0.0243546934808398,0.0363205278548851,-0.0112082140520377
2017-05-31,0.0024308022156456,-0.0134327028907761,-0.0652366642688198,0.0331408774270252,0.0443810693462886,-0.0121090486424919
2017-06-30,0.0028177824905328,0.0401332645320851,-0.0053893078586646,-0.0146299777386988,0.0090262590348162,-0.0123397045992127
2017-07-31,0.0024819285509549,0.030011837735338,-0.027103422760898,0.0792703387640658,-0.0278245834573362,0.0387327192964226
2017-08-31,0.002728554316036,0.0264315571164723,-0.0003154684894701,-0.013727029628293,-0.0111839540186723,0.0028932310322166
2017-09-30,0.0025240286952028,0.007476343817246,0.0076988902426402,-0.0304324330648128,0.0016863013585498,-0.0250183667258006
2017-10-31,0.0020369499769052,0.0154814423187406,-0.0511849944313713,-0.0185512015985236,0.0321605210767764,-0.0365457253809096
2017-11-30,0.0027546149026074,-0.0229508084779321,-0.0424147031231918,0.0396249589286692,0.0132961633433753,0.0120217200585145
2017-12-31,0.0027856885589709,0.0037667738943052,-0.027178633745231,-0.0112695979303162,0.0126258982629781,-0.0232484024533299
2018-01-31,0.0028398419449089,0.0489264870975685,-0.075353202939254,0.0801104836860107,0.0460897636607259,0.01503548427056
2018-02-28,0.0019387518981539,-0.0575096119941964,0.0112099598626196,-0.0333006986459714,0.0041164934374489,-0.0247364860937409
2018-03-31,0.0028237986672645,-0.0196254320145798,0.0526425985083067,-0.0822714626955897,-0.0059266922345526,-0.0297777158611218
2018-04-30,0.0020449720593953,-0.0325321086356282,-0.0112970861660628,0.0030711429943586,0.0004348761727644,0.0101353001445442
2018-05-31,0.0024849422733257,0.0004909037876721,-0.0169774719510885,-0.0354409775215425,0.028927331457989,-0.0127982317007618
2018-06-30,0.0023656541491052,-0.0770781411691545,-0.0423249945935311,0.0054507082578162,0.023540937764927,-0.0014361640361327
2018-07-31,0.0021702443576645,0.0169694310011139,-0.0071595187425763,0.0522870967664176,-0.0050123345204792,0.0375707876749473
2018-08-31,0.0018165763145443,-0.0536779506755162,-0.0218765003678539,0.0454899844498251,-0.0134906433732827,0.0298840929551025
2018-09-30,0.0014790352082652,0.0284728766551445,-0.0399667172628746,0.0359151226970739,-0.0109703801923394,0.0284598333399309
2018-10-31,0.0014179485421768,-0.0802212573219192,-0.010817017935941,0.0477783809209094,0.0043738697271911,0.0342561253594448
2018-11-30,0.0018314455167547,0.003562520563809,0.0640018346454956,-0.035870501038893,-0.0092948876013747,-0.0171802962368824
2018-12-31,0.0017499186149927,-0.0415719979733286,-0.0021341035459619,-0.0049072524760876,0.0121161876300965,0.0043755980648214
2019-01-31,0.001808819871115,0.0370744962690237,-0.0590507625838151,0.0233516595489732,0.0309646958896862,-0.0160824161845327
2019-02-28,0.0011513304490404,0.1441845757468554,0.0688036871113688,-0.0614712807388079,-0.056175388092195,-0.0257172447861502
2019-03-31,0.0016068034859848,0.0581694591131163,0.0577828235901484,-0.0449408457816732,-0.0060863527414882,-0.0232242528974691
2019-04-30,0.0016170794953409,-0.0052596182369835,-0.0274651071566864,0.0204545340287731,0.042615559681195,-0.00644084629525
2019-05-31,0.0015930672510242,-0.0591347966317469,0.0242990772053892,-0.0133503076754392,-0.011278142893062,0.0163717247335652
2019-06-30,0.0015033434339559,0.0359860478551898,-0.036642341896407,-0.0086081178604238,0.022747721190711,-0.016283777408779
2019-07-31,0.0016544035006369,7.609657142637616e-05,-0.0276644197844802,-0.0161026731074316,0.0115879628165372,-0.024314115878754
2019-08-31,0.001605892555341,-0.0123948566867024,-0.0015562240643954,-0.0634712402031394,0.0072784429157354,-0.0369715623139158
2019-09-30,0.0014877352593158,0.007180803697151,0.0109862526084495,-0.005628968670735,0.0184329987525904,-0.0174532051316549
2019-10-31,0.0013708592192871,0.0144839398414364,-0.020499426166802,8.52262173646201e-05,-0.0099611317268741,-0.018006756556597
2019-11-30,0.0017217662267767,-0.0172230799308155,-0.0114388265382729,0.0039776806380633,0.0053063344680464,0.0030682955603213
2019-12-31,0.0018272875993345,0.0652806867165964,0.0171657446324421,-0.0138588204807197,-0.0077881927688077,-0.0047203111293468
2020-01-31,0.0012648863356286,-0.0130577672735207,0.0273605665523158,-0.0425866432264369,-0.0011093408528948,-0.0237624024021776
2020-02-29,0.0014262528744191,-0.0138278232558496,0.0262461830531249,-0.0434355199609744,-0.0158478121426837,-0.0256654508829606
2020-03-31,0.0012985573952917,-0.0546652140701406,0.014034816102404,0.0220726933934869,0.0134011480662319,-0.0015799571144747
2020-04-30,0.0008738700480288,0.0452723041328986,-0.0286303748260392,-0.0433670507629038,0.0286648940748092,-0.0449172979198148
2020-05-31,0.0006931308763156,0.0013070631190179,0.0278875798780488,-0.0362950394674919,0.0069395887819889,0.0024443792628174
2020-06-30,0.0010256495770306,0.0736420305603651,-0.0096851673644372,-0.0797768975545466,0.0242605314528959,-0.0365952613760177
2020-07-31,0.0014681802780271,0.1266635774712137,0.0099831772147807,-0.0391738313253274,-0.0194544673236406,0.0047550317178248
2020-08-31,0.001500056765302,0.0249686122506413,0.0174156019524581,-0.0118179296282867,0.0154960916663356,-0.0166304438617145
2020-09-30,0.0016147499887986,-0.0530128889970549,-0.0216550035362996,0.0143978448120286,-0.0006270930117222,0.0105067989824235
2020-10-31,0.0012464810973986,0.0127575362358403,-0.0023036605826742,-0.0175158183892633,0.0114272313882137,-0.0053684752843775
2020-11-30,0.0017435006587918,0.0432440918007479,-0.0367079668852772,0.0638837608298421,-0.0216982693133123,0.0246320940182824
2020-12-31,0.0018451878736409,0.0212588792141614,-0.0600107856453966,-0.0508986197140733,0.0102547055403514,-0.0359776834526944
2021-01-31,0.0014425765720815,0.0020166049807686,-0.0911928290762554,-0.0226637412732609,0.041982909271026,-0.0162969649974301
2021-02-28,0.0011549782186615,0.0035542152298719,0.0329015842580403,0.0583908152610854,0.0077527630801099,0.0154919716059477
2021-03-31,0.0017124557097545,-0.0239587801459215,0.0517660924118297,0.05950242665217,0.0108071668457351,0.0236055354864651
2021-04-30,0.0014998921461435,0.0119320488198493,-0.0014192386169953,-0.0341220802886086,-0.0063052391543346,-0.01585977361221
2021-05-31,0.0012390531597328,0.0489500182367053,0.0124486569545692,-0.0210170381556694,-0.0461849006458774,0.0189346111255593
2021-06-30,0.00141053560496,0.0064959386634886,0.0274142375692478,-0.0497230504199575,-0.0220315244482222,-0.0041090051948214
2021-07-31,0.0014583565647721,-0.0408402442658734,0.0513665697344109,-0.0409257176904471,-0.0712538023735726,-0.0169046934986302
2021-08-31,0.0014250505220472,0.0337609062469159,0.0188558980959026,0.0850819231199987,-0.0490172525648071,0.0476401731124505
2021-09-30,0.0013028329627793,0.0016480958767679,-0.0273903634673183,0.0547363914168934,0.0347432898613962,0.0148327892547664
2021-10-31,0.0010666754401778,-0.0013372155524228,-0.0171972470108149,-0.0692022642659057,0.0047938802545124,-0.0481350025980655
2021-11-30,0.0014873287462344,0.0153704002859713,0.116907833513787,-0.0592805340048296,-0.0181740858509479,-0.0230394349552079
2021-12-31,0.0015731824361155,0.0172144744971394,0.0101555986322557,0.0569316503564214,0.0106055259734587,0.0310844521310409
2022-01-31,0.0012943545641068,-0.0811767461050849,-0.0167272653031518,0.0686844363150852,0.0169503068241941,0.02075072367819
2022-02-28,0.0010569890913119,0.0265103217344693,0.0297538183150822,0.0159798676802582,-0.0285924298571187,0.0310920993567295
2022-03-31,0.0014918853588159,-0.0643459484816777,0.0280695590770364,0.1056282120590803,0.0024794933228156,0.0285901266640006
2022-04-30,0.0012062228884952,-0.0742444238752256,-0.1025685862186242,0.0470293875365285,0.0542924692780603,0.0026368076669689
2022-05-31,0.0010894384745145,0.0517288951756627,0.0687964886277867,-0.0537784161149819,-0.0327510131487498,0.003861537606322
2022-06-30,0.0011516722176112,0.0861388020128122,-0.0009981724677646,-0.0949497157297862,0.0051613183655166,-0.0631740367537855
2022-07-31,0.0011201586874292,-0.0296190949574884,0.082963970475009,-0.0078034010916976,-0.0225282679863976,0.0026525850310996
2022-08-31,0.001035707157549,-0.0209342368932038,-0.0281862481308535,0.0426781004401886,-0.0023284515054419,0.0182173315175688
2022-09-30,0.0009285747273433,-0.0641688610284324,-0.0280396897300267,0.03496604278403,0.0165545886892585,0.0081675178310482
2022-10-31,0.000746617333311,-0.0355035820431282,0.0763757328236447,-0.0454828756656987,-0.0535588640345835,0.0179836456120705
2022-11-30,0.0012128930052652,0.0844849817437229,-0.0130441457178437,0.0670661606470253,0.0144708199563027,0.0222557563245693
2022-12-31,0.0013989605596791,-0.0171055434102807,-0.0221747771399768,-0.010159154921157,0.0140717114958011,-0.0147949414223888
2023-01-31,0.0010356256932475,0.0628443496066524,0.0181614375296107,-0.0458279634731775,0.0083186368202664,-0.0210658931899974
2023-02-28,0.0013068104906857,0.0029436752354559,0.0375685870235949,0.0084185556882017,0.0072047163611427,0.0184407980538229
2023-03-31,0.0015624814789036,-0.0009657931864823,-0.0204977194833134,-0.0057486275255596,-0.0195308429128646,0.017703195009396
2023-04-30,0.0012625078237491,0.0053418144969734,-0.0441852551958094,0.0870566940147883,-0.0025184109212857,0.047032595623455
2023-05-31,0.0012604800662188,-0.0317071482571532,0.0472108400770593,0.0055533309915018,-0.0130335377575112,0.0026928951521235
2023-06-30,0.0011814021730753,0.0115663433883363,0.0281836739549539,-0.0137388017095841,0.0249120661180499,-0.0147211539418632
2023-07-31,0.0012178838238088,0.0321663219529571,-0.0322055564407825,0.0592499745090007,-0.0084540555500585,0.029873718693026
2023-08-31,0.0012926889262174,-0.0511376853805193,0.012730962331089,0.0012683580612189,-0.0015570638314609,0.0109728563644706
2023-09-30,0.0011877928565968,-0.0055688971515872,0.0122696514686531,0.0239438915731599,-0.0004965353048395,0.0018099292685008
2023-10-31,0.0010919853959037,-0.0250597508117936,0.0234779319236713,-0.0107426120896961,-0.0222774172096039,0.001437076744803
2023-11-30,0.0014803352931314,0.0013000649095196,0.0526983533825884,-0.00604433584859,-0.0090760687000092,0.0166627611695289
2023-12-31,0.001481811710867,-0.0157715192213291,-0.0023793596262171,0.0095358235846263,0.0181623635318844,-0.0070483256595581
2024-01-31,0.0014489462673945,-0.0825584998567494,-0.1271097266175637,0.1369923178140864,0.0362984705903902,0.0218552337671938
2024-02-29,0.0009365158725538,0.0830806908216272,-0.0576559248055646,-0.0636027904929449,0.012519716147423,-0.0281699138353347
2024-03-31,0.0012448469171626,0.013486705748144,0.0574968652566209,0.0002618030672033,0.0006202860473624,-0.001734157957506
2024-04-30,0.0011328831281607,0.0163525579008267,-0.0471544428044462,0.0188927612634258,0.0416363541563208,-0.0194367718542067
2024-05-31,0.0010801976878405,-0.0074440157024866,-0.0034458146272891,0.0218376877199804,0.0168739702282594,-0.0048782042329787
2024-06-30,0.0010076587344338,-0.0315781043194098,-0.0666416985441034,0.0117581025724663,0.0202266964002751,-0.0158570244987523
2024-07-31,0.0011950112144856,0.0002133659784113,0.003683021539236,0.0262947538954663,-0.0470516227361593,0.0289700665632569
2024-08-31,0.0011113424688333,-0.0294958509652536,-0.003459270727146,0.015449601040376,0.0080076408808646,-0.0041985454728765
2024-09-30,0.0009624933383025,0.1895544279296639,0.0397808647535593,-0.0658883729877783,-0.0439967506140039,0.019132721984162
2024-10-31,0.0009184529011312,-0.0017038040770948,0.1072146948488064,-0.0414524351946044,-0.0983386878501671,0.0370520359514933
2024-11-30,0.0010722183040465,0.0128260671834579,0.041200074017837,0.0078628864208769,0.0077029809346595,0.0009860425358694
2024-12-31,0.0010431546074316,0.0029502258761857,-0.0696210172796575,0.0335651708768539,0.0297208809086406,-0.0240545159554637
2025-01-31,0.0008251843893452,-0.0261051651960365,0.0145779514544377,-0.0211521691665334,0.0071371667091981,-0.024246725413505
2025-02-28,0.0008741715892035,0.0309201017875788,0.0629089246077587,-0.0584730022136211,-0.0476683262697634,0.0121790390444079
2025-03-31,0.0011353393739741,0.00152238078629,-0.007120903423416,0.0127089375011723,0.0424140077516613,-0.0252700773545501
2025-04-30,0.0010299568464544,-0.0231164003098371,0.0026902545078021,0.0191715064311646,-0.0049453265719722,0.0051352775345199
2025-05-31,0.0008668488816421,0.0243086039572133,0.0445992934734056,0.0173104342404626,-0.006639715969946,0.0083947947209238
2025-06-30,0.00089783473181,0.0401057292383504,0.0281813965198444,-0.0143985126868236,-0.0209043125518506,-0.0006414429407887
2025-07-31,0.000989056586047,0.0411678442008254,0.0056541224770203,-0.0019483309061656,-0.0154812814853477,0.0021902112062276
2025-08-31,0.0008933496771141,0.0883412897197561,-0.0168216105086594,-0.0974357361402673,-0.030646383802111,-0.0241670826036722
2025-09-30,0.0009397637132002,0.0146047081078892,-0.0127829770220674,-0.0277036506130586,0.0137216452645972,-0.0236023109438816
2025-10-31,0.0007398190883534,0.0127016188473247,0.0054336140753732,0.0576450097544754,0.0036066598097008,0.0045861170914885
2025-11-30,0.0008673571449822,-0.0151401673075309,0.0216973730417016,0.0255027217901693,-0.0063296760397157,0.0098158580023955
2025-12-31,0.0010033633595878,0.025088382836675,-0.0067173393892845,-0.0245458933548255,0.0071723833984301,-0.0124623938383378
2026-01-31,0.0008754953835041,0.0408010598219632,0.0282121130272078,-0.0241503849072961,-0.0202601912015985,0.0022088055750678
2026-02-28,0.0006061568255026,0.0144913611587687,0.0308969900779402,-0.0024247652285729,-0.0165460214828747,0.0037047726953456
2026-03-31,0.0009260473981287,-0.0618189558782746,-0.0245417994855053,0.0567316751838759,0.0495574084190989,-0.0307248784997672
2026-04-30,0.000838,0.066354,0.00926,-0.072614,-0.038105,-0.027005
2026-05-31,0.000695,-0.00263,-0.033084,-0.057377,0.006525,-0.057759
2026-06-30,0.000817,0.006111,-0.057329,-0.109989,-0.042054,-0.081907
