fund_code,认知能力,配置选择能力,风险应对能力,风险转化能力,交易执行能力,综合能力,ff5_alpha,quarter_return
11,-0.4487594336531919,-0.4658471542134717,-1.0466137503855215,-0.3959652153355031,-0.7710356547715147,-0.6256442416718405,-0.0084148888388725,0.03782543193051595
17,-0.1012428736727977,-0.5417444229896197,-0.0432253467435213,-0.33845629398625937,-0.15326931342273653,-0.2355876501629869,0.0164847649949621,0.08224863054242942
20,-0.22785348413111528,-0.7758933834479617,-0.5428378792073908,-0.2103057808643445,-0.6887805105951164,-0.4891342076491858,0.0095254252166679,0.04049729068764611
21,-0.017165221856358538,-0.11276423012902967,-0.33991602343882843,-0.17072280390354577,-0.514361573877404,-0.23098597064103327,0.012186250420382,0.04696746634942339
31,-0.1934121455215225,-0.1112149709584776,-0.5190001526290804,-0.6470270838488713,-0.24901902848202584,-0.3439346762879955,-0.0132287624758803,0.01968800601577388
61,-0.17956032700082133,-0.3238750480936435,-0.4593409650165264,0.12773069866345801,-1.1834423607512872,-0.40369760043976405,0.0345973353470991,0.06297880604274846
73,0.07880018923914156,-0.8016296953483772,-0.5592501881919258,-0.4123738971863234,-0.6868433969468685,-0.47625939768687064,0.0298618339942805,0.045911021088867285
263,0.05019848649375872,-0.337855234266604,-0.24948364299098597,-0.02176580909964279,-0.5021481640639311,-0.212210872785481,0.0289038419962925,0.06274734977360663
308,0.11105241346563988,-0.8416983925315817,-0.4405856442414006,0.24909108514546063,-0.6836120936994926,-0.3211505263722749,0.0201569034228364,0.06701470402567883
327,-0.5740339300579482,-0.588104873887249,-0.25893830952470825,-0.08708506690491734,-1.1621073843809306,-0.5340539129511507,0.0113605716679312,0.055551375266747756
354,-0.06076139924634497,0.20529337371106784,-0.7573588494826684,-0.30087688427403114,-0.33375856677011273,-0.24949246521241789,0.0011142615429632,0.07837980871846824
390,-0.20178851175745702,-0.5167715946322504,-0.36965904054385146,-0.20566453842167756,-0.23532782921789663,-0.3058423029146266,0.0194793348007424,0.03490323585226159
404,0.06838851153131431,-0.14682808892641516,-0.21987405296126275,0.20629052742310874,-0.15458240796449407,-0.04932110217954978,0.0334394588103164,0.07456792333480927
522,0.4737929195849874,1.6871507984807326,0.20524717972385081,0.42870562934919243,-0.12550693076385336,0.5338779192749821,0.0574214690458094,0.08261618718108725
601,-0.23110573670461684,-0.5821941580475649,-0.1709383468041053,-0.2791290585040303,-0.671144376193338,-0.3869023352507311,0.0247740204065876,0.05907417675071679
742,0.3921739430352326,-0.5181648164494915,-0.04847758808730687,-0.001931318294348297,0.02317069285414669,-0.03064581738835348,0.0094496121602618,0.06329573470518761
800,-0.2704366674392541,-0.7844094587006503,-0.6754183298721271,-0.2669010244664862,-0.09882976974583527,-0.4191990500448705,0.0043489068422433,0.036363306179423
823,0.18612584834162751,-0.22598229880932894,-0.7193851304348441,-0.457642741734487,-0.21365981741004103,-0.28610882800941473,0.0094689412426303,0.045963712643709145
845,-0.23635499079653458,-1.30908719713118,-0.18007894689401888,-1.0305956908381058,-0.257113305761562,-0.6026460262842802,-0.0096163974742206,0.029289809611554425
940,0.2759988587354378,-0.7153913698392402,-0.0633109700790851,0.5122400865217234,-0.6417450882723367,-0.12644169658670018,0.04073026627286601,0.08203588514287966
1000,0.8234298915691122,-0.0839536673954134,0.3250659440497586,-0.43919989470140397,0.05045501616587219,0.1351594579375851,0.0275394459193409,0.05025244566005076
1037,-0.2930822241912769,-0.5251954803350954,-0.1609003420240058,-0.7557372994091304,1.1281693941591895,-0.12134919036006382,0.0044610465246065,0.037869040045286614
1060,0.08536690899821586,0.07280310826348536,-0.16867404349835097,-0.03349205163126339,-0.28633408668621807,-0.06606603291082624,0.0193381303205619,0.050195422960762195
1075,-0.503607329641255,-0.5673248620527283,-0.29644574444532384,-0.30581096253398654,0.7905196989506977,-0.17653383994451918,0.0193667332588229,0.05289960225350897
1076,-0.003052789789872279,-0.21212716400317494,0.12672154045538586,0.2507610468859546,-0.7941701854714054,-0.12637351038462244,0.0359882904287955,0.06916001417415465
1088,-0.49495765943896575,-0.877105235675623,-1.0682645131418114,0.02975617239815806,-0.9268186631455788,-0.6674779798007642,0.0099084712319878,0.03721540944293178
1170,0.22586095871219602,-0.8502260812343231,-0.452769311680001,-0.32662254266172025,-0.06878165120013957,-0.2945077256127976,0.0230825530010874,0.058539167300752606
1184,-0.15845621371489624,-0.6616004082877229,-0.3100855812013597,-0.8371555439157089,0.07413917995774816,-0.3786317134323879,0.0055573141940628,0.04026706389307427
1194,0.3881201619058734,-1.2231853922207558,-0.17725296060095236,1.1553859962600301,0.22576873966164007,0.0737673090011671,0.0471055233046176,0.05804224671654191
1198,1.1452558622958087,-0.5907478648956737,-0.08154065827150891,-0.5397822869833123,0.9161160662717018,0.16986022368340312,0.0216410769014476,0.04924944870532053
1267,0.29442906612493375,-1.2608081244779967,-0.4455643103445299,-0.568665371809677,-0.45656489971674163,-0.4874347280448023,0.0147682793306558,0.036186587884820993
1407,-0.6804992510423634,-0.882040432324358,-0.07067811625670489,1.1010957985042524,0.45887107588684684,-0.014650185046465447,0.0456990060087916,0.05686080883466666
1411,-0.4024772083593484,-0.7701951440775152,-0.4802866927890555,-0.2982909560880888,1.3313077020641386,-0.12398845984997386,0.0207264845833167,0.04048633982025569
1412,-0.4368817699258636,-0.7552302802583166,-0.26056541014608364,0.29539474493624923,0.054782058873567185,-0.22050013130408946,0.0435415798796138,0.054766589858850946
1437,0.4432892532300721,-0.7278696274640826,0.40572413798524,0.6311232420422382,0.6585448603826164,0.2821623732352168,0.0593786015805047,0.07610539002532694
1438,0.39234997913422215,-0.7388308079739879,0.051525578433526786,0.4929540565055776,0.7457262003429757,0.18874500128846286,0.0502021692969099,0.07088929991178981
1475,-0.5886969438643134,1.5922132759342313,-1.0165370439012653,-0.13941523203363212,-0.8197149377369132,-0.1944301763203785,0.0013426567563733,0.051814653868368366
1480,-0.5310855449274247,-0.7620457377990946,0.31430705468742093,-0.06488177834904862,0.902165086417563,-0.02830818399411683,0.0399517113148676,0.07575910339873136
1513,0.38623444817439423,0.5760231832914234,0.21413588564392083,0.08893923678963676,-0.5859625451894913,0.1358740417419768,0.0467116104318334,0.09898568647874012
1664,-0.23985436757394876,-1.2094627926579342,-0.623830327669673,0.23734078815807683,-0.5242211094105725,-0.4720055618308104,0.0106987988722928,0.04870293788573624
1665,-0.2402939847529948,-1.2110811407221689,-0.6238761989128022,0.13789877413066878,-0.5242211094105725,-0.49231473193357395,0.0095692848150145,0.04757436405320851
1702,-0.29757812088505425,0.6461566414487961,-0.5485676721409803,0.23915341252185263,-0.42961183877499837,-0.07808951556607684,0.0215979835834719,0.08341379340401091
1715,-0.04704734680966277,-0.909064007661751,-0.5030366763177643,0.32659153409241165,0.5128566189775535,-0.12393997554384255,0.0355899850324437,0.04938905528331854
1723,1.4568196659030626,0.3456052788550462,-0.40827437032680064,0.0208506986980965,-1.0353762573883627,0.07592500314820842,0.027173834256919795,0.06843566584931868
1753,0.14279956176646727,-1.151514141724536,0.20947688993966948,-0.4340785589967943,-0.6924893818188644,-0.38516112616681164,0.05315957277952979,0.06068986837013128
1759,-0.06865560578602106,-0.5701263690094773,-0.33700284186786594,0.05373530330061583,0.036458438003134586,-0.17711821507192277,0.0059405694618421,0.052143011390848495
1811,0.27084471157965256,0.05705687586113234,-0.3101914271974495,0.04640293457661265,-0.16764957059567032,-0.020707295155144457,0.0295950408943053,0.06213673766953271
1856,-0.6293008526558773,-0.01105377714656064,0.14816665535981002,1.0721324569195483,-0.6924893818188644,-0.022508979868388825,0.0381132262994896,0.07480388560870063
1881,-0.4409384785411317,-0.6892781667472274,-0.3748450250260262,-0.07541530269196707,-0.438574300126151,-0.40381025462650066,0.0176115317554051,0.0364531602267963
1985,0.07098760136434225,-0.4406521494097753,-0.488480321788473,-0.06323949745837587,-1.0169764689656333,-0.38767216725158304,0.0164904967550533,0.06143335844346925
1998,-0.09806886446822706,-0.8923631799587626,-0.449092184615989,0.2329925101068128,0.326997386754315,-0.17590686643637016,0.0340359479893788,0.04781272552214588
2051,-0.3943063222640531,-0.7233056705567618,-0.8241050828424785,-0.3396025603063764,1.7155180811590525,-0.11316031096212345,0.019168136020958,0.04180935824774881
2112,-0.4177565512208044,-0.7466079149451075,-0.4232233668500339,0.3221764076730908,0.18826165895084168,-0.21542995327840261,0.0410840981359171,0.056625587611450846
2125,0.1850688321792403,-1.066100097423998,-0.24098389592539587,-0.7478017109244631,0.265379325140274,-0.3208875093908685,0.001950677708882,0.04823147683666847
2152,0.1321088634128799,-0.5323986672360032,0.31551140057812993,0.4097950433912971,-0.4820143105342176,-0.03139953407758278,0.0420819081333534,0.05635020486664758
2163,1.7989975959056206,-0.6543051699133489,-1.2274896205059855,-0.9752412604770724,0.8860840211333817,-0.0343908867714809,0.0333941350822328,0.05935936417356669
2244,-0.8781399334872101,-0.469076481349311,0.1812302942144693,-0.32055901367496736,0.654851921455814,-0.16633864256824107,0.014968761854289,0.041499874485500375
2376,0.08154230229927269,-0.8631636175633637,-0.24259721942588924,-0.7014550180463486,-0.21565358962565495,-0.38826542847239676,-0.0051890261597323,0.029723958164317128
2420,-0.07826422670399891,-0.03207452370640876,-0.11946129406629066,0.26718875058875374,-0.0698062657875248,-0.006483511935093877,0.028484011467578403,0.03906755272355144
2450,0.2502927974290066,-0.4645652870317851,0.009114349006129084,0.10771900536602734,0.9466993442432853,0.16985204180253263,0.0186145566771846,0.05260854994829756
2451,0.3077462256853974,-0.4524450343396202,0.011254571968747545,0.2652711280443567,0.9846290590618576,0.2232911900841478,0.0233036862837639,0.05539475152168175
2692,0.21717690579609142,0.8072902799148624,0.16137365526074687,-0.6159931952189114,-0.8837361591607771,-0.06277770268159759,0.013175884085027099,0.08159781061313451
2910,-0.3454946845648735,-0.0848066046072499,0.07147842210583422,0.6151480543699783,0.06157322654771846,0.06357968277028152,0.0281094749503532,0.07355848803897073
3567,-0.128983729212609,-0.44224373294005137,-0.7479526914774625,0.5904326181708988,-0.712810689706967,-0.28831164503323825,0.0503623635101491,0.07931610137101962
3857,-0.07578661922432764,-1.4583334628109745,0.21787509192807492,0.4619019461401836,0.6962615867198225,-0.03161629144944422,0.029847331736130103,0.06814443967681809
3858,-0.06569484127035265,-1.4590620812089983,0.22023069099162254,0.43812603239845666,0.5788992948258036,-0.057500180852693636,0.0294571018394105,0.06775127189722144
3961,-0.17240484717227197,-0.06403483466564647,0.2723122955613713,0.8350125223420771,0.7460012461255594,0.3233772764382179,0.0254938973250571,0.06547415295233446
3962,-0.14729399558738113,-0.09606492925970403,0.2973579505540608,0.8252000152970221,0.8465431786982707,0.3451484439404537,0.0248627711471396,0.06546791414036518
4148,0.020974040709153374,-0.42002880153963573,-0.5405032784634317,0.08183167338393216,-0.3834844792129526,-0.2482421690245869,0.025793532719058,0.053230448826177584
4232,-0.6194897207485214,-0.851489942608542,-1.2703615641413677,0.21102835132983336,0.5473930274036769,-0.39658396975298416,-0.0094053448255705,0.025557022478927563
4320,0.073158728521876,-0.18203972146914177,-0.23314563845050262,0.09782347094970617,0.2147394850618914,-0.005892735077234168,0.0368000398299674,0.07699133360639529
4374,-0.4336754828117386,-1.3172125073365424,-0.9196069612218158,-0.20373441846423926,-0.3297887502266475,-0.6408036240121968,9.507252347873168e-05,0.04849095065150414
4375,-0.4336309838682988,-1.338253624228635,-0.9194949310854738,-0.22490263543517433,-0.33764704025140374,-0.6507858429737972,-0.0004091353196684,0.04797304749965156
5001,-0.5919389476816063,-0.5091109805491476,-0.48546009545897023,-0.28264091778925143,-0.3647651691384495,-0.44678322212348504,0.0006030114535253,0.03415583489537603
5094,0.27392156136801743,-0.4216966409788613,0.35422206865933226,0.9992058999758934,-0.25546235889480023,0.19003810602591634,0.0405594173372208,0.0797374653750349
5119,0.28117044277042347,-0.1228295200444443,0.016758165790860202,-0.2709752119606786,0.11431700033202741,0.003688175377637637,0.0225235291752134,0.07395531207826266
5136,-0.38711341280082334,-0.6701707444226106,-0.4927788615001306,0.1886944273315285,-0.8308312757724527,-0.4384399734328978,0.0261705713285148,0.06798581017317502
5207,-0.19560781848289185,0.15221765196223774,-0.24849657348066673,0.3238007702916263,0.4353242738457623,0.09344766082721354,0.0179153570906287,0.07282647465958882
5449,-0.44583640535359886,-0.917897268548495,-1.094875580059022,-0.5466304583937299,-1.2420292591597009,-0.8494537943029095,0.0067098275109251,0.04072508944291137
5550,0.4548601433069293,-0.279356434917837,0.08373200832253386,-0.3935328555943292,0.29540906484580054,0.032222385192619496,0.0180931787035083,0.06576901243755626
5551,0.47543595241834785,-0.2789223304481992,0.08212143867206967,-0.4684576135502058,0.3159924444551154,0.025233978309425576,0.0160125380194703,0.063613820087087
5729,0.5474186940044161,0.25112742522055015,0.12945745160683003,0.23699545213196493,-0.46947202536156907,0.1391053995204385,0.0327193003139594,0.062386570545508925
5765,0.2707785364033148,0.04577109301159342,-0.308850456314697,-0.018838989467302485,-0.16985853213962798,-0.03619966970134385,0.0276215091452218,0.06001897638079182
5774,-0.4024354437388358,1.4571694263605657,-0.4090985247828454,-0.13254729412431787,-0.45301092802911846,0.01201544713708964,0.0226460265132667,0.07216935970880899
5775,0.22660070099591265,-0.6537716528166462,0.059372218468774676,1.4317402190346966,1.1590299630082581,0.44459428973819914,0.0533670321473608,0.06265784029460982
5776,0.28019226696481353,-0.6543584470923324,0.050373974014689536,1.2952067098517963,1.216796229965467,0.43764214674088675,0.0513186242437676,0.06049823905097536
5787,-0.4445968888160235,-0.6892781667472274,-0.375401307131899,-0.16040497704293546,-0.440222470147073,-0.4219807619770316,0.0156673806682173,0.034429731245376106
5819,0.3767413044188086,0.8002972489597153,0.5437297456225115,0.25797117306353384,-0.11634401268872686,0.3724790918751685,0.0417495132421089,0.09184606816107095
5844,0.03568374503763299,1.6595846823263076,-0.44077686898345686,-0.5594016792153843,-0.6562811450418071,0.007761746824658489,0.0006174630752206,0.08185504386607621
5875,-0.21725527916924472,-0.3844617837821674,-0.034508436652307184,-0.731494875044485,-0.599408255874958,-0.39342572610463244,0.0035421221600611,0.06543565584263066
5903,0.5980623576811137,-0.3157353793005637,0.2548466286096481,0.14119247439119553,0.46961199548281235,0.22959561537284118,0.0346191411652569,0.07305619664402985
5914,-0.008705565317759864,-0.9066053604470934,0.3321411540810795,0.16771070696665322,-0.584032851463141,-0.1998983832360523,0.035179814544973,0.08653827975910115
5939,0.42137197986067315,0.6917162802598206,-0.39759876745448375,-0.015210267421702053,-0.22898771334200388,0.0942583023804608,0.042790873014152506,0.06532703817028072
5940,0.4222479553447858,0.7153535028597915,-0.3965684146692703,-0.05113697830693667,-0.26260880231886796,0.08545745258190048,0.0417783629973911,0.06428364120050262
6025,-0.10774542401878051,0.28041823728366677,-0.13589027640763973,0.1971247074801874,-0.5988917680839598,-0.07299690474930517,0.0146254996788066,0.06757872926801319
6154,-0.1807520010511553,-0.1240095576436482,-1.1523140245702785,-0.1453475321094661,-0.6674891411412088,-0.45398245130315146,0.0081414797397176,0.06772527417296527
6250,1.0042090391195844,0.7002152705888016,0.11157866666545685,-0.03001049355571135,-0.614975731280874,0.2342033503074515,0.0398412518008718,0.06355628177457374
6271,-0.3003091767791526,-0.25224038083999767,-0.9354537946959093,-0.2591270458302623,-0.7371502437825423,-0.49685612838557286,0.0021647206739474,0.05015920711406406
6281,-0.02312330927481591,-0.04243702940265448,-0.06043746473373718,0.5053839233306182,-0.34815789358144555,0.006245645267593014,0.05491400555898,0.08447534374139491
6314,-0.4970373419600594,-0.8992111643897224,-0.7103056883582135,0.23669859176756378,0.35958113540090486,-0.3020548935079054,0.0190080316043888,0.053104296730473205
6315,-0.4970373419600594,-0.8886389577285931,-0.6914215289983118,0.2097860121771351,0.25518439822619726,-0.32242548365672635,0.0181277395456428,0.052319803536100336
6522,-0.32909241551026885,-0.8706287363146024,-0.28145608347390594,-0.21365126398136672,-0.1833235663841839,-0.37563041313286555,0.0066685171181609,0.07947649288765456
6523,-0.32950786267631793,-0.8706287363146024,-0.2848084606745489,-0.29518312615445647,-0.18509640265773372,-0.39304491769553185,0.0044709233362879,0.07719764346700199
6533,-0.5352983802061455,-0.10684627468230112,-0.3858419133335907,0.7749976451233435,-0.6669603572724879,-0.18398985607423635,0.047943811963018494,0.10117730290796419
6615,-0.6868495661866753,-0.2494986289081369,0.1810752062144132,0.11277414091901954,-0.4633573562436927,-0.22117124084101442,0.0421722019816065,0.08074721397369222
6616,-0.6867815408492483,-0.25217421995621103,0.17891566989951152,0.07518092064716497,-0.4616783554672468,-0.2293075051452059,0.04123749515301879,0.07970802664134716
6769,-0.14204122029568428,-0.8380205067121189,-0.1837208370175619,-0.40017895646289753,-0.7122818327007412,-0.45524867063780067,0.0051328128007715,0.03434134204000362
6887,-0.5016292198555359,0.19789643062440823,-0.06407666608463762,-0.4798290715273703,-0.7277873839746578,-0.3150851821635587,0.0220129956510113,0.08246958469958986
6888,-0.642660449887207,0.19398386139972115,-0.05886087459031167,-0.4825608875802821,-0.7545541842864669,-0.3489305069889093,0.021929657693006,0.08233114354228253
6904,-0.4139467694305736,-0.5701331178342759,-0.7204469765145384,0.1366799430547456,-0.6809320019238955,-0.44975578452970755,0.0213415121179596,0.054273378724248214
6905,-0.41415692679325716,-0.5491805426834783,-0.7279595516291324,0.14294538953137462,-0.703650678984478,-0.4504004621117942,0.019958596302428196,0.0529052440473971
6969,0.14861196029106896,-0.16662343851759742,-0.23945651676002785,0.005900790521568461,-1.083301413122796,-0.26697372351755677,0.034462987286061,0.04983155375901064
6976,-0.6206088075796937,-0.5442722804290011,-0.8850532269316924,0.33013371946902187,-0.011941777062084907,-0.34634847450669,0.0030471789401624,0.06876852844367955
7049,-0.21557066209350642,-1.1497349373436694,-0.6192249632592943,0.2055272229622481,-0.20455984159791163,-0.3967126362664268,0.0104020065265001,0.048368123470859364
7113,-0.3516356174488837,-0.4939677424207891,-0.21721749833603038,-0.4589887383415568,-0.45698955907394134,-0.39575983112424024,-0.007358893081740899,0.06680192720285379
7114,-0.3220514983683542,-0.49917038249628276,-0.20813854690971115,-0.47990099838389266,-0.42533573748449993,-0.3869194327285482,-0.0079559135186638,0.06626934098894986
7305,0.48948464507199113,0.4128194125047179,0.6395738462640845,0.43400706486455326,0.4125369570978109,0.47768438516063155,0.0122866362965343,0.0704242329391896
7340,0.12179627185796031,0.3718741358199105,0.25014414209639335,-0.12460338466242565,-0.2275049221450063,0.07834124859336647,0.0239576516023514,0.060460754753881435
7341,0.12166849232845293,0.3807109408117469,0.2549088180364192,-0.1971547008088198,-0.2262476713139747,0.0667771758107649,0.0219031045523169,0.05825087110845105
7343,-0.3659845080314752,0.2621418787406101,-0.21844247736840688,0.5309129541443031,-0.44886032588220975,-0.04804649567943573,0.0364658813893364,0.09090372302871412
7346,-0.06032296887884197,0.09946252750938717,0.3201747630334327,0.22650487866245364,-0.4129727653079889,0.03456928700368853,0.0560373816486776,0.08767616704854833
7349,-0.1176608468432674,0.2610738295701728,-0.0795215152527593,-0.4665565994353023,0.39368865011234894,-0.0017952963697614565,-0.0033993739330328,0.06941220084433786
7350,-0.25448191208821447,0.4001844260915837,-0.5440375138753268,-1.3497825280775642,0.39442939965340884,-0.27073762565922255,-0.0165622978751739,0.051390660426074264
7353,-0.31593458726328955,-0.3391069527838858,-0.40924431751861656,-1.1632013526584106,-0.5386762794212013,-0.5532326979290808,-0.0185234001310069,0.03679132519621377
7449,-0.2789037573036768,-0.24208438202093244,-0.7934562365013785,0.454194458229223,0.2131598391018999,-0.12941801569897296,0.0106113842612039,0.04994198845379079
7450,-0.4422412761340458,-0.24860366837077194,-0.7707733927177174,0.3902986203054713,0.34777778962313527,-0.1447083854587857,0.0091784177910204,0.04841798086874172
7490,-0.07758306811516003,1.4466167356401929,-0.536642217743928,-0.3315871788929444,-0.5337940100655183,-0.006597947835471541,0.0074374515095833,0.08592347680245015
7491,-0.0780800951065425,1.5141718265106299,-0.5084759569287258,-0.3513239439983446,-0.501529904852988,0.014952385124805767,0.0053984948993299,0.08363795763782551
7639,-0.41954986817234285,-0.6431292907496757,-0.5083947415599002,-0.13296983955611616,0.21815136530373785,-0.2971784749468594,-0.009249383909816,0.060435235119001736
7731,-0.41852255199629207,0.3726310622528187,-0.2529793468086098,0.3332591856802632,-0.26296390068404146,-0.04571511031117228,0.0179791639420916,0.05396440191978914
7895,-0.3610934881335377,-0.7494882053850984,-0.31550509355854206,-0.7513990846417293,-1.1765097457274063,-0.6707991234892627,0.0027070779812084006,0.024965514646658638
8185,0.018029192703641228,-0.3239095376232085,0.5226773201665258,-0.6183444090756846,0.38378277265382044,-0.003552932234981121,-0.0074382039301495,0.06079149017537404
8208,-0.6457779064658574,-0.41447253326886396,-0.5962884828399488,0.24895956409797296,-0.27092453968119595,-0.3357007796315786,0.0191571416184537,0.04902915443913171
8467,-0.6863079026283927,-0.41122958466394594,-0.6149811436393271,0.015963856962358206,-0.29177479274445767,-0.39766591334275303,0.0161639076453774,0.04453525221101422
8528,-0.0628563073716311,-1.192091905800033,0.14908555937027596,-0.601698738044966,0.5778032072999777,-0.22595163690927528,-0.0106957681568864,0.07772022121940894
8555,-0.08060941630126818,-0.7268275911056714,-0.08571104261952339,-0.6501736757921871,0.07427984602503135,-0.2938083759587238,0.0033973546185805,0.07220655403193345
8734,-0.11531828876441219,0.21313159869855516,0.10418573336647127,-0.0005997102660446988,0.5334574321155972,0.14697135303003334,0.0151252455904933,0.07104335246696723
8988,0.2774303924790677,-0.4203617869656135,-0.16225000110415877,0.284683595985733,1.0337995048078263,0.20266034104057096,0.0428614500549803,0.10677678270759358
8989,0.2774270640649949,-0.39880632415176315,-0.17445611002827266,0.2507014144179722,1.0337995048078263,0.19773310982215153,0.0418353149511181,0.10569385310855826
9049,-0.11402683863217332,-0.22486736805405214,0.20779106955820792,0.49757102991006114,1.1811744588639936,0.3095284703292075,0.0329709264115956,0.07898902088565508
9062,-0.10382832611042588,-0.6845633655148171,1.2450226671489775,-0.2128275860570974,1.2912200880359443,0.30700469550051623,0.0256743948552309,0.08870393589611938
9063,-0.09257688471478931,-0.6809645247088248,1.2413781907969552,-0.17483133383941343,1.357762270752486,0.3301535436572827,0.023616281665645503,0.08653692710038507
9242,-0.327042175322437,-0.260874624559104,0.3909232710510371,0.6146565138397864,1.7495240062522275,0.433437398252302,0.0278539936319685,0.07386952960091701
9243,-0.38717743236442564,-0.2598909749204897,0.38919435520231793,0.5595770427164998,1.7097801924282734,0.40229663661243514,0.0267336053243368,0.0727540118742057
9707,-0.07106158047658133,-0.3624144530147033,-0.35819029525218127,0.5731125953272732,0.7055458120175753,0.0973984157202765,0.0380681713736838,0.1045564990684587
9708,-0.07107293725922563,-0.36370246522128896,-0.355537236535165,0.5354673234198439,0.6805359483079747,0.0851381265424278,0.0370220395263921,0.10344901947076784
9808,-0.4297940373953691,0.25865732482044634,-0.0675481891949421,-0.626882939398961,0.6432505609543424,-0.0444634560428967,0.0197974039453076,0.068603767381107
9855,0.5383404108972184,-0.5857534284465763,0.653259052651588,-0.11560469601369965,0.623317577242133,0.22271178326613267,0.048877750818615805,0.08324804760491479
9856,0.5376042865270483,-0.5857534284465763,0.6526670690127745,-0.15518434397634875,0.623317577242133,0.21453023207180616,0.04778415235509,0.08215295758196563
9913,-0.290375565369896,0.4844192841217099,0.3789860466217542,-0.20439413492941905,0.2820059851644179,0.13012832312171338,0.0349548722132678,0.076412946664713
9993,-0.4203512434811179,0.2838764086689542,-0.07652598354798357,-0.27818073823003703,0.7735191001757022,0.056467508717103584,0.0080292007379845,0.06986786139646144
10115,-0.04623551658519195,-0.06866729537317466,0.36537901191204814,-0.10935745575699007,0.8488647253892262,0.19799669391718352,0.0135594787440172,0.09208032754907833
10237,0.046156011749427295,1.5930009230195217,0.3353949086436618,-1.276789664384779,0.3713659349444849,0.21382562279446335,-0.0017386282076819,0.06478430660502847
10238,0.03491828239131515,1.59267956402257,0.3343548859945169,-1.3192178593651802,0.4403090664609239,0.21660878790082916,-0.0030135817238213995,0.06349874068765425
10335,-0.22683853886992003,0.4685754100976762,0.3750254209624551,-1.2273757430779348,0.26348846157890626,-0.06942499786176345,-0.0122359057976574,0.05720048582471724
10389,-0.8709861867360386,-0.9973785847835992,-0.16671030891198468,-0.6549104049884574,0.7481196521622306,-0.38837316665156985,0.0044240242318653,0.03351103308923067
10390,-1.0663335312792397,-1.0087107001134965,-0.15618069826641381,-0.747911003523555,0.710536462274063,-0.4537198941817285,0.0024544969517176,0.03137125042244129
10415,-0.165632569516998,-1.015279851552139,0.10774396484713417,-1.6292997251138834,0.6266984424328229,-0.41515394778061265,-0.0077034964919926,0.07841305979034185
10416,-0.16642053786189007,-1.015279851552139,0.10674211430185349,-1.6644618940580926,0.6266984424328229,-0.4225443453474891,-0.0089446704456374,0.07713883134727807
10912,0.324246472953219,1.2713524292737133,0.8875046902050174,-0.9174624971520412,0.7342186798731936,0.4599719550306204,0.014624476419515801,0.06781371585864625
10913,0.3401237661121666,1.2712931943749064,0.8867541498782099,-0.965026019796699,0.7256456622759124,0.4517581505688993,0.013362716914863702,0.06652630045644113
11120,0.13568219416238006,0.8741440786034647,0.5920106360616211,-1.369753097123963,0.5071247947444562,0.14784172128959178,0.0075562812412971,0.06650812803495082
11300,-0.1426188905118688,-0.1568791864235956,0.285476595196991,-0.32190085407801844,1.621074449217493,0.25703042268020027,0.0342600355394938,0.06258517870197462
11301,-0.12161701596655873,-0.2509724827534687,0.2841879646668152,-0.3633729981729103,1.663487115055596,0.2423425165658947,0.0332321331250756,0.06152964123955404
11369,0.17175190670149668,-0.3264761432207789,-0.026740503138393268,-0.6592276360242696,0.9007343414634577,0.01200839315630251,0.004021816087455,0.10644983765456315
11370,0.17132433262057303,-0.30885478889831647,-0.032525712948792196,-0.7114461583410899,0.8662548100938479,-0.0030495034947555454,0.0025295039210241,0.10480933042606005
11399,-0.05630450209133636,0.324416900512827,0.4616209947452975,-1.0118676736112027,0.5824086486101889,0.06005487363315489,0.0074716375470087,0.056621433998345114
11400,-0.057478855998054246,0.32982120776014945,0.44903199610860756,-1.0652222006036822,0.629479125380494,0.05712625452950291,0.0062278225836241005,0.05530079597943835
11412,-0.053570981861403556,-0.11849439695878332,0.3949845497098874,-0.15199049707828313,0.9411241679836637,0.20241056835901622,0.012556927245114001,0.0910184574177061
11452,-0.15687830356829496,-1.1482032837750955,0.09621810566774977,-1.6928911794929267,0.542627257790181,-0.4718254806756773,-0.0167955363808253,0.062304651180750674
11488,-0.7048926359849436,-0.24120258919424242,-0.1352564012930401,-0.5137523169138464,0.5010802766868003,-0.2188047333398544,0.0081549304012393,0.06902121593327927
11822,-0.29477265464906416,-0.12563409833339884,0.5656554919442449,-0.6317024609709754,1.7692108520111967,0.2565514260004006,0.0432748501721663,0.06261068176968532
11823,-0.29550534110150717,-0.12805158498653596,0.5593608162548052,-0.6742091311909709,1.7690881875286746,0.24613658930089316,0.042213429124301,0.06155819140530946
11891,-0.23611947931830612,-0.3469298164314574,0.7985198076979751,0.09925553360731347,0.9768614983366983,0.2583175087784447,0.0409794292398733,0.10634123311651962
11892,-0.23653506773332034,-0.345016959891639,0.7989795824536757,0.062030552081086855,0.9875412430746906,0.2533998699968988,0.0399750342420911,0.10526805245697797
12301,-0.2776242905808839,-0.37430815274879814,0.5999451627222776,-0.5330145635332327,1.7692108520111967,0.2368418015741119,0.0449895143768716,0.06753687457639038
12456,0.4698768793442867,0.33173074272628733,0.19255307708158043,-1.359979854292839,0.6019347671985951,0.04722312241158211,0.011175845839296,0.06396032431569079
12457,0.46792467745905847,0.3311357592709503,0.19040359808349894,-1.4372406584277744,0.6333928190788545,0.03712323909291755,0.0091530316035533,0.061906132437926954
13107,-0.5057483058871862,1.7983309679796977,0.26210056212061134,-0.2714673458580324,1.1585244424560808,0.48834806416223425,0.0492602217459781,0.1019018193658849
13108,-0.5056826986816646,1.7983309679796977,0.260969517154952,-0.32794858704877705,1.1585244424560808,0.47683872837205776,0.0476892116285283,0.10028432559063111
13238,-1.383405622881105,-1.1184256981811427,-0.7134108075497712,-0.7470960156346339,0.5105806929647992,-0.6903514902563707,0.014153824523841799,0.08019429608871716
13239,-1.5461079923713132,-1.120162487146426,-0.713376879233647,-0.8179326863738767,0.7377459558243791,-0.6919668178601768,0.0121435755780717,0.07811312650946993
13312,-0.03221085328281244,0.9064696852933841,0.33300507921798034,-1.9211673379580878,0.7456146109523298,0.00634223684455879,-0.0085691263078614,0.06592244708774102
13369,0.32835972452240586,0.8472733797180014,1.226915120736421,-0.5844179751384083,0.9972902599180072,0.5630841019512854,0.045971767788349,0.1022091169463618
13370,0.328219506486165,0.8472733797180014,1.2283776404674551,-0.618706049686425,0.9972902599180072,0.5564909473806408,0.0449609987681617,0.10114772761804254
13840,-0.20708255171406872,2.27782411338833,1.2409254522237694,-0.47750801407077725,0.21590804099635896,0.6100134081647225,0.0330038358324086,0.10902674273881559
13841,-0.20711909985433574,2.246998919994619,1.2537376724572247,-0.49529789535520613,0.2567540650722482,0.61101473246291,0.0324965638259257,0.1084879547667013
13949,-0.17335699147987213,0.46842046312039626,0.060727135449199,-1.0676952093964653,0.8545183671381495,0.028522752966281484,0.013987886752066503,0.07153739331838473
14282,-0.730047543216804,0.6123883723020984,0.9010606860770173,-1.1620385337021764,0.3505491905120006,-0.005617565605572805,0.0382923098518813,0.06509598363663564
14319,0.7794836598831055,2.4401843801754644,1.0601805257469814,-0.17123042577488293,0.6619699275912057,0.9541176135243747,0.0724710293173273,0.09913679521218455
14320,0.7786764773354521,2.4967463219685184,1.079865934209458,-0.23040909701941056,0.6622820122492217,0.957432329748648,0.0714133033259355,0.09809953718422189
14497,-0.07056431501207983,-0.1997193541611152,1.0975065685217698,-1.8717432272374523,0.8002574576360362,-0.04885257405056831,0.0068940361256138,0.057222610111633765
14549,0.09934690522128409,0.4624237657685939,0.2523515326233763,-1.1307114275967012,1.0219073765201474,0.1410636305073401,0.0196562333993891,0.06963011351871988
14611,0.5639256256474823,0.4062587144918641,1.4604468859171091,-0.28998962666434586,0.7811502840367606,0.584358376685774,0.0644539309409654,0.08877575303575196
14612,0.5635037208149407,0.4062587144918641,1.4597446205590245,-0.34798146030809535,0.7811502840367606,0.5725351759188989,0.0628694616125782,0.08715628493635802
14833,-0.2977590074901495,0.4830689708873013,0.5670157759951087,-0.6622566753558826,0.8733820771654022,0.192690228240356,0.0431729316478792,0.052269292694165866
14975,0.3420381757999243,0.9473814885622758,0.33058106594417885,0.18304428248342966,0.5940800685067299,0.47942501625930767,0.0479077632249828,0.09617199458744462
14989,-0.1967381979419565,1.6596820478236616,1.4755186910352491,-0.724680647642618,0.8957450103736162,0.6219053807295906,0.030500533349322696,0.0899606500540582
15389,-0.15645556573592675,0.5041640918705309,0.9042356432073698,1.0638259578227385,0.5941598193464588,0.5819859893022341,0.0602256995246679,0.12647062196978834
15491,0.21194298751145565,0.4677496242743145,0.977455977984215,-0.9055007916881045,0.5813341385241702,0.26659638732121016,0.014906590746613501,0.08939881538854336
15576,0.5917278194073893,0.15902950681758346,0.9294000396498037,-0.6770149915873981,1.4019950705543245,0.4810274889683406,0.0211127498701492,0.10033117409159142
15585,-0.09994636652820534,1.775501256528822,1.247746633376609,-0.5502892974115795,0.765878739869047,0.6277781931669386,0.0249578528084393,0.10066481437818142
15967,0.3798677156033167,1.3125301039693502,1.2619755919007236,-0.0672853506270082,0.41407279587311246,0.660232171343899,0.0565348921788293,0.10004920606031137
16262,-0.496942687972489,0.9264517958258143,0.3775168203246758,-1.4746552977841316,0.41622728714444335,-0.05028041649233743,-0.0107972839898921,0.0889552178484397
16263,1.2696660366011443,0.5340733021637711,0.8916592106314893,-1.1430650388395376,0.44823857954081847,0.4001144180195372,0.0294196069798011,0.07650619350075533
16370,0.06497337821387277,-0.02012872258193149,1.858871899115482,-1.841604383625757,0.3937004560540198,0.09116252543513723,0.0681315774726532,0.11787164357346834
16371,0.06442435981100096,-0.009876736076926906,1.865245424163783,-1.8632096416892712,0.42931874917775303,0.09718043107726779,0.0667092488602562,0.11625592034543275
16461,0.5785012469999516,-0.2007737801992527,1.4308397304258478,0.49102682427187244,0.8880389131797537,0.6375265869356346,0.0877495305333372,0.09506412343020429
16500,0.11048849650506502,2.7530952351942837,1.3035649303212489,0.32662436189433225,1.1330892102491683,1.1253724468328197,0.0801711827599117,0.12695359867492118
16501,0.07658794130848738,2.753418940849204,1.3119666785245363,0.2889167958532579,1.0061196726793744,1.0874020058429719,0.0791686359875081,0.12578574164437586
16579,0.7464369042503319,-0.03768662443679317,1.4868107791412222,0.22948171958218908,0.9414476929343085,0.6732980942942517,0.1050024973879302,0.12320261783430467
16721,2.0389475464441627,2.6328408264872474,2.438508153002381,1.8085510900719755,0.47027891584633313,1.8778253063704198,,0.25059717256605557
16772,-1.2640501169781642,-0.7327234805229441,1.2982241462229724,-1.5334933083105764,0.2224126586646929,-0.4019260201848039,-0.0082806088335663,0.08524493487298282
16773,-1.2658226432367539,-0.7327234805229441,1.2886979613264236,-1.6096541191942029,0.2224126586646929,-0.4194179245925569,-0.009706816014472501,0.0837060476234285
16780,0.6453834358273481,0.6315643420719762,1.0441641949589353,-0.521709143584685,0.7027217577225011,0.5004249173992152,0.0502213518879331,0.10919154575118979
17102,0.13724608801601443,1.022809010245555,-1.0313895980506382,1.024891449540338,1.505945789391788,0.5319005478286114,0.0514558376894871,0.14942094471988013
17103,0.11301094349152108,1.04315476209541,-1.0255006025167632,0.9713968003238411,1.4109596191663534,0.5026043045120725,0.0500000717303992,0.14779009198789397
17234,1.3601120262905324,-0.4740486290161832,1.8500679887684277,3.482691148265471,2.4915294264714465,1.7420703921559386,,0.23603902594634027
17612,0.5471513551212884,0.8512985086522139,-1.1312533016033783,-0.01603657372886136,1.2355961842083274,0.29735123452991796,0.0271905523581855,0.15378904420762352
17732,-0.04223760870069441,-0.43885207277543975,0.014978458206918621,-1.0208977479091201,1.6107398974366924,0.02474618525167136,-0.0046144111952952,0.093954541322505
17811,-0.2799797598303057,2.153129016103924,0.7776033814001271,0.04005907504554737,0.31501958415485903,0.6011662593748304,0.0178963362904939,0.15914660733625305
17876,-0.47697889995518855,0.5388234180997351,0.6101428857173017,-0.9981003147387671,0.6822189050880393,0.07122119884222408,-0.0309239218694993,0.05333109923274323
17927,0.4273222670351435,0.9743907270367586,-0.2105723802354308,-0.2118825153225901,0.4261025394190914,0.2810721275865945,0.0144793789489508,0.10948569052175473
18291,0.5271515802126248,-0.4495927045567423,-0.7637108635083578,-1.435713047205794,0.7077969359619705,-0.2828136198192598,-0.029112702035322298,0.10419395735844707
18325,-0.008683215770410499,1.4588314846145454,0.6021401235441362,-0.9083553563395436,-0.01356976342880345,0.22607265452398484,0.0255998446267078,0.10974856375915909
18326,-0.009025930164132593,1.4564198418824756,0.601905208724035,-0.9363032121176559,-0.11171953720836048,0.2002552742232723,0.0246578002272414,0.10869820268698577
18358,-1.2090975051300081,0.4789218035158198,-1.4362913463350213,-0.7363792351380735,0.8367903826851166,-0.41321118008043334,-0.0070716751824976,0.14001255324926212
18359,-1.2106728892781404,0.4789218035158198,-1.4350358791111875,-0.7704432959069353,0.8367903826851166,-0.42008797561906536,-0.007997881726106,0.13895051862381413
18956,1.1251590021805935,1.4231474060582892,2.434280781511431,2.5572565096479507,1.0981617093495357,1.7276010817495604,0.0541269883987781,0.192183427545509
18957,1.1230039098142581,1.4227427680159959,2.483917518249854,2.5027877710233963,0.9246554724893068,1.691421487918562,0.0526382054293659,0.1904431623900338
19018,0.6660457240236792,0.9605842495285122,1.2820843411594136,3.3992286674325976,0.6422749763928446,1.3900435917074094,0.0331326593873025,0.19681703696376165
19032,-0.3676421554828657,-0.3257016957514968,1.5293565346546016,0.9802829396158383,0.7989434929658412,0.5230478232003837,-0.0132565206267568,0.12134845383818135
19034,-0.06112081256558995,0.033912850830085155,0.8433144890661459,1.6779343014154027,1.7692108520111967,0.852650336151448,0.009812749504277,0.13752982804447855
19426,1.157990800399255,1.4015158217262258,1.804761878564496,2.344426234763692,2.0648768848244248,1.754714324055619,,0.1861244388519673
19427,1.1559909666283976,1.4015158217262258,1.804761878564496,2.2972181215562446,2.0648768848244248,1.744872734659958,,0.18489101903050964
19571,0.4048510893481008,1.5423568207516631,1.5995212637515492,0.5239959050886571,1.5752785200580286,1.1292007197996,0.0415013747595741,0.1305764433260168
19829,1.232077392109072,0.9845668199032511,1.6312763838077402,2.1280089063760714,0.6753727682716271,1.3302604540935523,,0.22688770041274572
19830,1.2299212460462294,0.9845668199032511,1.6312763838077402,2.0491004049845376,0.6753727682716271,1.314047524602677,,0.22492794151397333
19925,0.854635485200375,1.3747957541198017,1.3088231960427148,2.6318700349117097,0.9675629279603593,1.427537479646992,0.028976127441233,0.17418091209583986
20018,-0.4954804677449693,-0.5269200977266959,-0.38216318918445963,-0.16827803838877267,-1.0878852075121244,-0.5321454001114044,0.0031596235756425,0.06332807239612816
20469,1.4095396762829953,2.3568488706506527,1.5449202482584878,2.5872048623069817,1.1025242612966204,1.8002075837591476,,0.20392894768726907
20470,1.405237835504509,2.3568488706506527,1.5449202482584878,2.5375454991178588,1.1025242612966204,1.7894153429656257,,0.2022299753936863
21179,1.4032428820023435,-0.13669451488446516,2.012232821865726,1.2954439475974713,0.37678006741068826,0.9902010407983528,,0.20046998718170733
21180,1.4021573791573652,-0.13669451488446516,2.012232821865726,1.2234453458055148,0.37678006741068826,0.9755842198709658,,0.19909926598631653
21382,-0.42861957702076514,0.7981533406578067,1.219894379914726,1.9240472090676453,-0.7296005408628836,0.5567749623513059,,0.21356671191317028
21383,-0.42861957702076514,0.7981533406578067,1.219894379914726,1.8640700597708095,-0.7296005408628836,0.5447795324919387,,0.21187461608979385
21510,0.144719000450345,2.734978683264999,0.9247646080746238,3.7022660265683083,0.23275362844582462,1.5478963893608202,,0.20627980365932735
21511,0.1446651915776683,2.734978683264999,0.9247646080746238,3.6916449056954934,0.23275362844582462,1.545761403411722,,0.20542730127812137
21523,0.35942210887687764,0.4499047092987397,2.3842660963343625,0.44614613991866686,0.7853606915907778,0.885019949203885,,0.2508875946291982
21528,0.4888274559918034,0.36069534199898184,2.21346434170405,0.5947707523189528,2.519343568327373,1.2354202920682322,,0.28507046608592684
21593,1.253661743406291,1.8169654220564007,1.7573718723095801,1.6720515698256797,-1.5118500045052645,0.9976401206185374,,0.2134416905512177
21594,1.253227812395654,1.8169654220564007,1.7573718723095801,1.6122367754628533,-1.5118500045052645,0.9855903755438448,,0.21233529514863192
21626,2.46384461886037,2.555463419343876,2.4849971033597873,3.145067388223391,-0.8568913365267856,1.9584962386521276,,0.2551810492918722
21627,2.46384461886037,2.555463419343876,2.4849971033597873,3.0782096744767564,-0.8568913365267856,1.9451246959028006,,0.2540666195135373
21792,2.6352761532645896,0.9265228428451535,1.6895104087238004,0.6953777682633319,-0.5051969793660478,1.0882980387461656,,0.12153345689665296
21793,2.6368364951264525,0.9265228428451535,1.6895104087238004,0.680627262385062,-0.5051969793660478,1.0856600059428843,,0.12137013289387345
22364,-0.8115742651449896,0.743792096844506,2.3967304325394077,3.578584940837593,1.8884785966914621,1.5592023603535956,,0.3386356261138637
22365,-0.8115742651449896,0.8256048931705555,2.435180099662694,3.578584940837593,2.138178090528343,1.6331947518108394,,0.3366714362931444
22368,1.3601120262905324,-0.4577902222144445,1.8500679887684277,3.473180425843937,1.9309201733219932,1.631298078402089,,0.2344226102445202
22709,1.7730832906597802,-0.5887145606762691,1.3775708851594233,1.912599008992462,0.5972760021075494,1.0143629252485893,,0.12825317452523405
22735,0.793585582635118,0.17665163953308619,1.5949245025653103,1.3558125595997708,1.7940483281672073,1.1430045225000984,,0.19874789465971535
22740,0.4782100478322346,-0.013156731537708865,1.2593905539201589,1.6655048346073178,0.6213034695321165,0.8022504348708239,,0.20858019717000723
23397,1.4024839396551156,2.6539304505587586,2.4849971033597873,1.1928425712065343,1.8199452866870234,1.9108398702934437,,0.1971166343507008
23398,1.39903698771772,2.6539304505587586,2.4849971033597873,1.1514978327517436,1.8199452866870234,1.9018815322150064,,0.1954871511650349
23451,0.07489265539449472,0.38965434383945535,2.1371274725125207,3.258436486217232,0.9258746598123256,1.3571971235552058,,0.3167406483716509
23452,0.07489265539449472,0.3662682307589432,2.111990795499638,3.2188858910211566,0.6161892260316082,1.277645359741168,,0.3147667215217222
24052,2.7796958041264306,1.4122344749501583,2.4224380378446417,,1.976918293294438,2.147821652553917,,0.36931450239672103
24053,2.7796958041264306,1.4122344749501583,2.4224380378446417,,1.976918293294438,2.147821652553917,,0.3680008580526396
24459,0.67471743145037,0.9686105678652763,2.1770837476536093,,1.2661676107676798,1.271644839434234,,0.45587427723951823
24460,0.67471743145037,1.0044349896205267,2.013406936035755,,1.4698549007316535,1.2906035644595764,,0.45387204359564504
24592,2.7796958041264306,1.3349548515310494,2.1342574409190638,,0.6633088480684887,1.728054236161258,,0.39116523376999257
24593,2.7796958041264306,1.3349548515310494,2.1342574409190638,,0.6633088480684887,1.728054236161258,,0.39066519043743425
40001,-0.7091802892008577,-0.3276463219211667,-1.2330421081109535,-0.4234994755079237,-0.42895142740283243,-0.6244639244287468,-0.0172805000692208,0.054179528886508115
40008,0.20046688223514206,-1.1893142365242428,-0.8716929166736451,-0.5913720343540664,-0.9426486616399155,-0.6789121933913456,-0.0035578487745378,0.016608332631565026
40011,-0.16248035500495583,-1.0211655364445587,-0.48566442946218125,0.012074903217842478,-0.966410549042826,-0.5247291933473359,0.0139115577055662,0.04108431181021625
40016,-0.2015157792993996,-0.7178410776968638,-0.27639859952309687,-0.5558340604458002,-0.36559668951814084,-0.42343724129666027,0.0032326463126066,0.033127967391382504
40025,0.09593420850549537,0.3362947044206804,-0.42071973973234567,0.4051161829870156,-0.6978161677888772,-0.0562381623216063,0.039184829129205,0.07559854518503771
50004,-0.45029052741969117,-0.69942219265285,-0.6399128145334501,-1.0918291488792482,-1.1041688804479703,-0.797124712786642,-0.0092075627421238,0.027423411253329557
50009,-0.08479662490511027,0.2133724355610834,-0.0696416968420544,-0.2688349756117887,0.015832445678887058,-0.03881368322379659,0.0202013952430042,0.07140476308189567
50010,0.008105630220439605,0.317765713933606,0.011658362344189988,-0.03256203440385402,0.007635452406786203,0.06252062490023355,0.027820198895801205,0.07948209728798668
70027,-0.4784921727876538,-0.5043823190706362,-0.6708916841718092,0.25430559512960066,-1.5025840725535722,-0.5804089306908142,0.0077917537873947,0.03899598756703035
100022,0.37738771620927275,-0.5596064600359318,-0.16495653530395096,0.4156642160361794,-1.10923538264518,-0.2081492891479221,0.0341793454959827,0.06809172234552012
100039,-0.18244185166686844,-0.7244527030734609,-0.04135597633731969,0.3429502318306816,-0.5807408388597923,-0.23720822762135194,0.0396155899339657,0.08104237360083197
100060,-0.3579285799392669,-0.6368677954595405,0.28852585364612227,-0.5283350825417216,-1.1884611849600057,-0.4846133578508825,0.011406094362416,0.05312313483399899
110002,-0.23002430565475884,-0.5698860593929651,-0.24686232844925923,-0.49115383845103294,-0.8268861815650573,-0.47296254270261473,0.0115220125675258,0.06570753217628106
110005,-0.5929169041559056,-0.09618530935573602,-0.6039924787476243,-0.2587336983863557,-0.27655946519172786,-0.3656775711674699,-0.0011515418666785,0.07128512856002721
110009,-0.4682143707031921,-0.9047039879604306,-0.9160665121163774,0.2781562158198862,-1.061049142868766,-0.614375559565776,0.0184293759990863,0.04924524019816891
110013,0.010503588119462828,-0.4746958605938527,-0.3488585426930575,0.30106500741962955,-0.5516389051379165,-0.21272494257714686,0.0271434514639283,0.059964260224583496
110015,-0.3493935184649735,-0.7234415414586515,-0.23584795189423124,-0.5248414805990061,-0.8566420628955133,-0.5380333110624751,0.0053530805462573,0.059373748234305225
110025,-0.13956905722151602,0.23103678320385115,-1.0975406288661378,0.5271604875579343,-0.7484923173476363,-0.24548094653470093,0.027864797554559,0.048711003988468476
110029,-0.2934173637944408,-0.16435550730553036,-0.2449046037526074,0.1231118267738328,-0.4436415919800599,-0.2046414480117611,0.029396937715594398,0.08083294520752254
112002,-0.6764919231725264,-0.8972224439995957,-1.070347969484402,-0.6681633707762269,0.052602543987441464,-0.6519246326890619,-0.0040890008825705,0.024793336672417836
121003,-0.08856669146336697,-1.3630882807545999,-0.4554516780127537,-0.040669672652232224,-1.6931129654597994,-0.7281778576685504,0.014103320896554,0.03155713405021168
150968,0.2769629726115661,0.04387756918961143,-0.08531397696883614,-0.17770566129237056,0.3170402090711648,0.07497222252222713,0.0063901490719702,0.042309889041688316
151001,0.11898307999166825,0.10464841452116551,-0.023043012042126276,-0.03188946759193367,0.6671947689957936,0.16717875677491348,0.020944187663494,0.042172576807799844
160220,-0.3802864686524427,-0.6846277678333195,-0.47218653579136804,0.6872864751015136,0.382712334819568,-0.09342039247120974,0.0215293812878744,0.042123036950651734
160226,-0.40458396265183255,-0.6145028739846804,-0.3763000529748066,0.4460536098628097,0.715183032243873,-0.046830049500927375,0.0187155540751519,0.044269198202814344
160605,-0.2645733562719716,0.09727647845480797,-0.7543981451085591,-0.45030874053126074,-1.0708558616871664,-0.48857192502883,0.0087479175098927,0.028606858724907622
161606,-0.6081079354720224,-0.2956000243543435,-0.12573607858616714,-0.8595207797323768,-1.3351897877620647,-0.6448309211813948,-0.002619648951114,0.051832410042313794
161810,-0.30876479069736246,0.6114337487227404,-0.6141713112709737,-0.06381570315770219,-0.8606158979510912,-0.2471867908708778,0.0168922389943519,0.029068061096969654
161903,-0.054540474845329256,0.5155630961940165,-0.10656203713817936,-0.19309745914757137,-0.5566974896005296,-0.0790668729075186,0.0275514530938881,0.04819520311731496
162006,0.26475212965378997,-0.5437031116043367,-0.40394579685178766,0.027893382771915137,-1.257747362769436,-0.3825501517599711,0.0188821961144666,0.047234354752346414
162201,0.11781198264257746,0.5380879111493303,-0.8221591614838715,-0.05053934898953636,-0.32160338197108906,-0.10768039973051784,0.0502770818404164,0.09683603313175919
162204,-0.6389801126916507,-0.5686537664778123,-0.3338062454060464,0.4509371067072511,-0.8390774879606651,-0.3859161011657847,0.0316995762058078,0.038916073929052754
162209,-0.27745412740533704,-0.6982124912024796,-0.8934049510748341,0.27092321128228475,-1.4225263527992933,-0.6041349422399318,0.0221937192037071,0.030758849484278754
162214,0.7304686537919466,0.6411853289259688,0.14216926383332118,-0.7902537865607552,-0.4257195699720544,0.059569978003685374,0.0074337578342797,0.0679394531505559
162703,-0.4424210898656808,0.09210134179014623,0.051349047990598584,-0.7139833376481244,0.03297989154054331,-0.19599482923850342,0.0009411182260391,0.042393263113108155
163402,-0.19134038954235502,-0.19247487528750168,-0.6594033186067805,-0.3976054669344364,-0.6432822851670369,-0.4168212671076221,-0.0092441828350206,0.02815311355447673
163406,-0.497950717012537,-0.3507428310709012,-0.7291787858098863,0.14759387281314226,-0.9226524624612589,-0.4705861847082883,0.008024389447008,0.04617704543993211
163411,0.1738619765798208,-0.8165696775402268,-0.884865478317661,-0.33032777745112635,-1.2258279454388976,-0.6167457804336183,0.0086085892709604,0.042053201442691465
163412,-0.40007835037907075,-0.4636193755030616,-0.7947191164171175,-0.5131288968119933,-0.644334526268012,-0.563176053075851,-0.0059036053707492,0.033635513096593
166001,-0.4542081423104585,-0.5761264850535585,-0.3843509995604014,-0.07811494748774211,-0.6009871024640892,-0.41875753537525,0.0174736257614912,0.03643741685609491
166005,-0.6193754190030455,-0.6007148490982612,-1.2881322030943478,0.3186062995922228,0.3801711004547379,-0.3618890142297388,-0.0073778552503251,0.027603126448847357
168002,0.34718576618312413,-0.4702637341162116,-1.0039691421502146,-0.42236389066314106,-0.780783464683688,-0.4660388930860263,0.0010479820086009,0.051889229723154046
168401,0.10223032155777469,-0.42560167997483744,-0.22367532174721733,0.2134573657198997,0.21240150791351775,-0.02423756130617254,0.0428544835933719,0.07482752946956774
180031,-0.2996465409061804,0.3719309400113083,0.30360386956421,-0.25974450415698835,-0.7124198169824669,-0.11925521049402348,0.01935842827713,0.06683545735173523
200012,-0.09474560184035936,-0.4807448532155748,-0.05690976597867431,-0.11836701208980284,-0.6792448063278292,-0.2860024078904481,0.0162667878316607,0.06525102426528102
202001,0.025209007057935762,-1.061606185708302,-0.3684406559295516,-0.3462301527787015,-0.868175258144632,-0.5238486491006503,0.0176269100355215,0.03727420738726383
202002,-0.2206105721761843,-1.0695360898477508,-0.38834252941541386,-0.32765509208836696,-0.837353589555799,-0.568699574616703,0.0177863851832164,0.037602895143650866
202027,-0.08219231026065861,0.20442808958173214,-0.2514906035585819,0.3981903693102096,0.2581599357548051,0.10541909616550127,0.019875880700393096,0.07492130664773744
206009,-0.29760281254708093,-0.5197675396514325,-0.2049442180284632,-0.5837109429876502,-0.9279747510519072,-0.5068000528533068,-0.0017978594095414,0.030158018098223792
210004,-0.3252570678870547,-0.9672367642922253,-0.7932506066037586,0.26271704410704744,-1.1435106705840496,-0.5933076130520082,0.0138753199974936,0.05399229947809933
210008,-0.12648225626352627,0.45542545022662695,-0.2633713505681866,-0.20244989440154568,-0.7397828190826826,-0.17533217401786286,0.0310330238824803,0.05864015242927006
213003,-0.38164891945300067,0.04731179093688989,-0.23193682800123655,0.03502746895365289,0.21070925340927735,-0.0641074468308834,0.0277033758138753,0.07363992175531764
213008,-0.46532389109046607,0.1768985171960588,-0.5446531411329583,-0.10569489268670447,-0.043700775515690404,-0.19649483664595208,-0.0051897829796335,0.05013666569390707
240005,-0.4116214317032743,-0.6387935001461096,-0.7918869170621232,-0.604243553947822,-1.7752051507184503,-0.8443501107155559,-0.016338233755577,0.022652373406520907
240011,0.3327944444444487,-0.4852899991519559,0.4063803991991884,0.19430778757282566,-0.8375861628642074,-0.07787870615994011,0.0193172142471625,0.06830323109611913
240017,-0.07428128077659368,-0.6829261071415016,0.12377723976875754,0.0101457861441732,-0.4664189189849819,-0.21794065619802927,0.0196279450855713,0.051392402102690346
240022,0.05895773577856863,0.5768328119780427,-0.9289628639047365,0.8391299952736562,-0.912904168255575,-0.07338929782600878,0.0437645064232315,0.05352020055211368
257020,-0.7568321242615464,-0.11101264346472167,-0.7882779105972426,0.1616521583737554,-0.43163904227565086,-0.38522191244508125,0.0125890009219668,0.042322946759656394
257030,-0.18529540657393606,-0.22810334766229062,-0.20916978893471894,0.3557429938329993,-0.7809243655803224,-0.20954998298365374,0.0118877429730779,0.042775351401585726
257070,0.745431921894682,0.9874132783296838,0.6628654640294522,-0.30746316206523466,-0.5492867716929324,0.30779214609913014,0.0407229905079369,0.08762051484983922
260112,-0.5067404844340552,-0.5883714924873295,-1.1661611421022884,1.3754629525372186,-0.7890466587544167,-0.33497136504817415,0.0260533392953554,0.0329928560461643
260117,-0.011245655232648052,-0.1399171096493782,-1.0298243233287696,0.2407585797926215,-1.5431155617422934,-0.4966688140320935,0.0261015436174069,0.02848741022924117
270028,0.08541106181232368,0.20476704885787955,0.1601462829888095,0.10061436019061203,-0.4924024270891836,0.011707265352088237,0.027105645949099803,0.06853616137490018
290008,0.402103715155326,0.2119389215497334,-0.21463137214379227,-0.6954933159173041,-1.1108484053052614,-0.28138609133225967,-0.0146476816231972,0.02958565545078494
290014,-0.7692664528167393,0.23910882502022898,-0.2854049207126036,-0.7023318165831273,-1.3562609238421464,-0.5748310577868775,-0.0353852167729276,0.024859664419897485
310358,-0.2755989138659823,-0.26714090262978407,-0.5552210175046152,-0.038450949948974196,-0.528629175483825,-0.3330081918866362,0.0191640364870465,0.07935876900636919
320005,-0.8225129160325798,-0.5542174257629687,-1.0695341521130397,0.45918928595752734,-1.2992401935480038,-0.6572630802998128,0.015368139211424,0.03683720086321686
320007,-0.15818625262976485,2.452797271764007,-0.7497519091291012,-0.3021568613728534,-0.4127707427580768,0.1659863011748422,0.020947304307366,0.05234010666645214
340007,-0.12646304669189642,-0.7311704682580888,-0.5010889478151679,-0.9985606203900321,-0.465225650530131,-0.5645017467370632,-0.0069460720915497,0.01756402938777171
360016,-0.9698349022595094,-0.5189216161809445,-0.9562240022151682,-0.23446260963752086,-1.1274588668735597,-0.7613803994333403,0.0095682356568504,0.045925843074461875
370024,0.2999286038517049,-1.0750723830330058,-0.9272941474366596,-0.276608731595204,-0.7685218482866818,-0.5495137012999692,0.0185079752680766,0.038376748852633626
370027,0.20971895777591545,-0.792655637278437,-0.22130405023535654,0.12634062580990021,-0.6589724914039956,-0.2673745190663947,0.0185762783198391,0.05411963546431885
375010,-0.5224406125186326,-0.21485926638560793,-0.5768038225319458,0.17153905722255444,-0.44375336459857834,-0.31726360176244206,0.024780696506089803,0.06569840009766613
377010,-0.3145685259025731,-0.7158486515370115,-0.6881242024179186,-0.19185433754606226,-0.38417104797492196,-0.45891335307569747,-0.0070198973838912,0.03389881305301624
377240,0.23899154665926128,-0.06871281106756177,-0.4491997763904215,0.17600802419905218,-0.2193584089600204,-0.06445428511193804,0.0271977082789619,0.07002674534041657
378010,0.0056634439299467045,-0.8630156861456357,-0.9021746983686327,-0.4758645768866181,-1.0078529092801534,-0.6486488853502186,0.001453077105757,0.03293319897501443
379010,0.44233322987292745,-0.4214752297976816,-0.454569254077116,-0.29747054544449786,-0.38874579364428197,-0.22398551861813001,0.0069594556515096,0.03372623623675769
400001,-0.2593568525366379,-0.8695254988019239,-1.0652258089806756,-0.5166736749262105,-0.9856850591575596,-0.7392933788806014,-0.0055343969791061,0.03082820010730575
460007,-0.12578454906284564,-1.0292628688252448,-0.04574250999701418,-0.33380714327053557,-1.4288154086390192,-0.5926824959589319,0.0079498032712863,0.06786002822691913
470009,-0.4295418532255904,-0.5271816588418522,-0.3157276528886629,0.011203196662051973,-0.19209483092500454,-0.29066855984381157,0.0168785227472689,0.059084913363228075
470028,-0.1722268190914237,-1.0431639439895442,-0.3548804873676863,-0.576374654471854,-0.9389799243677401,-0.6171251658576496,-0.0179155227121846,0.028999393875536652
470098,-0.8964127380244239,-0.7429927521637705,-0.8684373472969007,-0.014118557182444647,-1.3631668383334579,-0.7770256466001995,0.015325974461731,0.03401477493750234
481001,-0.06701618897284302,-0.7970855860261699,-0.5290817344926634,0.1403334463017055,-0.6311551738813742,-0.376801047414269,0.0144872572293903,0.060167080876278416
481008,-0.6868545264304179,-0.9243446123681562,-0.8531634344716684,0.07521325394901675,-1.527515435518442,-0.7833329509679335,0.0086963181205361,0.035184315534260956
481010,0.0069864956878951485,-0.5017859965580351,-0.27952040739311507,-0.033952114933938043,0.41091381761314194,-0.07947164111681022,0.030141046277584,0.08137203546061983
481015,0.10502722976917528,0.47778576588349364,-0.1652899123572067,-0.1894910602977624,-0.018541058908747354,0.04189819281779049,0.0284786862063731,0.09657936633028494
501026,-0.624357444400173,-0.666519681775634,-0.06967919412424746,-0.8675754256171421,0.5535561674708347,-0.3349151156892724,0.0028151641844839,0.045467423714700604
501054,-0.2011545552512021,-0.43505794390521724,-0.08313628704672454,-0.5756194704260905,-1.1701390728442131,-0.4930214658946895,0.0132374992141653,0.037520160329926874
501079,-0.15399545244507554,0.28131661110924183,-0.5304853456671856,0.46514217115731493,0.10838900471372498,0.03407339777360411,0.044100397778233096,0.08372845681967557
501082,0.4559390904175155,0.2745211288442704,0.6641266980478178,0.16576287724478897,0.5147799107640989,0.41502594106369833,0.0312643183601546,0.08117292500582385
519005,-0.12190774283404004,0.37824069469039767,-0.02889230832342854,-0.507062315995758,-1.125549084675069,-0.2810341514275796,0.0183555369751689,0.06345087501043573
519013,-0.5467650025257181,-1.2311807069242247,-1.0027251020720502,0.14732170393615018,-1.1909615226353132,-0.7648621260442312,0.0074893499573407,0.039859513539026586
519018,-0.14191507615984283,-0.816759127228301,-0.29035424334943166,-0.4455035444562612,-1.1159273368937415,-0.5620918656175157,0.0058540112785649,0.03466678488711493
519026,0.011535419626205448,-0.07275800798042001,0.4998000099222353,-0.19630079106545384,-0.22876588086773778,0.002702149926965819,0.0358804139912185,0.065610742851977
519089,0.5189477825357254,-0.8374565840388666,-0.6972819849767369,0.2225407741595529,-0.6088776934386223,-0.28042554115178947,0.0202363100968619,0.06958229394988244
519110,-0.7512518914211331,-0.8845335900967857,-1.0359898329352237,-0.3410428207596474,-0.48768883328992996,-0.7001013937005439,0.0009157517063031,0.030731564950395623
519158,-0.10672389263367033,-0.5845629768179639,-0.9560927323736095,-0.6596935668180194,-0.9869893631967654,-0.6588125063680057,-0.0108870044073117,0.06987112242604562
519172,-0.24080028620126206,-0.9156367629365357,0.2622990460761242,-0.1149477879037244,0.5139643628079011,-0.09902428563149934,0.0163529614237606,0.04989104723131776
519173,-0.23372630083499865,-0.9154053175412273,0.26722595059032217,-0.2007772381159386,0.44465973050059493,-0.1276046350802495,0.014351304842931702,0.047743629795555576
519181,-0.13855610283922462,-0.47650801831293554,0.13663443735467862,0.6579785619411818,-0.4542465738011837,-0.0549395391314967,0.0321758787958522,0.06356346592541241
519185,-0.8253451363834651,1.3812995719155705,-0.00777701268155051,0.38161133120407126,-1.3186991549971576,-0.0777820801885063,0.0371066412888089,0.026892624369547206
519670,0.067750993070983,0.17796784474596217,0.4639537246180472,-0.5794713193265847,0.038235152108941295,0.033687279043469784,0.0248412302872625,0.04306650556537357
519672,0.20341555121225005,0.15238885953621883,-0.005910416748877045,-0.03620424446627251,0.4673093091464877,0.1561998117359614,0.0184056204074003,0.04847080032182394
519674,-0.48363004854527425,2.6117960119166197,-0.4052609858945808,-0.15201974290680695,-0.7824851748097413,0.1576800119520433,0.0432231729813672,0.07979607049350398
519679,0.20790176861543075,-0.7567679813336798,0.2239134831986238,-0.7487738354822285,-0.5383657197942504,-0.3224184569592209,0.0200712088128796,0.042316724669345
519688,-0.4445010131847038,-0.6888990105212555,-0.40244267888524454,-0.18046268459695014,-1.4968701701203542,-0.6426351114617017,0.0084335144521205,0.04775439526110155
519698,-0.2484820061801755,-0.7128894554579303,-0.3112405370567535,-0.2164609797182591,-0.6640123796289372,-0.4306170716084111,0.008386301525097,0.0704965586102714
519704,-0.6084815713977526,-0.4275027681929855,-0.9430282697106664,0.1962689270914336,-0.8907078349672113,-0.5346903034354364,0.0074123020035549,0.051328320771997366
519770,-0.023418231538399264,-0.8011585574644222,-0.19462259755835423,0.7360067545121748,0.36984325133548657,0.017330123857297132,0.0376355243517906,0.06185961633150749
519771,-0.0265942556450825,-0.8070003977307386,-0.19805240743242755,0.7386821001005184,0.3860595866089052,0.01861892518023499,0.0377821022107242,0.06176364101087234
519773,-0.13429348373521474,0.0702537564004787,0.15726435184787074,-0.2778347663743796,0.3253848923620478,0.028154950100160586,0.0198844862273969,0.061303691891330836
530019,-0.3354550790841549,-0.19804325840234355,-0.3075506087815526,-0.15997986128389705,-1.119560411405915,-0.42411784379157264,0.0068101994624386,0.07084991289047
570001,0.3355707549221643,-0.29081438339324805,0.29583971407825704,-0.19260508370937235,-0.6975374363157578,-0.10990928688359136,0.028730634835778,0.05082864932497996
570008,0.308808015538002,-0.35540320684553917,0.3736509199145993,-0.08220733766572848,-0.9206409553569159,-0.13515851288311645,0.030192803978219798,0.08062379194678025
580001,0.43518422800599715,-0.29947137436222837,0.21392442014714358,-0.07452574583152298,-0.4538459764729055,-0.03574688970270322,0.0401442996698237,0.06444570719318335
580002,-1.0860011211351288,0.05682592054347737,-0.44263757394513753,-0.3152272784676032,-0.04967837356484511,-0.3673436853138475,0.0008387809226583,0.06488864033015487
580006,0.549060919011323,0.8378150631539658,0.4661756570457758,-0.9982796804737101,-0.6388440727390889,0.043185577199653144,0.0164518180211361,0.06303520646244443
610006,0.4671968080108438,0.282814453556294,-0.374809130291449,-0.5347963345942469,-0.8091487632285006,-0.19374859330941177,0.0023593446636821,0.0702992020843248
630001,-0.7403151961527827,-0.45618025646050964,-0.7289676344329706,-1.1057126204721588,-0.5831723326776996,-0.7228696080392243,-0.0110441703170539,0.04689430417294468
630002,-0.4491302669824629,0.07669337506009286,-0.597293039031145,1.3688985919942365,-0.905863612361884,-0.1013389902642325,0.0325467572862088,0.055057155598358505
630010,0.03935242868878075,-0.5492912847116012,0.1791809450925697,-0.5795025902084711,-0.2685231097526998,-0.2357567221782843,0.0239497496347897,0.05421437854503865
630011,-0.1159429614365411,-0.6964091873485447,-0.5062128784368313,-0.039996741725840224,-2.3519061821139235,-0.7420935902123362,0.0193038445774016,0.035953710501297295
660005,0.24838289961014146,-0.8402687281645467,-0.36300679379974843,-0.4243804619338231,-1.001884672338613,-0.47623155132531797,0.0117034284132716,0.041634055203030644
660015,0.4306720478008022,-0.4270258585189637,-0.7504276428855605,0.5237576323157649,-0.7403658269207998,-0.1926779296417514,0.027268419578872802,0.07777463765206087
720001,-0.18596111243305272,-0.5967271342280529,-0.04392912335935806,0.2847012436426515,0.27751848639497245,-0.05287952799656794,0.0305620826586674,0.06931699840727804
740001,-0.7789278848090925,-0.7997375390274754,-0.565271403094797,-0.2615517399724764,-0.28463290298059685,-0.5380242939768876,0.021377050436207,0.04429723745474484
952004,-0.6663532083844236,-0.17456902462794155,-0.2984913421046387,-0.3190463383418914,-0.9203343215321751,-0.475758846998214,0.0051335458709199,0.04936910799314362
959991,-0.1624616252302872,-0.8249890943941866,0.1591611204926953,0.04410686723771862,0.260818973371192,-0.10467275170457357,0.0050203126537921,0.06462495934759373
