fund_code,alpha_2nd,sharpe_1st,ir_1st,log_aum,mgr_total_tenure_v2,log_fund_age
11,-0.007064447991731785,0.15131953931460013,-3.8382027615459046e-14,3.735621714298645,1253.52,2.92043100140734
17,0.023482465771734923,0.13618937781712057,-2.66298864836866e-14,0.5571607387339229,2516.72,2.287233807113426
20,-3.8937815880072714e-05,0.20499073828162478,-4.188676854923582e-14,2.038753770175463,2650.72,2.289493624315807
21,-0.0015286340386244561,0.19997685684244246,-2.6383426974332367e-14,4.031485288189766,3539.0,2.7881492520538442
31,-0.04663109979301288,0.1895616602452733,-2.8722280792140436e-14,3.1877070526922724,980.24,2.7377257528763708
61,0.011873563265251541,0.39978048067662675,-1.4915318954698042e-14,2.413058255015388,355.16,2.5787375770640244
73,-0.003173544781938987,0.2355098238384144,-3.359198533181678e-14,1.02098285870545,1070.64,2.2732758408984157
263,-0.007760442624814825,0.40361949763047666,-2.815430145822645e-14,2.6658999401912253,2076.72,2.2201939241967428
308,-0.019923704675252927,0.4726513592882405,-1.663390179921455e-14,1.434503763389392,2871.72,2.2346376839106497
327,-0.0037145293793694753,0.3325893044178307,-2.5733538954063293e-14,1.599613501060019,796.04,2.0317904895926686
354,0.048321346321377245,0.035658038439535286,-1.5026008650895282e-14,-0.45845411879707476,1761.72,2.219890693143597
390,0.015963163334975473,0.06778496817376191,1.289550912532634e-16,2.8437720676688047,1188.12,1.4943936211885966
404,0.03869030276733741,0.2688444747193317,1.5813013279816176e-16,3.2790389646621914,780.82,1.5156827357642322
522,0.04753130893898718,0.16473650876268733,-2.0754023639665348e-14,0.7684145575083662,1404.08,2.176781251262901
601,0.00042946793378306584,0.3208986968714117,-2.597039907656584e-14,2.356721956962257,899.04,2.16272087546244
742,0.03883881555901346,0.1677495031637346,1.6710642406513634e-17,2.177352831550658,1786.1333333333334,1.4190277587529834
800,-0.007669080863576095,0.15486435027350065,-1.960112640315171e-14,1.8403212441242596,675.0,2.11215221797976
823,0.025544452859267264,0.0983768738520967,-1.9339444891829723e-13,1.3759950259194622,766.1521739130435,1.4535754779649686
845,-0.01964473010672187,0.12584531144310174,-1.1520720471322378e-13,-0.013604270834712927,478.89130434782606,1.4237208373241015
940,0.044262173240260466,0.34785216095033666,-1.867265855354103e-14,2.266112131842136,2990.72,2.0772352769452316
1000,-0.005898985199777233,0.22808012097736163,-2.1829681530353087e-14,2.9824700763025955,1724.72,2.075120020312255
1037,0.00863307430646465,0.13963149621681553,-5.1703568672523616e-14,1.7375108865632418,500.26666666666665,1.463343427416543
1060,-0.01672445725485286,0.3624143067112168,-1.4269742592028012e-14,0.7514129343681695,498.6818181818182,1.467644014976424
1075,0.04658048903180757,0.0287753575091053,-3.089448661328369e-14,2.5035299175576466,353.3636363636364,1.4297158999984871
1076,0.038082544495219924,0.2691228830201738,-2.0507561675940698e-14,2.744169960663643,1230.64,2.0449992070676406
1088,-0.01582099252683466,0.3357089536055213,-4.208981141495992e-14,1.1331465279893411,1068.52,2.039518024758504
1170,0.022543789218883975,0.20012281662464929,-2.6092342113628446e-14,2.005503081650191,1153.2045454545455,1.439495252855134
1184,0.021917981977785533,-0.09609039104959073,-2.710174498093162e-14,3.4231925488131867,787.9318181818181,1.428460180603047
1194,0.047274019532844457,0.950610814366134,-9.280154861861666e-15,0.8557990246151035,624.2272727272727,1.4522757321558617
1198,2.9611937266556005e-05,0.2823415283557766,-7.047507153612244e-15,-1.8020966837563022,713.9090909090909,1.439495252855134
1267,0.01850506185437554,0.04639646508150639,-1.7639827296491706e-14,-0.13714369821559777,601.7954545454545,1.3786618402168587
1407,0.046650230102378266,0.7336210572201555,-7.211225377790537e-15,-0.5947462908224673,622.8863636363636,1.3692618472585099
1411,0.021287299980046134,-0.10625577089105168,-2.063629022578587e-15,0.6899974095039663,794.5681818181819,1.346193828510019
1412,0.029975366888674974,0.251005021448397,-1.4527661013802122e-14,0.29467887196381165,351.22727272727275,1.3433455320179908
1437,0.032873161402179836,0.33072367302559075,-4.898038929407962e-15,0.9684800291738274,1226.2727272727273,1.3161393415395404
1438,0.032373046264939545,0.2626805277429175,-1.0362564457645992e-14,0.02754402023275865,1226.2727272727273,1.3161393415395404
1475,-0.060321969564479425,0.4400618863197077,-1.4811597338429326e-14,4.602941117382535,1220.72,2.0239990998310526
1480,0.015350296935325497,0.2261523062240311,-1.5063518700877912e-14,2.562542081683487,1966.2045454545455,1.2921226167160096
1513,0.0686428847062584,0.22111459946154594,-1.941119922086074e-14,3.710467565945499,2377.72,1.8319173743994315
1664,0.04353845844684754,0.2360619136670012,-2.2065763770034844e-14,-1.6064474288733805,385.96,1.9564283175732715
1665,0.042247373960966075,0.20251503851527852,-2.2168520157812463e-14,-3.1450717976060387,385.96,1.9564283175732715
1702,0.0036600101131796133,0.3583362357533669,-2.075602435971564e-14,1.9666768513179673,696.92,1.9933273997267273
1715,0.011358060424701357,0.5629769069258665,-7.151410548164203e-14,-0.3066989999254977,761.5263157894736,1.311851820018606
1723,0.02567471807244073,0.05847866842735597,-2.001124137661174e-14,-0.27859558548357105,824.24,1.9898567809779621
1753,0.06296192481619724,0.04223934611768345,-1.724855446199219e-15,0.5254066384196692,699.7441860465116,1.3050155395401517
1759,0.0199476384968593,0.305709140812834,-2.0753022501162572e-13,1.9045617082097965,882.7631578947369,1.269010533045754
1811,0.001160713252956957,0.31808843003732523,-1.9163126778797996e-14,3.7008192276309075,915.2,1.9225886995318735
1856,0.02543821232524281,0.617557568327833,-1.1914063256691803e-13,2.6481907626833574,1431.0,1.1763224719146526
1881,0.009862948478929453,0.2885099675729776,-6.873880785423072e-14,1.0305659446182753,2732.72,1.9817083578136154
1985,0.01849518005183891,0.25921252631715475,-2.384289466619577e-14,3.039029023044746,2661.72,1.9536213575202808
1998,0.009836642515358665,0.5466878026024656,-7.13252191212811e-14,-0.8271814811922077,761.5263157894736,1.311851820018606
2051,0.023753398535736683,0.0391872822910223,-2.7495267493940545e-16,1.2378711250368493,749.452380952381,1.356722533557523
2112,0.039541884106674696,0.2984984786107883,-1.0712589527621136e-15,0.34668660050447225,345.9047619047619,1.3597161177496162
2125,-0.006924463129557912,0.255144138827915,-3.273339246089352e-15,-0.11979014037438114,1227.8285714285714,1.1145465858874073
2152,0.03971297534608922,0.4085525600787704,-3.399569434341204e-14,-0.15323094367873039,944.0731707317074,1.37048004623095
2163,0.006587576518988016,0.11512175852773167,3.0384147217693716e-16,-0.6893775937061207,692.9047619047619,1.3536690903174917
2244,0.013435969429618567,0.27826271267282804,-3.788602367385573e-14,0.08640138423635607,794.3414634146342,1.291560991713201
2376,-0.003987689345952369,0.15193170505060372,-4.5214788558112874e-14,0.7519194897084309,1171.8048780487804,1.353374255031329
2420,0.0382762319965551,0.5556492245747646,-2.9236139426760665e-14,2.291864557841392,580.2682926829268,1.291560991713201
2450,0.00814720288367517,0.4174261857289044,-3.289483116446592e-14,0.17864372645568025,1730.55,1.3751069705853003
2451,0.02470019230949335,0.3962179975649036,-3.2682544050450604e-14,0.2824091595783833,1730.55,1.3751069705853003
2692,0.043220225285333036,-0.002443823162223822,-2.117351263721339e-14,3.701860364875533,2082.8,1.8779320312697112
2910,0.0312837404854018,0.43063713777112417,-6.519868803725038e-14,2.4244407675157804,1052.972972972973,1.2648976765167939
3567,0.002456271637303224,0.49358438027439117,-1.4980756196016703e-14,3.385545277730663,1031.36,1.770319785930356
3857,0.024195903074323198,0.4280923319830336,-1.7563846822249416e-13,-0.10189405300781676,854.4594594594595,1.2648976765167939
3858,0.023917153960097005,0.42379788592222295,-1.7578121932485794e-13,-1.1123503093034186,854.4594594594595,1.2648976765167939
3961,0.0005352022803443296,0.543759910690757,-1.3715694773276057e-13,1.6534951013259807,852.8947368421053,1.2018658850864938
3962,3.770081024562222e-05,0.5388008601887532,-1.4106239721292497e-13,0.1852126759137778,852.8947368421053,1.2018658850864938
4148,0.03259708031823611,0.22979367397383327,-2.3361990914028057e-14,1.4887734601595892,816.2,1.743951341918037
4232,-0.004686549358896401,0.2634506880075486,-7.863405628524784e-15,1.5578868206920067,743.8,1.781526907588776
4320,0.036313367159169094,0.2172876494467246,-8.692936641953629e-14,-0.021853640780140206,559.3888888888889,1.2144853017155546
4374,0.017504736106787225,0.19605529444257017,-1.7981439215512535e-14,1.6302346797075802,2199.72,1.7464722469117486
4375,0.01702369718148181,0.19210125315492635,-1.804531234414126e-14,0.6350178140648485,2199.72,1.7464722469117486
5001,0.001454078174148969,0.3754921712766601,-5.2656186502680273e-14,2.922066142678606,1905.72,1.5844846668426265
5094,0.03180127495276755,0.48093842031186756,-1.1073060428225287e-14,2.7288448969101586,1928.72,1.5983006175532748
5119,0.002056816332438115,0.3629563482892164,-2.312152972782801e-15,0.5603565430707833,1312.8285714285714,1.05060804027712
5136,-0.00764962923791327,0.30967378301202925,-1.5624664404769523e-14,2.285494088494704,998.4,1.6304670961427394
5207,0.016203573982327895,0.30118997117756313,-2.5939114631295308e-14,0.4632378546321912,1149.72,1.609548605049551
5449,-0.024412812675849046,0.13296215916883175,-3.368369007941482e-14,2.02141876080089,820.32,1.551140213652882
5550,0.03935557364056005,0.2620592256107829,-8.030492218591436e-15,-0.906242850065543,519.9090909090909,1.1233124212450372
5551,0.037252798925059984,0.24419121719551096,-7.531168179799662e-15,-0.8997531330326485,519.9090909090909,1.1233124212450372
5729,0.040965278411726105,0.25213725329666054,-3.054712552287469e-14,1.1475531159914754,1632.72,1.4002483659167333
5765,-0.0008627439975187201,0.30627153203685425,-1.9036019043676755e-14,2.030199056271198,840.32,1.5467201744023233
5774,0.012543788948016743,0.31389588005483826,-2.792580503313467e-14,1.9505936293090398,959.84,1.4365275641256587
5775,0.05294337338422017,0.915327178134799,-1.985911688013995e-14,-0.2221560636135032,628.6129032258065,1.0163345546262268
5776,0.05083775925990733,0.8851624835737975,-1.958351212866652e-14,-0.911163847543556,628.6129032258065,1.0163345546262268
5787,0.007941335212951279,0.26967101633423834,-6.821708446857585e-14,1.059719760931346,1837.72,1.5422768477052993
5819,0.03169270690115094,0.24970814701833763,-2.18195332138907e-14,0.9844132819062784,1780.72,1.5051908650384238
5844,0.031261615233723984,-0.18578484670864293,-2.0890345090184675e-14,0.428598130636284,1076.52,1.4910996347316834
5875,-0.014765846722808834,0.2031301624658385,-5.258954704855008e-14,3.8577592780861876,1336.88,1.472620427394794
5903,0.03501016727712557,0.2549758569992674,-2.165750905736626e-14,-0.0633844261956569,647.5,1.0280830396245673
5914,0.06038426945204225,0.2690019108533329,-3.1103765799455767e-14,0.4509696066269953,955.0,1.3111966578030942
5939,0.006858713289037641,0.36395469980573597,-1.660907356807662e-14,2.9635065686060513,421.96,1.3748373951996091
5940,0.005710280878391173,0.36037565335958444,-1.668602376717427e-14,2.929907439119159,421.96,1.3748373951996091
6025,0.06609935506073603,-0.017746377837992256,-1.1075885555758217e-14,0.24043401673917977,664.52,1.416742534985069
6154,-0.03749508401337423,0.34449058797749604,-1.739048647499597e-14,1.5197079725985605,1455.44,1.3420538133360762
6250,0.006546996882053501,0.3518499818456455,-2.0492568987320318e-14,1.7823753788259384,591.56,1.3128977051757587
6271,-0.030735156071184665,0.21102568831838198,-3.2183605867562903e-14,-2.6853313814943123,861.36,1.3162881115202867
6281,0.07588240491111135,0.23533169608211646,-1.6913850956415452e-14,1.5482343949866881,1071.72,1.3162881115202867
6314,-0.025418986324872314,0.3757079894941519,-2.2510429619406056e-14,1.908156440033001,1142.0,1.2234700835018624
6315,-0.02590978138043849,0.3689073063450054,-2.27212745691268e-14,0.40943950593824885,1142.0,1.2234700835018624
6522,0.0291198498004998,0.16517128714126686,-1.2529533038399281e-14,-1.260519122580064,685.32,1.2869585971701634
6523,0.02702074593775178,0.15028781355762408,-1.2688329465134909e-14,-2.590292876553788,685.32,1.2869585971701634
6533,0.06855000020121248,0.45688988389725954,-1.7358250547651696e-14,2.845299051598283,1047.24,1.2637013465396212
6615,0.020734649560430935,0.34252247298266836,-1.730517217796569e-14,1.6218715878116443,681.72,1.236826415381125
6616,0.019802487492770388,0.3362825756774374,-1.7361894972293458e-14,0.3823544039359435,681.72,1.236826415381125
6769,-0.042853348852974524,0.2430370287153658,-2.2425030718268773e-14,1.4851755753650173,619.52,1.1215140553046508
6887,-0.0010581838136109615,-0.06443299817372974,-2.1275460883797253e-14,0.1158979180744798,606.92,1.2618805400660618
6888,-0.0012373540650125242,-0.06443342273783505,-2.1080605001553023e-14,1.7403055137148618,606.92,1.2618805400660618
6904,0.03199805580193184,0.2748077816054512,-3.191158829176304e-14,1.4334103273933965,1415.72,1.2147437315088865
6905,0.030511943938017764,0.26448127950662625,-3.2116947892177204e-14,0.8288876703156143,1415.72,1.2147437315088865
6969,0.0008904005114102767,0.3002280113406582,-2.3789896690560464e-14,0.054624795965149534,769.4,1.2554705288132062
6976,0.001849829748541646,0.30251908687314355,-4.266860031602596e-14,0.8948170948806202,746.92,1.2563898191927978
7049,0.04302194692688318,0.22731640997711963,-2.2209609304023836e-14,-0.8653276053344137,385.96,1.2948374539011436
7113,0.027675198905110953,-0.026618759025032974,-2.069739776018835e-14,0.8989677425751538,416.04,1.0243204048426715
7114,0.027222292191369374,-0.031222044824043952,-2.074524979965192e-14,-0.8282680782975536,416.04,1.0243204048426715
7305,-0.00430328268197404,0.35469831053558426,-3.482475912180822e-14,0.413840208149787,1191.4074074074074,0.7736176637148741
7340,0.001770558345470835,0.3050669982525108,-1.9134406234686998e-14,2.773206550150633,1237.72,1.225394150307189
7341,-0.0004950223404783469,0.2916093856923335,-1.909827442230128e-14,0.40198006374533757,1237.72,1.225394150307189
7343,0.04837994198025715,0.2975359854421963,-3.067019967155431e-14,2.751768100779833,1319.88,1.2244327954390704
7346,0.04747337672486729,0.3682823335330289,-1.8941732601865132e-14,2.74850743226014,737.4,1.2320860688775688
7349,-0.018769995020094736,0.21562692113437706,-3.338066314917047e-14,2.337875190276133,906.2,1.225394150307189
7350,-6.326667320655927e-05,-0.15204001929643418,1.383261549286211e-14,-0.12051962979287754,976.9545454545455,1.3748863341434516
7353,0.015971235958568756,-0.24349021393441056,-1.4352899355930985e-14,2.179280434527486,895.2,1.225394150307189
7449,0.01191159421388013,0.4423451731152905,-4.019992511438738e-14,3.279182038518392,808.32,1.1888769197568754
7450,0.010552581770759198,0.42855228396280676,-4.0217862341302896e-14,1.532160173384161,808.32,1.1888769197568754
7490,0.03137031853886728,0.03913124540421685,-2.3784452131631505e-14,3.317889516704235,1382.72,1.1817359596244976
7491,0.02931683888603063,0.026927712659133664,-2.3724765608401503e-14,2.065688182029994,1382.72,1.1817359596244976
7639,-0.013584665710273305,0.14601034951447173,-3.805570995795187e-14,1.9800456919841949,1049.0740740740741,0.878000424048249
7731,0.03971684526017903,0.21567337022487304,-2.5014731795597186e-14,1.7497839523264493,586.6,1.0732353298811748
7895,0.003747748151868166,0.07093095346661246,-2.653386278048578e-14,2.060558607402508,835.32,1.090184877147608
8185,0.035796553648028945,0.11636653176646253,-1.6663564383952585e-14,0.6694798087848429,630.625,0.8232744107029347
8208,-0.014648767683952908,0.3433757882045612,-2.751537318241651e-14,2.183871748990521,1199.72,0.9543981393083061
8467,-0.015101543637763304,0.31061168453432947,-2.6184873494190035e-14,1.9454601301165528,1188.72,0.9365803706141722
8528,-0.03570325582531506,0.07671128425375788,-1.536101685664955e-14,1.7746312879838333,611.8,0.7524508411136288
8555,0.016957699939893413,-0.01088576693586731,-5.947062416386676e-14,0.6903245276305595,403.3333333333333,0.7929934682968843
8734,0.010278587364091714,0.23156049379747506,-3.499776711229021e-14,1.41367675317871,735.28,0.899873185617626
8988,0.08449396453914076,0.1765493563851026,-4.4893736949281584e-14,0.6627388078152013,784.4583333333334,0.8442698932626619
8989,0.0833960189315702,0.16973959802933464,-4.5133183495102604e-14,0.5922829266964666,784.4583333333334,0.8442698932626619
9049,0.033324338650959254,0.4162715991929913,-2.6556857195724873e-14,3.827414479020782,1111.72,0.7608950102670655
9062,0.07561982144785906,0.23392914469797702,1.4943638778745113e-15,0.8688347382279421,522.5,0.8928405344991807
9063,0.07343102874652907,0.21444310521508414,1.4897481524739243e-15,0.40830365504224453,522.5,0.8928405344991807
9242,0.05525614551288134,0.33556590684941034,7.632955529905713e-14,-0.3535871501792353,482.0,0.8189363428140553
9243,0.054202670293129404,0.32108163055628874,7.61403316838899e-14,-1.6781098762147006,482.0,0.8189363428140553
9707,0.08668073375745064,0.26197046099683313,9.696240812166441e-14,1.8316399627464504,614.4782608695652,0.7546667177321205
9708,0.08556846575213398,0.25430076393741063,9.698001918907865e-14,1.4870380550214382,614.4782608695652,0.7546667177321205
9808,0.02921223889957448,0.019111626950630626,1.3370089304271396e-13,3.4976580721139983,542.9565217391304,0.8149446867576318
9855,0.03978986216217866,0.16901815629600944,7.635217562598906e-14,-1.5782397055556516,685.8260869565217,0.6630091876117207
9856,0.03873624983826264,0.16142325819442982,7.645039838973829e-14,-1.3209616593305968,685.8260869565217,0.6630091876117207
9913,0.025419365065932557,0.2466609948521493,9.876391924473579e-14,1.1969831507197521,271.95652173913044,0.6956638168372392
9993,0.03127019505788089,-0.053299629147496745,1.4276121223820888e-13,2.8481075197067374,386.7391304347826,0.6763749015159747
10115,-0.044785216449631154,0.10357457631764351,7.205451281048961e-16,3.118789815978291,940.2857142857143,0.6194822769884466
10237,0.02237437466710629,-0.29930459450171265,7.75337829733546e-15,-0.676736152504964,929.0454545454545,0.7588910008384727
10238,0.02096362783897065,-0.31023654155707436,8.118177270455582e-15,0.002764353056253398,929.0454545454545,0.7588910008384727
10335,0.016010897716602905,-0.4113047461442283,5.294867672712046e-15,1.1078966992549757,351.90909090909093,0.6549272867227365
10389,0.002960696543251432,-0.014494678555400079,1.6744632310224482e-14,1.91001281990632,432.59090909090907,0.7523089346639934
10390,0.0009322989007436999,-0.039874593526772334,1.6531249570472396e-14,-0.4638206825060649,432.59090909090907,0.7523089346639934
10415,-0.08176406471811079,-0.4418447402987249,-9.382929104572137e-16,0.48339241528675697,490.8,0.732517725953267
10416,-0.08316019861394698,-0.4532837121171373,-1.0178584072465294e-15,-2.246247901496587,490.8,0.732517725953267
10912,0.018988292946692062,-0.18128408975490873,3.5868197545429916e-16,0.8706964425575692,922.2857142857143,0.5359482976521119
10913,0.017715110517300514,-0.1912859133107135,1.5717566242815816e-16,-1.8910712583268743,922.2857142857143,0.5359482976521119
11120,0.016924029832585785,-0.2737836877502854,1.0339941992139919e-14,0.26412649483017014,735.3181818181819,0.5391654271889341
11300,0.036518307317294364,-0.05294187007679274,1.2575347578794581e-15,3.540116369596301,978.2857142857143,0.7209839250890248
11301,0.03547582490106905,-0.06209753411652115,1.5541724532499475e-15,2.449871586417819,978.2857142857143,0.7209839250890248
11369,-0.057183297621981516,-0.12573646377318248,-3.222935733598173e-16,0.4943898598118648,372.15,0.7165116688052988
11370,-0.05857745778010304,-0.13814468668204125,-2.0754003978758358e-16,0.04824777818231703,372.15,0.7165116688052988
11399,0.007713621855580888,-0.3418093332018105,2.330699358016115e-16,3.6980943312847203,562.7142857142857,0.6480000985969137
11400,0.006418175038284991,-0.3537616668808807,1.3246170953127542e-16,1.8299838959770545,562.7142857142857,0.6480000985969137
11412,-0.04576149037484379,0.09563999766761493,6.520606308768969e-16,1.2462335956513337,940.2857142857143,0.6194822769884466
11452,-0.049899775147115015,-0.43952644559220655,-7.109775032997866e-16,-2.8114233326825393,490.2857142857143,0.6622257164252032
11488,0.0072369017641101124,0.05965882799302373,1.1737905415574286e-16,2.1648739277287072,921.2857142857143,0.528535363151504
11822,0.007386015799798943,-0.4008810678055369,-9.375114471083709e-16,3.6716632080254556,891.6315789473684,0.6377224660963573
11823,0.006343915691451913,-0.4130940544122091,-7.866688115865561e-16,1.9846700784813645,891.6315789473684,0.6377224660963573
11891,-0.08808053846729541,0.10309720482080537,-5.018969355395768e-16,1.8852283118630326,829.6315789473684,0.4166426818974343
11892,-0.08896289278356917,0.09567199827304423,3.0126334224065954e-16,0.7823893980779505,829.6315789473684,0.4166426818974343
12301,0.007660958543400534,-0.34789880366496595,-7.166256995490456e-16,2.75535596292152,594.1052631578947,0.35522054321406743
12456,0.019518998755877565,-0.7635049044128843,-1.4948646859423823e-15,1.4722635245359352,252.52631578947367,0.50441648104214
12457,0.017467141637081015,-0.7842375811653222,-1.8656934084141907e-15,-0.006382477252340774,252.52631578947367,0.50441648104214
13107,-0.11961326834451891,-0.16817421980715758,1.9441511617792966e-14,0.19599775749962917,821.2777777777778,0.5222200863300958
13108,-0.12086401452652326,-0.18263944648388913,1.940995813937499e-14,0.2089279962393826,821.2777777777778,0.5222200863300958
13238,0.032407015580626475,-0.4528789084686289,1.1572943864581455e-14,0.19808562853470135,459.27777777777777,0.4974772247889404
13239,0.03045402500381167,-0.4729704164118662,1.1902686627458221e-14,-3.3474246637355787,459.27777777777777,0.4974772247889404
13312,-0.03429363532557889,-0.7765771294955283,-2.8891616110045655e-16,-2.023888601452547,589.8421052631579,0.5563869696750471
13369,-0.20868056009875394,-0.21006363005527828,1.697916794439699e-14,0.6197653569299297,393.88235294117646,0.4461001273095496
13370,-0.2094174421046322,-0.21898915725846702,1.6182559973838403e-14,-0.5570488565636814,393.88235294117646,0.4461001273095496
13840,-0.13238692808040983,-0.11077969977790346,2.062963507301791e-14,2.735324564030964,799.2777777777778,0.4462044188854656
13841,-0.13281899926434648,-0.11592989897546588,2.1420894029811803e-14,2.2979262571993395,799.2777777777778,0.4462044188854656
13949,-0.12056716557457893,-0.4279398802851204,2.0595962499111452e-14,-0.3542428792770244,839.2777777777778,0.5710145423491055
14282,-0.2383574954458584,-0.5436731607126726,1.1707759615082799e-14,-2.0522870373188593,295.94444444444446,0.49420127742963416
14319,-0.09676904120450237,-0.012276865955449134,1.1620122517946161e-14,0.5101558259351342,779.2777777777778,0.30720877486012527
14320,-0.0976463625567044,-0.018133687188380924,1.2112416233703332e-14,1.985119393377012,779.2777777777778,0.30720877486012527
14497,-0.2657834944645619,-0.541312305695896,1.469128429178324e-14,-1.977139461008,428.3888888888889,0.37032399825702395
14549,-0.18056281694032633,-0.27270408832017323,1.3234347259555489e-14,-0.2645956098075575,384.05555555555554,0.40276956261038355
14611,-0.19186891239919113,-0.24047022618786615,1.234884250136116e-14,1.1642892476106599,793.8823529411765,0.5168080000330596
14612,-0.19309877592014846,-0.2569974479173499,1.22496121345373e-14,-1.196725181487928,793.8823529411765,0.5168080000330596
14833,-0.1722987571744176,-0.09745707969162883,2.825261961560252e-14,1.0702224982850073,804.8823529411765,0.5446998766101302
14975,-0.13242083208215089,0.10910935929807637,2.006688800392235e-13,-0.95648922445506,474.3125,0.4661277791809836
14989,-0.10321910477043471,-0.23416612283724053,1.3899946470636363e-14,-2.293945719186839,776.8823529411765,0.4685612609351794
15389,-0.2441798565727267,0.14938725145299617,1.4279185024964638e-14,-0.5386042816508332,492.1875,0.5310598744280602
15491,-0.19268857039336484,-0.5181775996136191,1.8306962005834788e-14,-3.371137723866946,689.5625,0.172417294978637
15576,-0.20317194506075198,-0.43150367329415545,5.341464081220707e-14,0.3681126628152578,706.5625,0.31229072568255234
15585,-0.0638034696771957,-0.19547727569917292,2.1777939923054105e-14,-1.168151307167849,730.5625,0.40692039990186346
15967,0.07285337917559283,-0.4936534088759138,5.843660310578616e-15,-0.8068213979244397,448.26666666666665,0.1596268734126888
16262,-0.12039623604734952,-0.769189259865054,3.577983053953951e-15,-1.6425593491432822,711.2666666666667,0.4242241915230495
16263,-0.16801629015619451,-0.9531246638523139,1.1530087209393922e-14,-3.8251376251192535,699.2666666666667,0.39020319896167516
16370,-0.20719118915194262,-1.7652217803392432,-6.075675420022421e-17,-0.17509449039925773,591.7333333333333,0.3135491757256368
16371,-0.2084723218524922,-1.7853742366052365,-3.0291045877580644e-16,-0.26655538834056813,591.7333333333333,0.3135491757256368
16461,-0.2987950618194423,-0.08796313426421626,2.7542925894498657e-15,-2.8735285045570786,677.2666666666667,0.3173354123638091
16500,-0.045556461904430814,-0.05425884134405839,4.553341897871961e-15,0.6619190814207518,651.2666666666667,0.18555419093530875
16501,-0.04722628021147737,-0.06381894093299303,4.60922307814932e-15,0.5357588043976546,651.2666666666667,0.18555419093530875
16579,-0.437196054124517,-0.023980368629443714,3.585958374254777e-15,-2.451390873494249,332.1333333333333,0.18555419093530875
16772,0.21936244880051253,-1.1911142291987038,-1.4864529519798818e-13,-1.4333529451806604,317.7857142857143,0.10628027890583394
16773,0.21768069075349597,-1.223041213444201,-1.4286270474809076e-13,-2.0060012548733765,317.7857142857143,0.10628027890583394
16780,0.21956044711305744,-0.3486964120364908,-3.896627410817637e-14,-3.271984315229956,668.9285714285714,0.3706990403216194
17102,0.11137788299803322,0.08694772548051809,,2.1484927764576778,578.5384615384615,0.13935405574259507
17103,0.10972829550699632,0.07660039950856457,,1.4290903101452999,578.5384615384615,0.13935405574259507
17612,0.20977215931757687,-0.0694045667828173,,0.9856055941485343,587.5384615384615,0.17954421887313649
17732,-0.1793065840857537,-0.7116332165231155,,-2.9514147383364744,626.5384615384615,0.31233560057283477
17811,0.018279616536889615,-0.18687333804458633,,3.307981357779537,586.5384615384615,0.17535833185985616
17876,-0.0058058515091936255,-0.44590654902050664,,0.5300814861122285,563.5384615384615,0.050939099322753506
17927,-0.14947510556525118,-0.6929967365228635,,-1.9335031129189928,588.5384615384615,0.18367100357863567
18291,0.4086593070555091,-0.5083796214082479,,0.8510394720972893,577.25,0.22974568155234176
18325,-0.31005289099875544,-0.3721082853824803,,-1.4515185935977126,258.75,0.13086820733450824
18326,-0.3107605645408505,-0.3790557374503921,,-2.1947115513392563,258.75,0.13086820733450824
18358,0.09356600735410654,-0.3509412067339525,,-0.03802797276466854,514.25,-0.07209921258582745
18359,0.09166808474877251,-0.36038172398668195,,-1.6682905424004018,514.25,-0.07209921258582745
20018,-0.017900556649394953,0.24137388888230152,-1.2519301946829495e-14,0.47893025128134314,1090.32,2.687217168966114
40001,-0.05000440957928527,0.2734314707131831,-3.570986339439887e-14,2.6584237539737514,597.2,3.065694875237087
40008,-0.0010205641331034504,0.09401339182847122,-3.0898095189594775e-14,3.766706447525307,3587.72,2.7446586667599866
40011,0.0024870433560357434,0.28357117527853143,-3.421269182771473e-14,1.8799223790901436,1613.72,2.6621137424446455
40016,-0.019203127121698364,0.2166046535923034,-3.1715704166041456e-14,1.5592544629543246,1217.56,2.5465535069392544
40025,0.05975315262617729,0.16869547296079512,-2.8541368995405103e-14,2.549209096099598,919.76,2.410048839350338
50004,-0.007011550612030977,-0.05880850727071872,-4.44825670356927e-14,2.976792966843989,823.52,2.9278178791674287
50009,0.024146182909222713,0.22357203660718455,-3.072016246356361e-14,3.221305027948948,3725.72,2.7494299926446235
50010,0.03722045257560921,0.2723897812149915,-2.936731794182769e-14,1.6875368515898723,1745.72,2.6900297524490053
70027,-0.012565174980823367,0.4562031697015714,-1.7405717306511592e-14,2.378089439316776,1068.0,2.4130343288461034
100022,0.04261718074863304,0.3522029468957867,-2.2565168616809402e-14,3.6586008227835,1413.2,2.8846475354627965
100039,0.05127372707122328,0.31070794055785944,-2.45293285974959e-14,1.6509915661366437,1520.72,2.5463368061588687
100060,0.034659706812697845,0.10146953639250991,-1.784132815037093e-14,2.862073994537941,2686.72,2.361515031665925
110002,0.005505728190109662,0.1925904291275536,-2.3957693909411387e-14,2.3417829938150425,640.16,2.9562547465324593
110005,-0.02466754819574686,0.3887731725548461,-1.899111928646774e-14,3.3844735927878817,1148.72,2.916121235147415
110009,0.02055056327941348,0.3623332786825713,-5.4455513078517165e-14,3.679840959765445,748.92,2.8155646533674434
110013,0.019681264304079748,0.3730123411140378,-2.176429835440923e-14,3.889181402089988,3248.72,2.657866879646241
110015,-0.014806524606469801,0.27078204206274364,-3.5014800204848794e-14,2.69739917099708,3945.92,2.6317946827177012
110025,0.030266316517436116,0.2130180717612327,-7.438095450823736e-15,2.712053390780057,551.64,2.4409492397954087
110029,0.06160922544220474,0.26198609500659875,-2.3802200524233578e-14,3.7126333201542003,1359.72,2.7199047666539773
112002,0.003317933340397504,0.08378977077007371,-3.022867274382007e-17,3.0543879549383868,548.2,1.9877751198366753
121003,-0.001518614672028513,0.28790010819347167,-1.8698145297726327e-14,2.332214923619947,1705.72,2.8245911195025513
150968,-0.01018708499467963,0.2648707375596732,-5.3081776722791963e-14,2.119721808737559,922.8,1.6812086069602992
151001,-0.010041162596746337,0.355964288656229,-2.605657099293756e-14,2.0957011942655743,1518.52,2.974254410154134
160220,0.01938919790722591,0.268052930991126,1.3002004317186079e-16,0.99962260391751,1584.94,1.429412960533553
160226,0.028075464296129216,0.23602767688514023,-1.6485692451946816e-15,-0.586534932727894,1514.642857142857,1.3582265194861745
160605,-0.054888597142722234,0.22019765645421482,-3.783966961648786e-14,2.6100774482925453,943.52,2.933834285444088
161606,-0.03288565678025035,0.06609641780589982,-1.7341181559262384e-14,3.0592169901685122,3347.16,2.935734322912273
161810,0.021533834527636193,0.1989912007208113,-1.1334331689783093e-14,3.189067229016155,1006.32,2.6123339024685572
161903,0.021213520675349467,0.2363630693317927,-1.3596385013624497e-14,4.576077651255386,1491.72,2.868996001982327
162006,-0.004255475307276079,0.38816165007626774,-2.004840670405304e-14,2.7898564836180832,1555.72,2.7744946176965932
162201,0.031465098281081766,0.18889538732705252,-1.1865645501876403e-14,2.456876050577642,761.6,2.9883394250943356
162204,0.00347858793762551,0.37560761093367123,-2.7501467883162335e-14,2.0490283635132567,707.48,2.9253125162035345
162209,0.031077343397762767,0.10319560527059005,-1.5885015554644897e-14,2.213515811771641,957.52,2.744481507059011
162214,0.024157625014233252,-0.055870902476324286,-2.7357897648508467e-14,-0.5754277620014479,1117.08,2.4885317958544593
162703,-0.047822703111883844,0.24438173971837243,-3.427177865187611e-14,4.447668034946974,1545.52,2.894134231296303
163402,-0.011931687815860079,0.13393989838877038,-1.946434512012255e-14,5.314882345550382,586.28,2.851504348715886
163406,0.0167559380532988,0.23067316172227825,-3.7563916456544586e-14,5.513967718578896,3134.4,2.550661743053988
163411,-0.017731811320401865,0.15436005909979372,-2.7651435570443585e-14,3.4949304374765484,2033.72,2.4440823267519085
163412,-0.020760743564238182,0.18975418188494553,-2.2692034100255192e-14,3.8581003753678544,1719.64,2.3830152873910335
166001,0.009492171953587085,0.2887798570479167,-6.834464857813231e-14,3.6515385002927694,4246.72,2.776897850210007
166005,-0.0027784881774050607,0.2915037987258124,-7.962307438810424e-15,3.208623807128926,743.8,2.6076624032981384
168002,-0.04892465576838017,0.23488418735811956,-1.9186137327150263e-14,1.1189304757951677,414.7,1.646959173705441
168401,0.00878116240468476,0.44331597244510373,-1.3636875245034863e-13,-0.2545400466886994,1123.1351351351352,1.2991948551971593
180031,0.02458337190418422,0.1827289920210984,-2.608742539952211e-14,3.7015173344236056,1207.72,2.36334679672729
200012,-0.03972474468379942,0.3144065570172174,-2.140601837691841e-14,1.8653695183267294,1354.88,2.488301857649363
202001,-0.010439224467009888,0.24057166663328952,-2.728234872214982e-14,2.946375462065571,3781.72,3.0647978697188285
202002,-0.009599438499236595,0.24208844864212417,-2.7835763365302515e-14,2.666625079099037,3781.72,2.808615770591973
202027,0.018271267265083924,0.31387261240960435,-2.606307126027928e-14,2.1398255752588904,1149.72,2.3376504555239057
206009,-0.024690444404298833,0.19205940304891855,-1.793034230390563e-14,3.8098209381326194,4279.72,2.4558020200989112
210004,-0.0034858979207193015,0.36611696505294017,-3.988340681852761e-14,1.6666779641197507,767.68,2.552386387772803
210008,-0.07732543195260039,0.3607867246375715,-1.3407140450851423e-14,1.7092709230215517,1249.72,2.437079261851136
213003,0.053382302540175175,0.18710456801562672,-4.0688300360483065e-14,2.525546422440457,959.72,2.7786108705606556
213008,-0.03895060699645032,0.11173186984449811,-2.028498765190391e-14,2.4178375189062886,931.44,2.6980482646362645
240005,-0.02187439277306907,0.23902299721409057,-1.5324745360663712e-14,2.2633048776623714,1282.32,2.933980571605064
240011,0.03514722051552282,0.15141712478981662,-2.6285204420407765e-14,0.7018075180719352,595.48,2.664998857987005
240017,0.022707048771121598,0.11091034915738465,-2.2316560610633104e-14,1.1859145250081922,1374.72,2.4999602895013595
240022,0.0197225015875668,0.4881406474092267,-8.544743516883476e-15,2.403074303367777,1042.04,2.3470010150347353
257020,0.002211424653010399,0.19504674872737707,-3.254039969211896e-14,2.2806921299011425,4931.72,2.8427213526263704
257030,0.031389498517220414,0.28784986316720473,-2.2021997214027434e-14,1.6004560838357,1573.96,2.777754731879594
257070,-0.003521575389002199,0.18717072696247986,-1.4139703772228032e-14,2.3650732442610605,3332.72,2.4612549312099588
260112,0.02473043766695203,0.5791386093090726,-6.793044661974702e-15,3.037880896679774,2567.76,2.5895808229520454
260117,0.03652907765223901,0.1296239788235478,-1.906768667910336e-14,0.39280355430966796,698.52,2.3224993528362257
270028,-0.011243643294248531,0.45635336887037997,-2.75267404861733e-14,2.9768345631877917,4211.72,2.432463620823965
290008,-0.11528844070576723,0.25076617146458313,-2.0465590656972114e-14,-0.24274285823994768,1069.04,2.4981406837864655
290014,-0.12268489709863627,0.27860917720992595,-8.456864254944467e-15,-0.07543470360164078,1132.56,2.30071411942774
310358,0.001081238246243287,0.370727274834041,-1.8332415148981077e-14,2.9594276585433397,968.4,2.786113054609778
320005,-0.0027388489648776508,0.2414696842722194,-4.256367849393226e-14,2.4764074853144886,904.48,2.7886576461449533
320007,0.04432928075786111,0.07740198625712134,-1.4724353083173175e-14,5.331714845020193,743.04,2.6349680100594775
340007,-0.03285674734017658,0.13056565986515098,-3.7441563451833846e-14,3.714161479461376,919.2,2.6952585162414477
360016,-0.029137921728744375,0.2645802924085031,-4.0351485364548027e-14,1.5989413265248078,930.68,2.395741348500369
370024,-0.004587981119556206,0.23491659585544297,-1.9985325844894094e-14,2.040703644156166,1646.72,2.3203154337303338
370027,0.026750837456828276,0.2094197360046727,-2.1126569476445983e-14,2.288351040890861,1464.72,2.2931545921240137
375010,0.014905648607375572,0.30266632148539907,-2.076349473449101e-14,3.0442510210166747,1464.72,2.915227213226192
377010,-0.006709296464181888,0.19395374483674974,-2.488122856204144e-14,2.3863603130119544,2752.72,2.85515423586373
377240,0.017579427729823984,0.30418621017039676,-1.679743991830867e-14,4.052175757633669,4280.72,2.4491223021219763
378010,-0.007393972140828507,0.20316080823108157,-2.1710745038590635e-14,2.4725663388393975,1191.72,2.7991062933686446
379010,-0.00394754296648181,0.1015530973845524,-2.3413065968003317e-14,1.5021279253570745,2380.2,2.644427001530049
400001,-0.020701560199557472,0.11643571210431997,-3.462976009665315e-14,0.8495273267072204,1550.72,2.9045862149799215
460007,-0.009002947037114293,0.2535364129339256,-1.1358564743650267e-14,0.970698999523993,4882.72,2.605624366387321
470009,0.015442032676279586,0.22464186781851422,-3.5966551639516806e-14,3.409931353403408,2577.72,2.547852706225784
470028,-0.02750320434408775,0.13924578007355665,-3.597098453630295e-14,2.349374415136742,355.76,2.4741723141578533
470098,-0.00942826240215264,0.33212936661467374,-2.6919749184932266e-14,2.52989636424742,1128.08,2.389908038414203
481001,0.0041628947428446585,0.255772717271454,-2.7615786504514804e-14,3.8006693129535267,3313.72,2.861627342815225
481008,0.004566128344946078,0.33113745735829925,-1.9578507874423565e-14,1.148617242278658,2058.12,2.6772145413442394
481010,-0.02337044624888789,0.4035852079384321,-1.9654693554187598e-14,2.5244670626940735,878.52,2.5658629637756487
481015,-0.0044271052366749285,0.29215912890457546,-1.902743522473316e-14,2.1917444703787314,1805.32,2.4241490992892536
501026,0.014832588106201458,0.08580559745467872,-7.520783073010646e-14,1.5926215487866462,1042.7435897435898,1.2186000168022713
501054,0.015244640703672882,0.16239421516313335,-3.5478429704121577e-14,4.4233756881505855,943.92,1.5729007942784219
501079,0.04680468117024565,0.38087483306185743,-2.435456095841771e-14,2.3240236613412417,626.84,1.1512765017006636
501082,0.019674687061032283,0.34927797233735075,-3.153413407413715e-14,2.041654783488414,848.0,0.8150724414124796
519005,-0.03846764475490471,0.19633164778532,-1.177613536554821e-14,3.2805325985594913,2318.72,2.866806815131649
519013,0.008398733354163666,0.22014855218698004,-3.432566973695398e-14,1.31561376056129,931.64,2.794232777770745
519018,0.009981081006999635,0.10454749067724353,-2.5343844335823522e-14,3.531796735683809,690.8,2.806454985031868
519026,0.017096879678944684,0.3320091937594239,-2.171885743100667e-14,1.7543041642546044,1313.72,2.552386387772803
519089,-0.021479857027193412,0.34652627278870624,-2.853420899601623e-14,1.6925911955352593,1044.6,2.679109623185113
519110,-0.024872590141373028,0.19853648829156012,-2.270702355014021e-14,1.978638484969512,670.56,2.6978625269863517
519158,-0.03557773610415547,0.2545397388603472,-4.12506968500373e-14,1.3937206840469116,594.4,2.2385124993436682
519172,0.03917630159637825,0.2762920114288415,-4.80263058175186e-14,-0.9594573228920154,727.8536585365854,1.353374255031329
519173,0.037180581693041066,0.25826316022526263,-4.770833457523669e-14,-1.2466649971628936,727.8536585365854,1.353374255031329
519181,0.028139379765135097,0.43003951585924133,-1.2103138690023547e-14,2.304302834360735,2367.12,2.787131678094782
519185,0.034248813095193203,0.19183836581340874,6.569604186290115e-15,2.3051740264757536,947.04,2.6212092591340466
519670,-0.00736399965067532,0.17278790009053022,-2.0452167796634497e-14,2.335882679147498,1150.84,2.626016786712741
519672,-0.0047529595710457655,0.304384020322461,-2.868028858336229e-14,1.8320196966813682,2651.72,2.5321474366799404
519674,0.09394065697680196,0.16460296550059772,-1.3645332510188645e-14,4.886580750416782,1421.72,2.4949482032114743
519679,-0.016535032442094883,0.24923699999983473,-2.6917808086161762e-14,1.5892240111591238,1256.92,2.338723666329953
519688,0.0033475443648972652,0.26036914060677163,-4.3184620455814844e-14,4.184377947654638,991.92,2.85705319199882
519698,0.012118880765059317,0.32630533421027014,-2.870214771290665e-14,1.9338130703216216,1152.56,2.628810356360915
519704,-0.029303268869844613,0.5633048697629564,-2.2998208228408788e-14,4.058454966817431,1448.8,2.45413637278347
519770,0.046352564769198905,0.6437030785512976,-9.549323314520812e-15,1.5378466043733219,605.275,1.3457836071469822
519771,0.04584293592214337,0.6524118004506373,-7.924454748796254e-15,0.4263411522022602,605.275,1.3457836071469822
519773,0.01984433062079765,0.285469653049127,-4.6882228944821534e-14,2.5470247822297982,679.8974358974359,1.2862851608997805
530019,0.014560936273416451,0.22579611195855132,-2.3975578390937512e-14,-0.9453167295095913,605.32,2.348860356392714
570001,-0.029755227703713687,0.39873482625099715,-3.5731233492032913e-14,3.3504832015440478,3049.72,2.7630856196411173
570008,-0.02871683741821591,0.39943931445946934,-3.678195128705965e-14,2.288650369978993,2401.0,2.386850624848059
580001,0.09519212871239228,-0.04236591521473247,-2.5155479366532822e-14,1.2798102647420107,466.08,2.8942864999875635
580002,-0.02495227278898823,0.27383223006769375,-2.932903674081635e-14,0.9996555360017229,493.36,2.7845831467192896
580006,0.001890985236922353,0.20957550477286516,-1.8968769609810906e-14,-0.2824168227302391,325.72,2.5747455407575557
610006,-0.015899964302604215,0.2990403161195971,-1.2589355370374628e-14,0.8805166185237863,2968.72,2.456277397601958
630001,-0.010986630554463988,-0.0632778743647224,-2.3299247293718508e-14,2.222384738540112,850.56,2.758554707470834
630002,0.02326361808249787,0.5718072696878341,-6.611154972181256e-15,3.380751532073612,811.32,2.6676840229453997
630010,0.00042057679714423157,0.17787521539806536,-1.6941210382749043e-14,1.5344814728633625,1927.72,2.4593617199289954
630011,-0.0052105585515150625,0.3562644968050122,-1.0702157675326606e-14,1.269176008141264,781.56,2.368561449630876
660005,-0.023621658566142838,0.28825766554940035,-2.543685813061643e-14,1.9073715683034005,841.72,2.5566847698017883
660015,0.006921265270121023,0.5176229501301625,-6.753637573347663e-14,1.4185452180899565,757.48,2.3241340660426384
720001,0.044317796486086025,0.13006476681911192,-1.9453185249297524e-17,2.179815723239274,1901.1176470588234,1.6617407238980433
740001,0.03945602916342431,0.033634414765498714,-1.396070633194014e-14,-0.7532579961440312,472.97435897435895,1.6327153673880002
952004,0.029265830521590253,0.0951977152061816,-4.1242382644150434e-14,3.075544331529016,674.92,1.103153619381859
959991,0.0213223509146913,0.20207728827625349,-2.7831218847977225e-14,1.7994269484905256,476.3333333333333,0.8749985641623863
