fund_code,hm_beta,hm_gamma,timing
11,1.6733829815233014,-0.22814047671804333,0.22814047671804333
17,2.2823182189058615,-1.5396708825156855,1.5396708825156855
20,1.523878076916501,-0.8372883324346727,0.8372883324346727
21,2.0639375871988386,-1.1460938239612124,1.1460938239612124
31,2.1414188038730937,-0.9324956646351324,0.9324956646351324
61,1.687545247765715,-0.9189249485543421,0.9189249485543421
73,1.9353994875451408,-0.7556226397567494,0.7556226397567494
263,2.0720846817144025,-1.2969831882058034,1.2969831882058034
308,1.4479229974538643,-0.738402704522376,0.738402704522376
327,1.8978636175523766,-1.1716990777319019,1.1716990777319019
354,1.8499262809331039,-0.19861173099388005,0.19861173099388005
390,0.5952875521992604,-0.4416362262467081,0.4416362262467081
404,1.668552819565923,-0.3992768973126289,0.3992768973126289
522,1.8820968942530456,-1.634869325120367,1.634869325120367
601,2.1825253193286542,-1.330915203933085,1.330915203933085
742,1.4274596441213583,-0.4856798329289721,0.4856798329289721
800,1.4003819975331169,-0.5455421623816795,0.5455421623816795
823,1.006383454406991,0.2843810674989484,-0.2843810674989484
845,1.0217172463018853,-0.6993101944302035,0.6993101944302035
940,1.9593634561675117,-1.3585508757733038,1.3585508757733038
1000,2.737484862495849,-2.1048640055610974,2.1048640055610974
1037,1.4913886971595867,-0.49629026957686606,0.49629026957686606
1060,0.8375166475034291,-0.4414727840675,0.4414727840675
1075,1.4280548524321515,-0.2144222634713247,0.2144222634713247
1076,2.3912567281491133,-1.8121522437117343,1.8121522437117343
1088,1.353312979517871,-0.062096857580687725,0.062096857580687725
1170,1.1945403056372257,-0.07094533399239866,0.07094533399239866
1184,1.4326263152653955,-0.3644091446167552,0.3644091446167552
1194,0.7424493066843312,-0.6644455994162999,0.6644455994162999
1198,0.6038808068362473,-0.43967416259935493,0.43967416259935493
1267,0.9527506506770608,-0.07781396804060656,0.07781396804060656
1407,0.7257910671952439,-0.6372183300114895,0.6372183300114895
1411,0.3570014337233065,-0.02419467712860053,0.02419467712860053
1412,0.7685553562798331,-0.33208836427583455,0.33208836427583455
1437,1.2614338189523637,-1.303191709835101,1.303191709835101
1438,1.1783813445792972,-0.7820256639217,0.7820256639217
1475,1.3156547204746885,-0.2729848188547709,0.2729848188547709
1480,1.2874912400664187,-0.8809008475677275,0.8809008475677275
1513,2.539736146646078,-1.8858731207147037,1.8858731207147037
1664,0.7585570281934321,-0.3142890527133512,0.3142890527133512
1665,0.7569251626620863,-0.31255204752588006,0.31255204752588006
1702,2.0072015876593943,-0.7366778540300254,0.7366778540300254
1715,0.9074008887623297,-0.025663819929003285,0.025663819929003285
1723,1.5310322470773752,-0.9261751311777623,0.9261751311777623
1753,1.503736901572629,-0.9129817372275597,0.9129817372275597
1759,1.3872928039309176,-0.2714081132164199,0.2714081132164199
1811,2.372763713179019,-1.1728938272852973,1.1728938272852973
1856,1.622631768774491,-0.5918512968266106,0.5918512968266106
1881,1.798823887933118,-1.1971934244836189,1.1971934244836189
1985,2.0898880025651243,-0.9371461465643195,0.9371461465643195
1998,0.9054537168210628,-0.024255505438839114,0.024255505438839114
2051,0.3250792398133902,0.518307558236,-0.518307558236
2112,0.836392509503725,-0.028177468651583937,0.028177468651583937
2125,1.4048761003694514,-0.35995164682322217,0.35995164682322217
2152,1.923904988092766,-1.3554031367611752,1.3554031367611752
2163,-0.19916071766880522,1.3465785904450298,-1.3465785904450298
2244,1.4684227169658326,-1.1139314336382016,1.1139314336382016
2376,1.2316534752316979,-0.5301310355094614,0.5301310355094614
2420,1.0128291134944654,-0.5963624916027277,0.5963624916027277
2450,1.4435792125978366,-0.8299867347522614,0.8299867347522614
2451,1.3926437032376828,-0.8394012840667802,0.8394012840667802
2692,2.728440095759192,-1.8310116118588309,1.8310116118588309
2910,1.0982269926163128,-0.6361863622566051,0.6361863622566051
3567,1.732606804881815,-0.5556992135541526,0.5556992135541526
3857,1.5986403751243674,-1.0440797411752951,1.0440797411752951
3858,1.5993438394005313,-1.047158200786717,1.047158200786717
3961,1.899667910687476,-1.0190496452225581,1.0190496452225581
3962,1.936918430448972,-1.0699715703142498,1.0699715703142498
4148,1.735668347787882,-0.9423415989015108,0.9423415989015108
4232,0.7420358880244972,0.12441273462480096,-0.12441273462480096
4320,1.2559362910227836,-0.1935822978394639,0.1935822978394639
4374,1.1571998106735801,-0.028298523928054924,0.028298523928054924
4375,1.1565629930148622,-0.028993318075279884,0.028993318075279884
5001,1.6339810999042732,-0.8311397969577271,0.8311397969577271
5094,2.483263227608001,-2.1027083146703283,2.1027083146703283
5119,1.720708823022523,-0.29197595098111123,0.29197595098111123
5136,1.7361843310357838,-0.6993167711431754,0.6993167711431754
5207,2.3049035788381165,-1.2172659300991253,1.2172659300991253
5449,1.4049850770798507,0.009379497889731131,-0.009379497889731131
5550,1.6061960126303352,-0.6244164889905639,0.6244164889905639
5551,1.602956561919841,-0.621976639293134,0.621976639293134
5729,2.3244025629267884,-1.6584421508046583,1.6584421508046583
5765,2.3669453700163343,-1.168199612329582,1.168199612329582
5774,1.9427591940922135,-0.9991025700292355,0.9991025700292355
5775,1.2451210923534224,-0.9894279164090829,0.9894279164090829
5776,1.2379668804917847,-0.9757146316055717,0.9757146316055717
5787,1.7963755792415923,-1.1964618598995265,1.1964618598995265
5819,2.6303351869437224,-2.269891042080628,2.269891042080628
5844,1.834390930970144,-0.9844049447962165,0.9844049447962165
5875,2.42226263876142,-1.4847876843012189,1.4847876843012189
5903,1.3289874287713768,-0.6999759016857462,0.6999759016857462
5914,2.591858487710043,-1.9705928639190478,1.9705928639190478
5939,2.4369897169059915,-0.9895516673080577,0.9895516673080577
5940,2.434390838321821,-0.989638579424074,0.989638579424074
6025,1.8846912353405538,-1.4308314041625008,1.4308314041625008
6154,1.5195867058279005,0.1374630505149328,-0.1374630505149328
6250,2.9126025038338423,-1.7812858171877142,1.7812858171877142
6271,1.380746457892104,-0.20094477408795328,0.20094477408795328
6281,2.5101135975580644,-1.271275445477564,1.271275445477564
6314,1.4918180050239165,-0.4533504179349307,0.4533504179349307
6315,1.4911574894756396,-0.451436763429983,0.451436763429983
6522,1.9520332940116438,-1.020882445360677,1.020882445360677
6523,1.9460831625420483,-1.013673722250742,1.013673722250742
6533,2.1499893908702217,-0.9302505073110289,0.9302505073110289
6615,2.0964546854654116,-1.5935884721975226,1.5935884721975226
6616,2.093575254767428,-1.5898529927199976,1.5898529927199976
6769,1.5826085809552506,-1.1398806194843945,1.1398806194843945
6887,2.3849388986796205,-1.0226041898647222,1.0226041898647222
6888,2.384450261716599,-1.022974482546046,1.022974482546046
6904,1.5129219032825887,-0.4503725498086293,0.4503725498086293
6905,1.5077372644840132,-0.44375986038695153,0.44375986038695153
6969,1.9640834898506896,-1.2440262899810195,1.2440262899810195
6976,0.911696940018368,-0.0697637032915248,0.0697637032915248
7049,0.7575585391578462,-0.31316853248797144,0.31316853248797144
7113,2.3190045669760933,-1.1811879526443856,1.1811879526443856
7114,2.3210996874371568,-1.185012321819666,1.185012321819666
7305,2.1843440505629563,-1.457908277739352,1.457908277739352
7340,2.3232427235680846,-1.7929264400596532,1.7929264400596532
7341,2.3186219651049638,-1.7917671563390831,1.7917671563390831
7343,2.0521523341092944,-1.093457634935027,1.093457634935027
7346,2.521139639484111,-2.0382098978419525,2.0382098978419525
7349,2.5891696585467305,-1.4518665056116153,1.4518665056116153
7350,2.325014813495858,-0.8408670971646918,0.8408670971646918
7353,1.5162107268626575,-0.6857931122587391,0.6857931122587391
7449,1.399375348417794,-0.38612990049692736,0.38612990049692736
7450,1.397187451376963,-0.38751569898103944,0.38751569898103944
7490,2.0722791448150626,-0.8747306187539658,0.8747306187539658
7491,2.0688387590698376,-0.8764408168517862,0.8764408168517862
7639,0.7088448650042184,0.09492652083801534,-0.09492652083801534
7731,1.8602856086491595,-1.1764977497945284,1.1764977497945284
7895,1.8215667168289085,-1.055181155738338,1.055181155738338
8185,2.0417153487637307,-1.2477910418485219,1.2477910418485219
8208,1.5260930045622803,-0.6195446238486613,0.6195446238486613
8467,1.526333692242361,-0.5722549320196025,0.5722549320196025
8528,1.9142835745774118,-0.6331059560640376,0.6331059560640376
8555,1.4957747523589466,-0.38582008087564323,0.38582008087564323
8734,1.3427215687865677,-0.6987450847224278,0.6987450847224278
8988,1.898805747718179,-0.15347096993427983,0.15347096993427983
8989,1.8975745926827834,-0.1542978250028274,0.1542978250028274
9049,1.8758118615033907,-0.8068289193795318,0.8068289193795318
9062,1.9889505156559237,-2.2355912506706903,2.2355912506706903
9063,1.9846886787328928,-2.23049533429954,2.23049533429954
9242,1.7386414259646332,-1.1608186624181667,1.1608186624181667
9243,1.7363912413737452,-1.1581613922628342,1.1581613922628342
9707,1.67052034082977,-0.03323602700634476,0.03323602700634476
9708,1.6697303673466997,-0.03408031508793652,0.03408031508793652
9808,1.996911147076286,-0.39236892028763903,0.39236892028763903
9855,2.096042452501051,-1.4049811118571702,1.4049811118571702
9856,2.094119199357496,-1.4040992825832848,1.4040992825832848
9913,2.2344435767462882,-1.1267420084395896,1.1267420084395896
9993,1.7007547440707127,-0.3651769523329808,0.3651769523329808
10115,2.1329406392810086,-0.7781041521510065,0.7781041521510065
10237,2.309169107936298,-0.8854710259412133,0.8854710259412133
10238,2.3072133719621415,-0.8849689001514397,0.8849689001514397
10335,1.8573996498412695,-0.9138179387295163,0.9138179387295163
10389,1.4146962025908654,-0.6373010320131771,0.6373010320131771
10390,1.4124795728790063,-0.6370438745197566,0.6370438745197566
10415,1.9900062047266538,-0.33939275769842575,0.33939275769842575
10416,1.9875332536691614,-0.33790038344859463,0.33790038344859463
10912,2.0548666489866707,-1.4886822022415032,1.4886822022415032
10913,2.0526317622178993,-1.4868041384032737,1.4868041384032737
11120,2.700330624083293,-1.3886407355014947,1.3886407355014947
11300,2.108871988982109,-1.0007953502886635,1.0007953502886635
11301,2.1070002789881315,-0.9999088594754179,0.9999088594754179
11369,1.9031415768430193,-0.4071052397729788,0.4071052397729788
11370,1.9006307802778342,-0.40652414995419617,0.40652414995419617
11399,2.3548372314148702,-1.2916284985829714,1.2916284985829714
11400,2.350025200344341,-1.2879874706413337,1.2879874706413337
11412,2.130627835000375,-0.7766227280537635,0.7766227280537635
11452,2.111927013749485,-0.5417885775824306,0.5417885775824306
11488,1.611497281422586,-0.3695002783257374,0.3695002783257374
11822,2.208187494489787,-1.4090801569748437,1.4090801569748437
11823,2.2054446679086164,-1.4070384630652701,1.4070384630652701
11891,2.2988699550918255,-1.2581417480065136,1.2581417480065136
11892,2.2960309262679015,-1.2551137708135496,1.2551137708135496
12301,2.136655609661646,-1.4444213105105976,1.4444213105105976
12456,2.000720610509301,-0.7355469423409676,0.7355469423409676
12457,1.9958934808292732,-0.7322608916718899,0.7322608916718899
13107,1.7534987194265024,-0.8794276853081385,0.8794276853081385
13108,1.7509860485132716,-0.877742860770085,0.877742860770085
13238,0.902662900032913,0.5356433225613395,-0.5356433225613395
13239,0.9004068082661653,0.5365000994746526,-0.5365000994746526
13312,1.7259110163625924,-0.6693818238559044,0.6693818238559044
13369,2.6870196150474177,-2.1507405130008688,2.1507405130008688
13370,2.6855330976906786,-2.152919108198273,2.152919108198273
13840,2.2053717199540452,-1.857590706855081,1.857590706855081
13841,2.204342411773041,-1.8565564109233321,1.8565564109233321
13949,1.266500756791898,-0.536775501118263,0.536775501118263
14282,2.6655481199281583,-1.9109331050240344,1.9109331050240344
14319,2.335941952468855,-1.7448145929791359,1.7448145929791359
14320,2.333101816500402,-1.7431857657697116,1.7431857657697116
14497,2.5964439041095053,-1.9785559879103156,1.9785559879103156
14549,1.602792284431144,-0.69246776481587,0.69246776481587
14611,2.3435038631261498,-2.434109063631407,2.434109063631407
14612,2.3403723993553993,-2.4330629567625826,2.4330629567625826
14833,1.824858485268669,-1.4504823686713957,1.4504823686713957
14975,2.2069285297274654,-0.8301894556315236,0.8301894556315236
14989,2.1489948012856046,-2.35051829332985,2.35051829332985
15389,2.158144352788936,-1.4151996466052927,1.4151996466052927
15491,2.130033606971597,-1.8058349125911737,1.8058349125911737
15576,1.8099026262596987,-1.5279695621017926,1.5279695621017926
15585,2.2068531294286533,-2.054827234860052,2.054827234860052
15967,2.1432079008799114,-2.0745887183289162,2.0745887183289162
16262,1.9002182048630125,-0.6677922782322278,0.6677922782322278
16263,2.283337581704444,-1.7254620383539914,1.7254620383539914
16370,2.669435250966985,-2.56276205571591,2.56276205571591
16371,2.66662225183389,-2.566757422320225,2.566757422320225
16461,3.211469758216065,-2.8489058323456056,2.8489058323456056
16500,2.0925585460274734,-2.067217252596399,2.067217252596399
16501,2.09229790764542,-2.076616354141695,2.076616354141695
16579,3.5459576989010895,-3.683205710613671,3.683205710613671
16772,2.293134041937045,-2.385106280261499,2.385106280261499
16773,2.287888130412934,-2.3709159071507497,2.3709159071507497
16780,2.0752060802568812,-1.9055768645668176,1.9055768645668176
17102,1.5127413240897842,2.4930636829987254,-2.4930636829987254
17103,1.5112357491023858,2.493497124824851,-2.493497124824851
17612,1.8799738452332824,2.482002920763328,-2.482002920763328
17732,0.9285070659802079,-0.23946828245558802,0.23946828245558802
17811,1.859641046490279,-0.8578830371395157,0.8578830371395157
17876,1.7144935601143658,-1.6728420488028242,1.6728420488028242
17927,1.428005814953912,0.04443473809850039,-0.04443473809850039
18291,1.5419724351838282,0.6980462802818908,-0.6980462802818908
18325,2.5936005397399846,-0.6707109138778169,0.6707109138778169
18326,2.5914335567329165,-0.6711957166443017,0.6711957166443017
18358,1.1994451828968136,1.8332198653269116,-1.8332198653269116
18359,1.1980081196352566,1.8291542867850596,-1.8291542867850596
20018,1.7073872397378533,-1.05155508730076,1.05155508730076
40001,1.030651952921386,0.3877385913748294,-0.3877385913748294
40008,1.3516223367659645,-0.3091271019033598,0.3091271019033598
40011,2.181306878116057,-0.9188319015324169,0.9188319015324169
40016,1.8276307720514802,-1.2369831481005935,1.2369831481005935
40025,2.0770504204577525,-0.8047007495776004,0.8047007495776004
50004,1.3821066664143022,-0.6756468194207831,0.6756468194207831
50009,2.4744634035807254,-1.5523843971026872,1.5523843971026872
50010,2.4937545804127415,-1.5433350348215775,1.5433350348215775
70027,1.1999424062875954,-0.7611150279028166,0.7611150279028166
100022,1.8467653624392946,-1.2535436833786515,1.2535436833786515
100039,2.148405073411656,-1.414015173482607,1.414015173482607
100060,2.6367624557779576,-1.7709068155033385,1.7709068155033385
110002,1.8940279765316983,-1.231551912422571,1.231551912422571
110005,1.4998421467202798,-0.7791071341141717,0.7791071341141717
110009,1.4686798602812317,-0.25029887248000543,0.25029887248000543
110013,1.908499956495268,-1.1620605951775265,1.1620605951775265
110015,2.0813317926149923,-1.3093281466936224,1.3093281466936224
110025,1.0081371425324732,0.11460261704567877,-0.11460261704567877
110029,2.25053765395803,-1.2635387284990762,1.2635387284990762
112002,0.6799979199835724,0.26356075698255954,-0.26356075698255954
121003,1.4877178592843718,-0.8680130287346041,0.8680130287346041
150968,2.112661301276162,-1.5100393191166173,1.5100393191166173
151001,1.7594736189322755,-1.4845007448776681,1.4845007448776681
160220,0.4485825683180901,-0.2817257306191323,0.2817257306191323
160226,0.6593518732200184,-0.37046319955803375,0.37046319955803375
160605,1.666200601418312,-0.5425342305429016,0.5425342305429016
161606,1.8435289281854632,-1.4843332700751255,1.4843332700751255
161810,1.0363687243403552,-0.8699489372474821,0.8699489372474821
161903,2.259465360171019,-1.628499645372838,1.628499645372838
162006,1.6943289951741705,-1.0120666746550995,1.0120666746550995
162201,1.3844010609484894,-0.16232077493780128,0.16232077493780128
162204,1.8265925402379588,-1.1443440964690916,1.1443440964690916
162209,1.0712115421557795,-0.2988451022870841,0.2988451022870841
162214,2.320663122252386,-1.7716579245091741,1.7716579245091741
162703,1.9458528429225996,-1.763194149985333,1.763194149985333
163402,1.374914602197042,-0.7841401196196615,0.7841401196196615
163406,1.7759279095821587,-0.7010387505235576,0.7010387505235576
163411,1.4323082891556325,-0.2329808386095746,0.2329808386095746
163412,1.2703841917134457,-0.4528137434003514,0.4528137434003514
166001,1.8004834197440147,-1.2003738060311195,1.2003738060311195
166005,0.7403626978846856,0.13158812255636274,-0.13158812255636274
168002,1.1339425639251786,0.23765568373793208,-0.23765568373793208
168401,1.3410807076593256,-0.16322453305470816,0.16322453305470816
180031,2.42713334143635,-1.9583843454668564,1.9583843454668564
200012,1.7207234598108299,-1.3762604324937826,1.3762604324937826
202001,1.4671369697534802,-0.9699420576670268,0.9699420576670268
202002,1.4648140465286208,-0.9466400021752381,0.9466400021752381
202027,2.3112792024002577,-1.222947404684884,1.222947404684884
206009,1.6087253371303356,-1.383640940887904,1.383640940887904
210004,1.4562595606534974,-0.3148961730611439,0.3148961730611439
210008,1.7957075954090473,-1.0233749286452982,1.0233749286452982
213003,2.1740019079689565,-1.2871152424867653,1.2871152424867653
213008,1.9287897563507876,-0.8468326346254796,0.8468326346254796
240005,1.0176188619372817,-0.5156990350153039,0.5156990350153039
240011,3.101953736625888,-2.1616282376805027,2.1616282376805027
240017,2.4075368862565636,-1.5884759587830184,1.5884759587830184
240022,1.1205023384917192,-0.2931128403691245,0.2931128403691245
257020,1.56456704596094,-0.5051282308366908,0.5051282308366908
257030,1.8835292393268932,-1.3772962014667034,1.3772962014667034
257070,2.56539122625075,-2.584476381727812,2.584476381727812
260112,0.3660380870386078,0.08957643223945276,-0.08957643223945276
260117,1.0074837812301305,-0.1461508679150039,0.1461508679150039
270028,2.3774820124161424,-1.8974329296149672,1.8974329296149672
290008,2.0963709503741184,-1.2820496965984869,1.2820496965984869
290014,1.6521948274626206,-1.1464365993318555,1.1464365993318555
310358,1.8244686267225607,-0.7275853489721038,0.7275853489721038
320005,1.2046436854068236,-0.0315661132757725,0.0315661132757725
320007,1.890091122881846,-0.6561955731785254,0.6561955731785254
340007,1.8084093500597604,-0.903162814689506,0.903162814689506
360016,1.3200254362235493,-0.10855263781492545,0.10855263781492545
370024,1.3737818997397537,-0.11900057176030947,0.11900057176030947
370027,2.0923503627053974,-1.1257704263094757,1.1257704263094757
375010,1.9141938363801392,-0.7243014351259757,0.7243014351259757
377010,1.6933326738819319,-0.5437118559494181,0.5437118559494181
377240,2.001009393244032,-0.9606042561279412,0.9606042561279412
378010,1.273092254882751,-0.16372951024257137,0.16372951024257137
379010,1.8183971631382683,-0.7972435285250616,0.7972435285250616
400001,1.1801460290680208,-0.09303910435094011,0.09303910435094011
460007,1.669265920971618,-1.4400098888271384,1.4400098888271384
470009,1.9891054325366757,-1.2163572364842365,1.2163572364842365
470028,1.9116466894987822,-0.9304891466772034,0.9304891466772034
470098,1.6088828522342087,-0.356021467375793,0.356021467375793
481001,1.7632121000903151,-0.8500841824106966,0.8500841824106966
481008,1.0993973279532638,-0.3284397283538432,0.3284397283538432
481010,2.012887046005168,-1.1766764667685248,1.1766764667685248
481015,2.2730508067151702,-1.3636510790868697,1.3636510790868697
501026,1.5046820212486303,-0.6293549477869764,0.6293549477869764
501054,2.3402575338453877,-1.4684348309530373,1.4684348309530373
501079,1.4666815966462485,-0.7045809516727729,0.7045809516727729
501082,2.2120922775659815,-1.382113506994853,1.382113506994853
519005,1.9021651760705287,-1.2543643707972996,1.2543643707972996
519013,1.1761059859796108,-0.09034595449059188,0.09034595449059188
519018,1.959594192225463,-1.2260251885391604,1.2260251885391604
519026,2.4382266017212313,-2.2670836407717343,2.2670836407717343
519089,1.4436629055745496,-0.38460573518457775,0.38460573518457775
519110,1.397072054333073,0.21313527653627712,-0.21313527653627712
519158,1.58028408901465,-0.10464392768126907,0.10464392768126907
519172,1.7226304588903676,-1.0721772363287045,1.0721772363287045
519173,1.722520654443853,-1.0790272284948237,1.0790272284948237
519181,2.1698026972398274,-1.8268540732132181,1.8268540732132181
519185,0.46997993857809817,-1.7498864933517075,1.7498864933517075
519670,2.6201418565489147,-2.3523012281078253,2.3523012281078253
519672,2.272363909649567,-1.6587934689172779,1.6587934689172779
519674,2.084230996119976,-1.1530256273557,1.1530256273557
519679,2.336519599139154,-1.915887248968056,1.915887248968056
519688,1.7372482615202365,-1.0668388004789857,1.0668388004789857
519698,2.0023118993518256,-1.0824261963014332,1.0824261963014332
519704,1.270496706337289,-0.24056363517235227,0.24056363517235227
519770,0.8411455229721944,-0.5871289223607508,0.5871289223607508
519771,0.8361566030525679,-0.5768121551628682,0.5768121551628682
519773,1.5853885658274187,-0.8568379231108493,0.8568379231108493
530019,1.7143609362645873,-1.0667765659795683,1.0667765659795683
570001,2.672773469017285,-2.176813872340936,2.176813872340936
570008,2.758801510566053,-2.1880297031463107,2.1880297031463107
580001,2.2726139492878192,-1.8469037124300183,1.8469037124300183
580002,1.4251231358056682,-0.7986979408903713,0.7986979408903713
580006,3.038173836062439,-1.997754847825553,1.997754847825553
610006,2.0794589235781156,-0.8628896491571817,0.8628896491571817
630001,1.2613059193842817,-0.4104565872447769,0.4104565872447769
630002,1.101091117494532,-0.7519930121445014,0.7519930121445014
630010,2.2582786054809505,-1.8128277515347404,1.8128277515347404
630011,1.2103093210544213,-0.7069213163741787,0.7069213163741787
660005,1.4651114140965371,-0.8985283251285333,0.8985283251285333
660015,1.4974972777951006,-0.28601053474205357,0.28601053474205357
720001,1.2880508484771875,-0.6354713693476902,0.6354713693476902
740001,0.9374861427831283,-0.09846716086027629,0.09846716086027629
952004,1.9429464015542879,-1.0698300545271184,1.0698300545271184
959991,1.868891013653731,-1.0383660149467973,1.0383660149467973
