fund_code,composite_ew,composite_pc,alloc_ew,alloc_pc,active_ew,active_pc,discipl_ew,discipl_pc
11,-0.33886508204140875,-0.22881921527364593,-0.4636741401343963,-0.5154425131518074,-0.571403774150326,-0.40933043061827645,-0.5717335609168241,-0.021763330824885917
17,-0.30677908124020425,-0.41198907001881396,-0.5344399890039471,-0.5941092401253448,-0.7352326664680131,-0.7935827998622755,-0.015730679277615928,-0.5289712274336134
20,-0.3123051649850936,-0.34988141050169813,-0.7687617958309414,-0.8545926497935445,-0.49049254548388865,-0.35012188717343623,0.02220003451935397,-0.2577972429281226
21,-0.2096249555497638,-0.1992415765486247,-0.11229788444894431,-0.12483573866167673,-0.51268494831418,-0.38451676000542445,-0.3197937535074923,-0.3731238135966809
31,-0.2875659253522805,-0.19628599051170081,-0.11310607117305688,-0.12573415796116952,-0.3989356848270246,-0.15940898359673142,-0.3662171195693444,-0.04543612496804705
61,-0.10402650943932375,0.07155691421269995,-0.3217586751677012,-0.3576824450653314,-0.6196053879857255,-0.5957129636441939,-0.3869379096882176,0.6785939777800232
73,-0.29625485384489747,-0.31714480991656957,-0.791499815047998,-0.8798693274317166,-0.7019107054296232,-0.7450739736958233,0.11796206879707641,0.12415511301696248
263,-0.11967264044067465,-0.09728422416443767,-0.33667578257660813,-0.37426502034022985,-0.4885142735119112,-0.3339328497902677,0.5003880234439954,0.5177263351433954
308,-0.19729542236935063,-0.12388791152840774,-0.8334156588515198,-0.9264649988329804,-0.5364096217740953,-0.570433438887414,0.09747718204281872,0.6649954041832553
327,-0.4385841667557287,-0.3309509656902736,-0.5784880236854183,-0.6430751576316234,-0.5121417224681941,-0.43712230930058943,-1.3060224704420706,-0.6706555432707396
354,-0.14878895014771143,-0.27740253661647635,0.20672699650986665,0.22980768905180962,-0.7080340565420755,-0.9031445410289807,0.5061347249955715,-0.09351700187205579
390,-0.36446778137078234,-0.3975642420164327,-0.5104234529575706,-0.5674113015830807,-0.41495767620165436,-0.5888034781627511,-1.0494504006519927,-1.0171955139392883
404,0.2004942915253207,0.1964239211041816,-0.14501559025905522,-0.1612063167198729,0.05152115336241042,0.06191789127682536,0.06365092205617023,0.04502268807573876
522,0.4062992981222921,0.3556167454035626,1.6764921046553978,1.8636693938813818,-0.4474018449545409,-0.45467792528632006,-0.0016939773664657043,-0.48569050257304724
601,-0.2590251602445815,-0.3791814569961476,-0.5740580195920819,-0.6381505516519148,-0.634389819527653,-0.631004776032437,0.0099691684487902,-0.65026112349599
742,0.0950579747800584,0.019799733481555986,-0.5082272103919762,-0.5649698525361858,-0.012526338357471495,-0.14313384670679405,0.5502319718526257,0.28603267455514353
800,-0.4261629917976615,-0.2855343181319962,-0.7760722976571154,-0.8627193558302277,-0.4168324061920805,-0.2768533138426679,-0.6778115987601006,0.11262840905759083
823,-0.08515146440147713,-0.24876545777786488,-0.22384596312600347,-0.24883795710304474,-0.15019341644002965,-0.25010439079859914,0.5756223950221606,-0.2811585969005555
845,-0.47891099145924493,-0.4942020122417307,-1.2939203186807429,-1.4383841649777493,-0.5516075004268993,-0.8371755468029273,0.010565832078696547,0.34885160005681587
940,-0.11248720268034124,-0.16784507004880367,-0.7060777171812669,-0.7849100079614411,-0.42675126079517217,-0.34953572284749773,-0.09653674853226582,-0.4270671999105406
1000,-0.02748039809039633,-0.3566874397854929,-0.07885006800715041,-0.08765353444989679,-0.7846857848722762,-0.8690840837073576,0.6984882802498794,-1.1835522046428728
1037,-0.4443829368768833,-0.4039863690470769,-0.5201798356928171,-0.578256966676391,-0.24419741942241613,-0.4402598755399017,-0.8501300938501978,-0.35361109977029975
1060,0.11997441116521891,0.028012890920012256,0.074786561735539,0.08313634510601726,0.24785129243673087,0.3795489199408339,0.7187897868548784,0.02697325450905721
1075,-0.1815790662158141,-0.0351417514934261,-0.562399529277005,-0.6251904121327743,0.08273853967405544,0.07558872077083631,-0.1405313397184289,0.8080332503748873
1076,-0.1719437138177529,-0.3140318047642437,-0.20880108291127433,-0.23211334342133252,-0.2194025803867038,0.10227586428435212,-0.7573902072404065,-1.9082849370803487
1088,-0.4404771605411841,-0.3490874644709945,-0.8687839862741848,-0.9657821355778297,-0.7266718320177101,-0.7510946029170318,-0.3286684991936098,0.34109059743049425
1170,-0.12598315153010373,-0.343016907575813,-0.8396461129701365,-0.9333910718032046,-0.14535348787626878,-0.26536877138330106,0.48544741929211116,-0.6029948746420438
1184,-0.32117190984566085,-0.43326120729995116,-0.6556639638010946,-0.7288676508609145,-0.07655522511055637,-0.10174427197532514,-0.440914024137845,-1.0150570749389984
1194,0.22628783906133534,0.18679835017526683,-1.252525081885219,-1.392367225408477,-0.034802603568800466,0.027451328111668435,-0.07714160736774767,-0.2364903288413695
1198,-0.34607537168173647,-0.3397589468748418,-0.5784313934784554,-0.6430122047652228,0.10734839212869546,0.06435473536585673,-0.5179274662469597,-0.37245444935598493
1267,-0.36397057537019034,-0.6148340411590388,-1.2463718779740207,-1.3855270274905935,-0.05805288263392437,-0.11777095457414083,0.34689495487991934,-0.9594126183963827
1407,-0.1632530605962577,0.5314655682728153,-1.479183543760188,-1.644331691621956,1.242930124440228,2.114770744218342,-2.9301537330252767,
1411,-0.11841639596501823,0.02650516830855831,-0.7589580677672056,-0.8436943533520734,0.42316457619427905,0.7067485236203438,0.08271204192516357,0.7533937657254257
1412,-0.11730143296271757,0.004632594714172697,-0.7458287184596106,-0.8290991361135336,-0.04918307702129934,-0.11455660557431961,-0.3986872313152092,0.4815608809530756
1437,-0.09494962264585377,-0.06131809741210666,-0.7183640600599461,-0.7985680986390785,0.2145512006596955,0.325847130514912,-0.8888633563103121,-0.7181660961839136
1438,-0.15402027415245506,-0.1273000231183288,-0.729119833333712,-0.8105247344038293,0.2070502978981634,0.3166150027458692,-1.006140498777122,-0.8739787963499529
1475,-0.07855534051073679,0.013594217292999559,1.5820765509816304,1.758712515647628,-0.28975146461367685,0.08382361725446433,-1.092402957689112,-1.089716657400833
1480,-0.1830435591379235,-0.10696544950992454,-0.7504958355641926,-0.8342873283402173,0.3037350706263323,0.31764740819217546,-0.5383210357403563,-0.011973222762180803
1513,0.271521311628606,0.14439049405834145,0.5711194709569931,0.6348839194152106,-0.4817313943214121,-0.3796114885790254,1.3353980914475048,0.40672883182531344
1664,-0.10024102935913633,0.0534894247855843,-1.1953069922653339,-1.3287608403233166,-0.09208649390422924,0.10669557434101233,0.6781993158891226,1.5352538205701878
1665,-0.1273692326539775,0.02521982803614023,-1.1969219463101894,-1.3305561010451323,-0.10009052580166984,0.09202348839291456,0.6781993158891226,1.5352538205701878
1702,0.1264628863245225,0.3327537019382806,0.6416689936045152,0.7133101677381363,-0.05844846054921771,0.3392249467889576,0.2899196763591205,1.0583499885698728
1715,-2.522014814817535,-2.623518843391279,-0.8970783831968606,-0.99723555036976,-0.10387465221906104,-0.17753049454373468,-0.14360376911568085,-0.5788149310605692
1723,-0.105286339525634,-0.17089131702243196,0.3462608045763177,0.38492019258406807,-0.3384566009064668,-0.15214260110028172,-0.30727996658670165,-0.9258832193814246
1753,-0.4450898416251831,-0.641145521427808,-1.1365361988930236,-1.2634283949405123,0.08978489446306577,0.0566484572808922,-0.692666242826964,-1.7089716884130512
1759,0.012470115290205782,0.066265319398282,-0.5647902732218089,-0.6278480782835217,0.20242862326487038,0.34707882351020464,-0.08690197519668029,0.15427685426815566
1811,0.015173615968516478,-0.027859978544733294,0.05827322404509719,0.06477932334668714,-0.7600572604906053,-0.8187622537809437,0.21525659221727558,0.009253919126525387
1856,0.024123774853037544,0.5588106142264939,-0.003536949050413074,-0.003931842968224282,1.1208805118046543,1.696142763432565,-2.0744430643041447,
1881,-0.3812287724660827,-0.423055172770648,-0.6844910023184521,-0.7609131757111981,-0.5033679554424015,-0.31042543401271167,-0.7543174917524327,-1.1217962416167684
1985,-0.1969052042858378,-0.2576933845512853,-0.4377370753500588,-0.48660962233683747,-0.6063598810726494,-0.5382657206520545,0.3873212703247947,0.0033705752982932367
1998,-2.502211328425223,-2.556548338460255,-0.880818603863814,-0.9791603962964918,-0.08168351751504524,-0.1855277764969868,0.25389331291201517,0.13005730411644142
2051,-0.11658531927593901,0.02842304007201947,-0.7125780586142038,-0.7921361006729444,0.44093650484676505,0.7201415474228282,0.08238317346200352,0.7527863290324318
2112,-0.0694634324318358,0.05163656095064819,-0.7372245959643856,-0.8195343790168377,-0.014837638566677414,-0.09034728410802474,-0.39376275973282243,0.49065662915588093
2125,-0.32695143789543174,-0.5023387759904373,-1.0537736164600464,-1.1714255209570235,-0.367241438403924,-0.6609605923983843,0.4445677397658147,-0.19638523031278146
2152,-0.02868226806764278,-0.09117611706183543,-0.5278759784832899,-0.5868123697884704,-0.056411468588768485,-0.0338899699666345,-0.11116255411479659,-0.449710755396906
2163,-0.22215432229843815,-0.3228292352214282,-0.6394778777161843,-0.7108744177526815,0.013512897698837179,-0.14127053027286796,-0.5904641028636152,-0.9683336123933532
2244,-0.4219046199610052,-0.11516595694177229,-0.46320505838407733,-0.5149210592786457,-0.1281924051396692,-0.18038995183110906,-1.3809174983449934,0.5634280273564123
2376,-0.32791082937657257,-0.324131842906156,-0.8527563176357145,-0.9479650069353245,-0.19732596678940245,-0.27221129113064463,0.2326279755114638,0.42539590797481514
2420,0.11509238151242022,0.16109920327530605,-0.029377603729849745,-0.03265755966572267,0.13033536544868404,0.22390140762231603,0.21118441670348304,0.39693926104303895
2450,0.013968607050606555,-0.04930450479986803,-0.4595344948322146,-0.5108406839933058,0.09811506895008788,0.1923415295054303,0.5289229936135975,0.10636405111649876
2451,0.05823312205131232,-0.0011146153366258342,-0.44747771764408995,-0.4974377895973471,0.10621148736358763,0.20974009875522118,0.5497860482374374,0.14013108447143202
2692,-0.03580057254201661,0.01695590235748647,0.8009564760770481,0.8903818074363715,-0.7681041082830841,-0.8575466882146139,0.14950673870952969,0.4660628366787546
2910,0.17427147851032898,0.30842243360749866,-0.08039282904365018,-0.08936854194549625,0.5898901799983101,0.8745073036825948,-0.26585988215835527,0.2634044376422239
3567,-0.01674124111498795,0.22926476176944435,-0.43922900445224616,-0.48826812260526486,-0.05063781019811836,0.4179992812859474,-0.45792637785367263,0.5985116661218743
3857,-0.22604518763194906,-0.261769495951165,-1.440062483462687,-1.600842836213581,-0.015166816106800318,-0.056593066424094875,0.14645317401207456,0.13431392716496712
3858,-0.23142771891528266,-0.2750274218128645,-1.4407849503872212,-1.6016459652540382,-0.017135181375864256,-0.06021258666089482,0.13553296059335188,0.07787316335970881
3961,0.16800522755532432,0.24986031254673158,-0.062326835315240456,-0.06928551293021146,0.3078839647934157,0.4378486879880283,-0.11781528872712255,0.2503091756416796
3962,0.17439718002969573,0.25714769470650733,-0.09385682984652124,-0.10433577390908662,0.30581522061820793,0.4419697537559113,-0.05406489100035379,0.3167626079853779
4148,-0.20441531115573383,-0.26662494880750714,-0.41429273884481643,-0.46054776837203326,-0.5744793387435404,-0.4369807593178298,-0.041030007355872644,-0.5055313831650066
4232,-0.3037867802799468,-0.1526927462537271,-0.8441930351105371,-0.9384456495169292,-0.44769182300349586,-0.2079359192962159,-0.39317467062047895,0.367886244235952
4320,-0.10376411270156556,-0.06177323424458434,-0.17529668217589534,-0.1948682373826748,0.09559605597964474,0.03277794125114286,-0.5377351525911148,-0.2034002119139462
4374,-0.44045100749797866,-0.22631302179313353,-1.3020117814210714,-1.4473790247918858,-0.33873373094565407,-0.2293497529409934,-0.6924647568291189,0.6283464227661057
4375,-0.4517504849558776,-0.24122529164634787,-1.3226376823610546,-1.4703077699952383,-0.34327026058837523,-0.23683528678984697,-0.7118554589378626,0.5925308147549714
5001,-0.2203750570353589,-0.014867478272346841,-0.5031550849639399,-0.5593314335445844,0.05097635146567142,0.5272135017743892,-0.5475055883932517,0.26547908245674745
5094,0.04308877462837992,0.1592879780522948,-0.4158285303455934,-0.4622550281959436,-0.39965354309377366,-0.23419902877516693,-0.1588860360126515,0.41928116806258114
5119,0.16941625991082998,0.08116442823260729,-0.11821385444270013,-0.13141221592743135,0.5727978143580025,0.6971710135274629,0.23001546325401262,-0.41067036450005284
5136,-0.017667004877773253,0.03243074852493006,-0.6632629920375206,-0.7373150967559124,-0.4779212898269123,-0.44830613229502764,0.834228858439908,1.179252326042635
5207,-0.03756429677074783,-0.03136388986474434,0.15189233624916826,0.16885083887162153,-0.5311596011145115,-0.45283976826849925,0.12216869717633193,0.06409280314388732
5449,-0.7002200519880284,-0.785068795925329,-0.9060885177674137,-1.0072516500503153,-0.7771581385797655,-0.8556474906333057,-1.1970002775246837,-1.526440256812045
5550,-0.2262771431933471,-0.13201084108805616,-0.2758585124231601,-0.30665761277197623,0.058705491054865305,-0.05372140467443337,-0.28594707143934434,0.42287673727051595
5551,-0.2217838179412177,-0.12360878783700092,-0.2754318126712632,-0.3061832727701482,0.04141177952605987,-0.0834138394823974,-0.15376255973118214,0.5908647000014605
5729,0.13509130039771836,-0.08066303096763058,0.24909963427297677,0.27691115462605564,-0.7966038154052417,-0.9768852414565498,0.8133931729051457,-0.3286629095887187
5765,0.03880329673203562,0.026248067286960348,0.047284348471442667,0.05256355983493459,-0.7727002773349673,-0.8442232449643936,0.44772800788672873,0.43864038748221146
5774,-0.042749628231231795,-0.04602968387454657,1.4510978428283137,1.6131102733479945,-0.656174200650488,-0.6554450301255699,-0.9337100863075961,-1.1161320212120838
5775,0.41857387597428786,0.48307480512363327,-0.6476091650138741,-0.7199135484634557,-0.21557608266840317,-0.29818148604819505,0.7398809820815146,1.28179634380696
5776,0.6601229131806147,0.892431064042626,-0.6481873901373865,-0.720556331368589,0.9909796937001474,1.7716393760027036,1.1470730526906567,1.8326312167913708
5787,-0.4036875879792862,-0.4474623628855689,-0.6844910023184521,-0.7609131757111981,-0.5197801486340005,-0.33852787481461444,-0.7543174917524327,-1.1217962416167684
5819,0.21009451176381802,0.1727550892556298,0.7986803878176483,0.8878515980694218,-0.5040415590325442,-0.4781467618907208,0.1450696974912717,-0.1940328449514546
5844,0.2452212312797901,0.3733257960667882,1.6489126677969916,1.8330107631423713,-0.5642974489829983,-0.4795127104468099,0.9280473353676059,1.4277918902080264
5875,-0.42025912142464156,-0.4920522880179614,-0.3801259670101701,-0.4225663387075927,-0.7161453144339871,-0.7990750508621056,-0.4284484808898537,-0.7338373723242313
5903,0.03496127591328716,-0.24529211036894258,-0.3100885420477667,-0.34470936284338205,0.06926951492512745,-0.13664091468996284,0.7485128567159228,-0.6924762105667497
5914,-0.2294228612101983,-0.19981858274451167,-0.8959458543137855,-0.9959765767001478,-0.5518080347035315,-0.5511442943972908,-0.11186383102707184,0.16512882184716987
5939,0.24646313252747168,0.26265109360668887,0.6869559628919863,0.7636533446420647,-0.3812463597551494,-0.1988054098940332,0.09681390961814708,-0.06519665551774466
5940,0.25323206337698473,0.2763179103919793,0.7104241879998012,0.789741754328398,-0.3887095888348904,-0.21242530178208194,0.15687113400178537,0.03978436271034702
6025,-0.05082159639181161,0.16447942406419971,0.2838406263811734,0.3155309152114651,-0.5049082841258064,-0.38198309896321503,-0.20453813399057208,0.9326525147526128
6154,-0.07679414601567137,0.006975647738659586,-0.12151093363188387,-0.13507740800141846,-0.21722528548007308,0.08102800081921185,-0.24560708954295993,-0.02767513894672445
6250,0.16335768062141062,-0.11170175795572718,0.6952605196143691,0.7728850899931337,-0.6682850336268695,-0.6725190484809422,0.5521631796670514,-1.1715840073204675
6271,-0.38156930995801924,-0.36858426716266574,-0.24685608228490413,-0.27441711414585196,-0.5263847885832743,-0.4407138659285442,-0.8392619984703411,-0.8194616324920023
6281,0.15138941485324545,0.01549857281329956,-0.040042092056628176,-0.04451271868545903,-0.5105690921050827,-0.5449209322874285,0.020156912676575267,-0.7563656727519235
6314,-0.21088354062015432,-0.2469158058097033,-0.8895873980896137,-0.9889082104224795,-0.09429777646139148,0.2538317672261849,0.5903413348245979,0.12533901233259348
6315,-0.20841382724845492,-0.24252145412968062,-0.8790531452689624,-0.9771978274658644,-0.08058260242741005,0.2604342187754563,0.6109828669230487,0.16346496662973042
6522,-0.45637857995477615,-0.7140041937403502,-0.8592561893646172,-0.9551905775011941,-0.7534037815319469,-0.9171127574933868,-0.6766992592939214,-1.962809577909349
6523,-0.47250466890562687,-0.7323578328545105,-0.8592561893646172,-0.9551905775011941,-0.7703363259998012,-0.9474106029410984,-0.6766992592939214,-1.962809577909349
6533,-0.09096917754535853,0.016228908249362666,-0.10600123053376082,-0.11783607480820274,-0.1998464455506504,0.06912891613085877,-0.5063417582086647,-0.12029376084740459
6615,-0.1550208497878855,-0.09851347275595128,-0.24507992592898026,-0.2724426531686178,-0.637039116861952,-0.7829954920816659,0.026275212107869067,0.5386385767588259
6616,-0.1641733879303838,-0.10872368716665996,-0.24770826674797625,-0.27536444345170347,-0.6450886248421712,-0.7970976082070574,0.026275212107869067,0.5386385767588259
6769,-0.35471947818286087,-0.38790472066818266,-0.8289365623082948,-0.9214858193207905,-0.6427531549321299,-0.7422595788490675,0.38322530175696323,0.37616952777446605
6887,0.1685151790943088,0.05316208534914748,0.20048350141691332,0.22286711910622226,-0.4928898715585686,-0.6516447261496353,1.2626575343211666,0.7069102087519563
6888,0.17283576939655376,0.06100323518148343,0.19657913768031926,0.21852684027146668,-0.4890696268036192,-0.6492595864376098,1.2898039376838124,0.7570509894362335
6904,-0.13294597587711873,-0.026541469836220983,-0.5648994039029752,-0.6279693932064245,-0.40545837521885536,-0.2731688689265605,-0.24421149645834417,0.32499602279819656
6905,-0.14174725977592542,-0.03490406537781668,-0.5442075153053636,-0.6049672929436867,-0.4195673715919298,-0.29479510645672696,-0.23495684317917098,0.34208983571260165
6969,0.00013750921440961136,-0.013455059954926858,-0.1635236389750572,-0.18178075535677213,-0.21108132510450203,0.10378429042495473,0.08246802535499312,-0.2956958888087675
6976,-0.20092824336720685,-0.045894906035575195,-0.5393294899382307,-0.5995446449311741,-0.48484503039215504,-0.48565976455455384,-0.5140459754870782,0.4771839376580537
7049,-0.20675759135023397,-0.15989485053687127,-1.136406133710571,-1.2632838082173938,-0.09591463175157151,0.0956313303420299,0.02963907660447583,0.24614723389787313
7113,-0.4686457886430926,-0.34501858732409457,-0.4874363162363403,-0.54185769292524,-0.8141728819589005,-0.9849637966006922,-0.5696912766361936,0.39728422260848545
7114,-0.4716780839525865,-0.3650156323270812,-0.49253424977035576,-0.5475248014508355,-0.8449541477450564,-1.0432380165820438,-0.52682920378433,0.36641992648616944
7305,0.22534955199317377,0.03733848250150629,0.4110799688571173,0.4569762984682806,0.18135960973379123,0.15980571192132526,0.6250374617461993,-0.527371387002503
7340,-0.10692543785934477,-0.10778178451676484,0.36856253762553287,0.409711873498592,-0.527844902067443,-0.5413155200326667,-0.4145697803032555,-0.44738657815561145
7341,-0.12543048670235732,-0.1317409340652316,0.3773808099617211,0.41951468987585305,-0.5401875477765511,-0.567143001916612,-0.4384459360386821,-0.4914870459899987
7343,-0.0038977535087618143,0.1022330388672308,0.2616842418205245,0.29090081067945783,-0.047545104474367106,0.28187880757873734,-0.985154628034485,-0.707010354690567
7346,0.014920883353053862,0.013312906266436676,0.09993191434780313,0.11108913052725516,-0.4586363078304366,-0.34315584336404836,0.4004401719031223,0.26415462873757894
7349,-0.22465531393341545,-0.223039935641094,0.2589384081928976,0.28784840972970777,-0.6634336607865436,-0.6894112002307711,-0.5684243941472537,-0.5616645864859076
7350,-0.47636790028522663,-0.5224551168870473,0.396483865750086,0.4407505670407516,-0.8516188299109961,-0.9666553051008165,-0.7121941458289804,-0.9179476715407489
7353,-0.5167391586982948,-0.5050398951391648,-0.3364115400854236,-0.37397127565630567,-0.7068581861341787,-0.9188054898693964,-0.521116736362417,-0.20141411570153755
7449,-0.08773504231817629,0.043165153140092914,-0.24136660589953698,-0.26831474772287,-0.2826086004506333,-0.03732481156464288,-0.6052248008426352,-0.03815927515567742
7450,-0.13518625815785432,-0.008747901749990919,-0.2471821037980258,-0.2747795353669627,-0.2735170990030815,-0.039984049210273306,-0.6221907358443193,-0.0694962156210101
7490,0.13278464530519546,0.3630042053461134,1.4375373740241884,1.598035802906557,-0.49160231244864505,-0.33612968857804315,-0.29211808164106856,0.7732282258514687
7491,0.13711403743052747,0.3682109012638126,1.5050715657069262,1.6731100640558556,-0.48320393453614996,-0.34439750086513193,-0.2751297890334471,0.8046064619463162
7639,0.01924260722030994,0.23696493554757367,-0.6338127479492934,-0.7045767865681368,1.0567725031453707,1.7502554547239293,0.06569530356154576,0.749310360565413
7731,0.026720488143115284,0.21708388859403252,0.37195873712331673,0.4134872524830555,-0.5838769667456436,-0.5624905796251735,-0.0562583507640696,1.0230071494612252
7895,-0.6086580623677819,-0.6139313755114025,-0.7427913601836127,-0.8257226623195261,-0.43130798786471236,-0.3166155583830657,-1.1712114073584794,-1.2346124135659358
8185,-0.04165877265868468,0.15359376584274945,-0.31124037781699754,-0.3459897989778157,0.18954580608906335,0.15357445916152165,0.013228448809576632,1.2554644479065413
8208,-0.3689569102796939,-0.24070056481538993,-0.41113407881269504,-0.45703644970182034,-0.6459349731382888,-0.6946251411761573,-1.125191658734993,-0.26106104702217575
8467,-0.4020616488171945,-0.30832158845097507,-0.4078488038052177,-0.4533843797249221,-0.7152427061221737,-0.8244868848274834,-0.9666620960400573,-0.24944197921772643
8528,-0.07819854610191825,0.061665874023369927,-1.2989254067511378,-1.4439480620128584,0.9594550472167044,1.4416703944420863,0.8430858504796226,1.3450796792676907
8555,-0.4010198645965202,-0.5452976986568703,-0.7150117368802583,-0.794841494683692,-0.23086774889610617,-0.5427396026204961,-0.6401352801094533,-1.11410067294373
8734,0.003072066288215052,0.02559947957077276,0.21356278313853716,0.23740667880403124,0.2354962144321896,0.2742971536297827,-0.07834642945576803,-0.005826784623508943
8988,0.24818831900532515,0.43896057026474766,-0.41356151935717156,-0.4597349095607396,1.5354607736422201,2.420940926806842,0.5280773181668951,0.8334040627623764
8989,0.030532489028428266,0.06972421878236591,-0.39226672411030117,-0.4360625892197377,0.24627535244496063,0.2198948514825417,0.5280773181668951,0.8334040627623764
9049,0.27340663123968745,0.3568132061755946,-0.22137921123977294,-0.24609579686268265,1.2073516390127306,1.915577094685058,-0.3419891038855163,-0.5250585243194913
9062,0.0676220994135263,0.33855629586392344,-0.6721266241324242,-0.7471683372263124,0.8756811780845123,1.2810194310409655,-0.22043224360161862,1.0748763952381994
9063,0.2560924763537659,0.6722927937160178,-0.6685893328401615,-0.7432361138055595,1.7187285299574557,2.727558677011132,0.1484740126513573,1.7114925507365903
9242,0.24949624642482535,0.5468746986102849,-0.25784703019525096,-0.28663518136691307,1.1415655903711626,1.8484595349508908,0.09421413738912043,1.2003790570938118
9243,-0.029392384454313154,0.09338552935070861,-0.2568771096754548,-0.2855569709880976,-0.2639512382173761,-0.5629239433046693,0.09854523762222422,1.1628652868522908
9707,0.11563973004053076,0.2911531461801538,-0.35149904330250803,-0.3907432711209349,0.19644491097984057,0.2204020929616639,0.3794900544850109,1.4478575971593526
9708,0.28744330662197665,0.5873423087497769,-0.3527843542741205,-0.39217208472092885,1.410577038299157,2.3016444063418784,0.23705090485217767,1.1847652800230657
9808,0.07446498859158089,0.27759444149859264,0.25627933284624665,0.28489245346494707,0.8736430904867263,1.3406306834838304,0.1894515743340911,0.9126275781603572
9855,0.11220444900924685,0.2890259664665287,-0.5768866461630614,-0.6412949892263091,1.5680870575215566,2.497600835776858,0.050409829732870295,0.2462334992845077
9856,0.1028656344382367,0.278636750674693,-0.5768866461630614,-0.6412949892263091,1.5592801787100643,2.4824915496404127,0.050409829732870295,0.2462334992845077
9913,0.3071673407584481,0.38070492547277945,0.48078936208009027,0.5344686184469666,0.8474642835243964,1.3347115259443205,0.2160045775741441,0.11630358707333163
9993,-0.032026305149744985,0.018273884089110463,0.28120535466427593,0.3126014202083541,1.1962339692792767,1.886289337347033,-0.6189490911788145,-1.0385993893575163
10115,0.08863312339745975,0.17199922291997993,-0.06478800306215358,-0.07202146557227465,0.16943960691373938,-0.013536350498640602,0.10536294319620321,0.7957689602538254
10237,-0.1686288828716208,-0.3558939898781865,1.5831551091718343,1.7599114928948347,-0.23035389480911206,-0.613772025750829,0.2177523210004019,-0.6991765738202751
10238,-0.22203230300043278,-0.4399887324880998,1.5828365640782107,1.7595573828218385,-0.24161727381403975,-0.6325057665626596,-0.04151019987341953,-1.1350811027944292
10335,-0.33477121824875783,-0.3700451728499112,0.46705702632289225,0.5192030924202553,0.17462206573382072,0.06372392684775241,-0.5859534849501568,-0.7388451397683714
10389,-0.3873207459992582,-0.329788869625533,-0.9862180187114925,-1.096327463793658,0.035407148207925225,,-0.11201346558851485,0.7084832555694596
10390,-0.4898881231539755,-0.3007758044159642,-0.9973948536250041,-1.1087521719631355,-0.20732612542698853,-0.30165888990809325,-0.34895363118884404,0.9914103640584594
10415,-0.5516260946990403,-0.530161939248205,-0.9992013159213932,-1.1107603224838758,-0.2896582039675125,-0.8321265620906408,1.0073329362146763,1.7901452336052999
10416,-0.5623942778086933,-0.5421519006787451,-0.9992013159213932,-1.1107603224838758,-0.29990195977551193,-0.8497009878239633,1.0073329362146763,1.7901452336052999
10912,0.2009095970396356,0.16260825541484916,1.263987427810839,1.4051093213744161,0.058559890798299596,-0.24162084553078547,0.6415141724085762,0.5707649654253656
10913,0.4051099668401779,0.511717555966762,1.2639282645501408,1.4050435526434457,1.2081478067063056,1.7302106891729498,0.7696299087179763,0.746097272917532
11120,-0.04456784365230356,-0.0009393937531056926,0.8682344625678273,0.9651712585507881,0.8286608436270341,1.2712229322534034,-0.14705165038880075,-0.4247798356029437
11300,-0.10131293983398264,-0.12086791258457859,-0.15441051141383283,-0.17165016370577132,-0.06920777035786224,-0.23043244609413913,-0.23000105876634108,-0.16886656724170143
11301,0.12147634189251057,0.2616217494000533,-0.24698716023018483,-0.27456282670492344,1.4906488494371433,2.4462759198101214,-0.3105474116754537,-0.39772637052843707
11369,-0.0615897611053661,-0.09740993086513977,-0.3216351795866045,-0.3575451614275913,0.621035318259645,,0.6424917504739517,1.1819259628810812
11370,0.059657136886403624,0.279086465650826,-0.30413786745787946,-0.33809430627656334,1.433924965690433,2.2804445526699397,0.6006744282495396,1.104687252675251
11399,-0.12549303209560275,-0.1836442509249349,0.3208813845503546,0.35670720654881927,0.9173361250708538,1.4781321900513347,-0.10348843403877217,-1.0490176339937107
11400,-0.3498286249689138,-0.5569455180896975,0.32627665314566534,0.36270484705361417,-0.5217682865790565,-0.9823143773205949,0.046379516827964706,-0.7722039450631476
11412,0.07087097030919481,0.1520529442697939,-0.11439065480056754,-0.12716216301041783,0.145695587824843,-0.07995464504050233,0.11647821922786314,0.8419918040666534
11452,-0.7277772754557649,-0.7744414199347996,-1.3615494461877529,-1.5135639613631449,-0.4585632358692641,-0.9981943118431837,-0.039604273739791335,0.37205645053531156
11488,0.019870056132761327,0.3575758544577951,-0.2388222193071557,-0.26548628500285154,1.6793796014428795,2.7669133487027406,-0.42354417214598017,0.5418209362400573
11822,0.0715099744198931,0.2781393496335414,-0.12247221923606787,-0.1361460193920249,1.5995517320596404,2.627417250155008,-0.3720974457175713,-0.14651291237509179
11823,-0.18168428187996397,-0.1427652560887312,-0.12455046062547281,-0.13845629264638515,-0.13825986116700464,-0.3498799947692429,-0.09648748054728354,0.36255263982326336
11891,0.08467847199902018,0.2193523402662029,-0.3403146278396886,-0.37831013604762964,0.31925834792140567,0.1504305957096549,0.00017577153797970757,1.0150422415607678
11892,0.10261942545579948,0.25704954427695015,-0.3384298627299676,-0.376214940347102,0.31259573826071746,0.13690812466346766,0.14796733648359317,1.2880207406248814
12301,-0.14911269245480427,-0.15228020029108433,-0.36736940710319804,-0.408385532127102,-0.0008828215968109399,-0.12719240105322052,-0.20663996736632984,-0.05831930990369664
12456,0.12073253396674342,0.2126170637457828,0.3286477566021794,0.3653406798913357,1.6530451483340458,2.6528459778598674,-0.3747082797314648,-0.859894853872207
12457,0.05922460941213343,0.11781287974909048,0.3280662250451869,0.364694221395448,1.3991696992062903,2.217243940168753,-0.39594200661748213,-0.8991146219084637
13107,0.07646181657215906,0.2000768895511458,1.786548029303063,1.9860128620144024,0.013431884806697325,-0.13741679029620715,-0.5024796635124911,0.1905946167529944
13108,0.06297537664400477,0.18495678508577904,1.786548029303063,1.9860128620144024,-0.0002652485482645961,-0.16091591087444387,-0.5024796635124911,0.1905946167529944
13238,-0.6424828163981567,-0.8976886325275873,-1.1040006496800667,-1.2272603109316866,-0.49933051417827734,-0.9956752382124076,-0.7961110875545762,-1.7077415990454106
13239,-0.6473183332031083,-0.8100106869712768,-1.1057074380230607,-1.229157659083723,-0.5162705863052001,-1.0252492303963916,-0.40390556450028725,-0.7476308219574441
13312,-0.34712301446636745,-0.5072249811530604,0.9022386982861652,1.002972005237645,0.08992409950208052,-0.18404118584240436,0.1411982529321415,-0.646181568795011
13369,-0.040449053539370484,-0.10487529892356674,0.8413774957064556,0.9353157602677744,-0.44887028897358383,-1.0240217942481795,0.7111545019831658,0.8058102703912652
13370,-0.04858313281795098,-0.1140705928065575,0.8413774957064556,0.9353157602677744,-0.4577678304355802,-1.0392866233366378,0.7111545019831658,0.8058102703912652
13840,0.2771504993173884,0.33190860649507464,2.2649022938500085,2.517774508724947,0.6760373118252299,0.7289673992956223,-0.4198552047664986,-0.39710886404571183
13841,0.3545292099019067,0.22640443494999252,2.2341417474293817,2.483579603336487,1.232393413425051,,-0.461108782492365,-0.4733063096358973
13949,-0.2991398464496316,-0.26257172551204677,0.46782928236571364,0.5200615694433499,0.20548415506890563,0.16802376181874504,-0.47648216373047814,-0.27184533193244476
14282,-0.0715093803681336,0.09436305406143021,0.607697932671717,0.6755462997411861,0.8466978249345953,1.3370585911971016,-0.44162152490502027,-0.004596051659612623
14319,0.45924100265510837,0.5657246584810419,2.427733511559003,2.698785535242764,0.27170719693821943,0.12344629075874332,0.2862287610809236,0.8023395785322405
14320,0.5072911176541711,0.649990473998531,2.484176830955047,2.7615306484200794,0.236947586667194,0.04637226976773766,0.5852744371339945,1.3546920746345787
14497,-0.34799416682594875,-0.1025581282847196,-0.18614440476874938,-0.20692708844047525,0.17974951016373403,0.06605103005023608,-0.06011956912339822,1.546977825909201
14549,-0.10451262326522232,0.015982992828844595,0.4610411021085403,0.5125155012272732,1.4242515463351415,2.18586158486044,-0.7371588729501872,-0.8272696140298171
14611,0.26121179183009896,0.026560721091477963,0.40308439195531054,0.44808802997185054,1.4390961871196688,2.178673591113625,0.6727066700374289,-1.5197807964047934
14612,-0.06699425679705635,-0.5283105965257934,0.40308439195531054,0.44808802997185054,-0.4613333965410236,-1.0817476064877631,0.6727066700374289,-1.5197807964047934
14833,0.01385047633517873,-0.002646535027701585,0.48119459830870004,0.5349190985622351,0.4089059210553744,,-0.3072563146538953,-0.048410427001636266
14975,0.6317704969388918,0.7528017307948446,0.9411081207009429,1.0461811278521282,0.7077408686742445,0.968538072229824,1.2381166005097315,1.5984337929386836
14989,0.5443521671532526,0.712444146342353,1.6502035834796414,1.8344458072091792,1.0140090026186435,,1.047908351828856,2.1737828595102107
15389,0.3526580001644369,0.389247856320543,0.499274699014069,0.5550178095727563,0.24532114486437595,0.023346541169372886,0.9695074107632276,1.3552780408361798
15491,-0.07964025571383333,-0.335100146453977,0.46336373296133293,0.5150974495833759,0.7507088076368217,,0.03656542924060366,-0.4621186777315025
15576,-0.3778037942079597,-0.6587592268674108,0.15865600503749747,0.17636965895801313,-0.5631708460427043,-1.3213034690313317,0.6969810195747547,-0.2483326073138409
15585,0.5902529358816302,0.7707590575392047,1.7654713905726827,1.9625830549675158,0.9558032926253559,,1.0065096053470721,2.0774789059838366
15967,0.6040919038851651,0.7313416891477034,1.3060016016248326,1.451814301152682,1.096395615883814,1.5547399388433296,1.2544008928178794,1.4137425819057434
16262,-0.02302773941770857,0.27990200550391064,0.9209363605978313,1.0237572274827236,1.3778338491630504,1.9872725915633442,0.05656439688371406,1.1618832571282434
16263,0.13216081958467296,-0.2772482237411459,0.52873083445154,0.587762668868186,-0.24014250674541593,-0.6241594481945901,1.8586464700149923,-0.27282268290739237
16370,0.09671594934001121,-0.11927339291372381,-0.015281678867741538,-0.016987850472930194,1.492988184259943,,1.150259706494127,1.4682914017505724
16371,-0.22556272261295093,-0.31190776205939913,-0.005052528701090547,-0.0056166343257938334,-0.3950107693296553,-1.2341863756015343,1.1545543495191029,1.4762238247369959
16461,0.43385785068407573,0.38559143831604165,-0.19878347838514657,-0.22097729160008675,1.4985436621469066,2.379034813027783,0.2615162510125259,-0.8863795608616153
16500,0.6395762914240228,0.6584464614170776,2.739052636298061,3.0448628730930247,1.0502598171794066,,-0.31472279924592506,-0.11549866032023189
16501,0.46610376389987346,0.5111446998928575,2.7393756582719204,3.04522195988178,0.2665462810262098,0.09021620802930724,-0.5231121806327053,-0.382382793287758
16579,0.26605112542536924,0.26779551148730774,-0.03443399038322402,-0.038278482677144135,1.3802078061157366,2.1290387627486145,-0.49985178889928167,-1.2343719368666086
16721,2.048018848343788,2.1646030564648564,2.619348131614445,2.911793578540969,2.422728381281275,,1.4994179298485533,
16772,-0.6033803902562218,-0.41438897658290674,-0.7242800540043021,-0.8051446025294743,-0.585476336224926,-1.1861868272814402,-1.0050314178321746,0.8104921037894014
16773,-0.4185180217688567,-0.27834610401078386,-0.7242800540043021,-0.8051446025294743,0.6152813625371824,,-1.0050314178321746,0.8104921037894014
16780,0.36545676585012515,0.24927192760729625,0.6249345099478728,0.6947073094683662,1.4645179983481358,2.273881111542691,-0.0639058693793656,-1.6401508115513874
17102,0.6449453275471037,0.4981463650154433,1.0135693890874584,1.1267325648429585,1.6109982425025704,,1.0809070533256686,1.1998019798673334
17103,0.6467004097231047,0.5205025154549575,1.0338724715773713,1.1493024495044057,1.6227086779851947,,1.1092423751624438,1.3388311941567637
17234,1.053656985199663,0.09082574705610862,-0.4667594337653551,-0.5188722741958279,-0.5184563526297743,-1.5871354707540313,3.7841899792191516,
17612,0.1971235551586822,-0.12921721533942973,0.8449849604130377,0.9393259918367126,-0.1779312585730588,-0.8234390999711978,1.0091257992159446,-0.39775201379826297
17732,-0.10017068314415789,0.06664746616051291,-0.4334311382153348,-0.4818229351656432,1.4006429399072984,2.0893506311030503,0.8167038616595865,1.1772968632421674
17811,0.7250350474589836,1.0244218343370333,2.1403280446195225,2.379291771519137,1.618741306286212,,0.5658346023749776,2.7175110686928403
17876,-0.1692055943361489,-0.08003791764566925,0.5388470565203943,0.5990083487011407,0.19783181205403874,,-0.27922869519015225,0.47348580247168753
17927,0.04254164337765846,-0.0827768177369451,0.9726363791432864,1.0812294589108988,0.8582525986358147,,-0.5448706395787821,-0.46434506966125616
18291,-0.27373479623347574,-0.3252832082303782,-0.4417143965689782,-0.491031004223905,-0.5449386863605215,-1.1232078487334682,0.6375174501254599,0.9558127481719187
18325,0.6254415870064945,0.8291006013328701,1.45055789253389,1.6125100385868882,1.2580748873014573,1.5949302364462958,1.7131100559671044,2.436256646727521
18326,0.6183586772917508,0.8208938975407047,1.448151307528492,1.6098347627499907,1.2483709131432545,1.5787521886550626,1.7131100559671044,2.436256646727521
18358,0.05555458797653275,0.20341999219605542,0.475761636553229,0.528879556524618,0.8058395744731566,,0.2681490628971447,1.7046431505199928
18359,0.04811174014084111,0.19448857479322545,0.475761636553229,0.528879556524618,0.8058395744731566,,0.2681490628971447,1.7046431505199928
18956,1.3787498488429417,0.9758594697779106,1.4118766193644547,1.5695100717382169,2.4185252569266127,,1.2450022376225092,0.1126922980072623
18957,1.1825727568978226,1.0214978981269578,1.4114728299340191,1.569061199953503,0.9402026647440369,0.649380033854183,1.598103985037565,0.7648890932827465
19018,1.3111557464782302,1.1267249791872305,0.954372384489548,1.0609263225276937,1.27293752465225,,1.067624883264315,0.0006988869451911982
19032,0.5654807998417608,0.7698946502240548,-0.31856355301953526,-0.3541305933502449,1.5187914272334062,,0.5408896499892142,2.551836569623039
19034,0.6378704089646753,0.7644588345028978,0.03567089062204174,0.03965348057422205,0.8366843457270352,,-0.22991691864504815,0.5978565558562436
19426,1.2253805436485041,0.5113303099065644,1.3907137062228743,1.5459843578992956,1.792617115576607,,0.438391962571579,-2.7198932858864384
19427,1.2128962301859019,0.4963491337514417,1.3907137062228743,1.5459843578992956,1.792617115576607,,0.438391962571579,-2.7198932858864384
19571,0.6595947013983289,0.9143053285262098,1.5339652823344032,1.7052297115057788,1.066368178534955,1.2369678478264534,0.1524480119376469,1.3388476762420571
19829,1.3806392021499345,1.3762874787797683,0.9755204940653102,1.0844355800096424,1.942736481069876,2.7271597119629805,1.6122383369637094,0.6927896799052764
19830,1.1224837043878153,0.9442435867541513,0.9755204940653102,1.0844355800096424,0.4848040409305107,0.2258969062426283,1.6122383369637094,0.6927896799052764
19925,0.8360829058680288,0.7495775424203557,1.36636643807979,1.518918761624259,1.2995230122102706,,-1.9536547082154831,-2.0752937426560756
20018,-0.2663523706859405,-0.17733247993374987,-0.5225173250559821,-0.58085543246848,-0.7988053777010717,-0.8931997631421457,-0.12393345172781162,0.5629183856389041
20469,1.3983835203251076,0.8513963765300703,2.3454310870132162,2.607294194936247,1.5342658713028536,,0.617194139389809,-2.243722336530662
20470,1.3180305967385089,0.9220189724112234,2.3454310870132162,2.607294194936247,1.1075500892089285,1.330533711242656,0.617194139389809,-2.243722336530662
21179,1.1055139594044592,0.5670790161527919,-0.1289631192045721,-0.14336161651679244,1.9988980578928885,,1.5305956546814004,-0.25379646577628673
21180,1.2780027431086307,1.2244556766850796,-0.1289631192045721,-0.14336161651679244,3.1346383259296444,4.612146545158244,1.5305956546814004,-0.25379646577628673
21382,0.6660926038759866,0.3576783135769715,0.7907763174609158,0.8790650526571157,1.2111042693344625,,-0.5810131883656184,-1.3579474192994028
21383,0.5798605914565876,0.47629922398571967,0.7907763174609158,0.8790650526571157,0.8440853515997904,1.0149240099830348,-0.5810131883656184,-1.3579474192994028
21510,1.4957041347368687,1.8288907608591778,2.7577657273702343,3.0656652466916134,1.0519282821713307,1.4953548628224562,-1.9292071500359738,-0.6814134932746237
21511,1.468276164144287,1.88953657470907,2.7577657273702343,3.0656652466916134,0.9176672874031019,,-1.9292071500359738,-0.6814134932746237
21523,0.4128264195810271,0.5660417946394037,0.44809450730643285,0.4981234427018136,0.2277641655522672,-0.5310774836872553,-1.0620631695549976,
21528,0.8109232406369742,0.9748949123802337,0.3595098782596965,0.3996485012068323,2.1989753645050127,,-1.1928769472569671,
21593,1.5013219651415606,1.6239038359304503,1.8058590888405972,2.0074799661681206,0.9668945065849441,1.0000667737969693,0.5796187311004737,1.0803168112942627
21594,1.6172781254382427,1.7320977567419813,1.8058590888405972,2.0074799661681206,1.7454989264408634,,0.5796187311004737,1.0803168112942627
21626,2.3577737995285464,2.0328476481998887,2.542133001316932,2.825957519617436,2.575216578079487,,1.6218827830014944,-0.06912971339135916
21627,2.353377757706147,2.0275723980130094,2.542133001316932,2.825957519617436,2.575216578079487,,1.6218827830014944,-0.06912971339135916
21792,0.5609528904700407,0.16161825328340662,0.9230923008528902,1.0261538745395347,0.4720576588462877,0.17959111110519624,-0.6443478355928243,-2.8509506846581827
21793,0.5565659297477153,0.1571014189399507,0.9230923008528902,1.0261538745395347,0.47096875946248173,0.1777229699946072,-0.6443478355928243,-2.8509506846581827
22364,1.469266006498517,2.080761892831641,0.7389518435152684,0.8214544706100508,3.7348044103732336,5.480451697222108,-0.5746770988776833,0.6546524188442799
22365,1.501253441530913,2.1274780561760913,0.8197981530143867,0.9113271232777106,3.7368865381986156,5.467888509349653,-0.4811022712771547,0.8274898605343758
22368,1.487240274547025,0.6499259372792033,-0.4505749234573119,-0.5008807927970786,1.8376633613633389,,3.5984543301944094,
22709,1.3414636487850828,1.359793354147746,-0.5809997325012438,-0.6458672941608665,1.3678763819275486,,1.503373440934967,1.6863022625503712
22735,0.5381065422577871,-0.346149925974064,0.17719475519699512,0.19697822679864194,1.5839833138232642,,-2.774077097627886,-6.1692661388233105
22740,0.7707845176464381,0.5832582990302929,-0.01020214836473889,-0.011341199643233149,2.1591471104850566,3.254500052218846,-1.9000529844845389,-4.119424186636706
23397,1.3635490459624195,1.1445152356045993,2.650288951058258,2.946188884107229,0.7108126427570939,0.12557241283377396,0.883421870765248,-0.14144069450732566
23398,1.3546519101719319,1.1338394460883163,2.650288951058258,2.946188884107229,0.695899876568213,0.09998772429012223,0.883421870765248,-0.14144069450732566
23451,0.9660111614107437,0.8246272925055083,0.38712128583205674,0.43034267213176475,2.1230763443350398,,0.27631897150186274,
23452,0.9528726423729262,0.8102243688815419,0.36465181880422715,0.4053645300454944,2.0980838449594095,,0.27631897150186274,
24052,2.159172257273981,1.557408255178322,1.4009902465017243,1.557408255178322,2.40675044024952,,2.669776085070699,
24053,2.159172257273981,1.557408255178322,1.4009902465017243,1.557408255178322,2.40675044024952,,2.669776085070699,
24459,1.1429639120752026,1.2351917404042456,0.9612958797556937,1.068622813426976,1.957404455490018,2.5232773352216635,0.5101914009798962,0.1136750725640973
24460,1.2136018440345246,1.1085034251618955,0.997171089662519,1.1085034251618955,2.000065437640272,,0.6435690048007834,
24592,1.504469080414754,0.008460706760748726,1.324395831099008,1.4722622128367622,2.1202227745186817,,1.0687886356265723,-1.4553407993152647
24593,1.504469080414754,0.008460706760748726,1.324395831099008,1.4722622128367622,2.1202227745186817,,1.0687886356265723,-1.4553407993152647
40001,-0.3832962516775276,-0.20887233390083956,-0.3237277729840414,-0.3598713890655337,-0.13477129221860873,0.1492298360801432,-0.5339600151166172,0.26472597932625186
40008,-0.4349316796634157,-0.6478851325424472,-1.1776941563818761,-1.3091815634008028,-0.3733036274672825,-0.1706452890414625,0.49424386678553767,-0.8546477818955448
40011,-0.31096593954994073,-0.23615519294432366,-1.0100733841501315,-1.1228462373234538,-0.27749207451894764,0.013265359504753875,-0.16565863700889727,0.105221261774426
40016,-0.21580896600128385,-0.12228805594890818,-0.7107636987192916,-0.7901191708011938,-0.432984728742072,-0.24988131400502175,0.34058836334924225,0.7979658810083481
40025,0.19753353316429492,0.2560167258878346,0.3356294540996254,0.3731018711950089,-0.31358428491409407,-0.16746813083266857,0.23324527309901336,0.4005558582634421
50004,-0.7439031412221263,-0.6955039118732546,-0.6916180311141011,-0.7688359242877519,-0.8376467709946559,-0.955306908540906,-1.318195292261917,-0.8329218854487849
50009,-0.2168006562135297,-0.2466829785885043,0.2101206849071343,0.23358027657595912,-0.7529365239195069,-0.7946216146037395,-0.3402165295784626,-0.5012849648129026
50010,-0.06880749464869723,-0.03932289786749005,0.31521626362839067,0.3504095851967215,-0.7041720151450696,-0.7842936306006026,-0.17125769048101633,0.05057818409342901
70027,-0.19933639400915457,-0.05572547830552412,-0.49839799795418593,-0.5540432264367249,-0.3707796589724637,-0.08018295501477665,-0.31660559203675925,0.3101084267098751
100022,-0.10957485136600092,-0.45157921309682053,-0.5536292327988314,-0.615440928030672,-0.6508591391709986,-0.7078739348991062,0.2792704541864911,-1.6539292252384783
100039,-0.0856634937221824,-0.08856424130770464,-0.714945947850967,-0.7947683604291356,-0.6220398016174749,-0.6717537407919788,0.3145279292048468,0.426659795444386
100060,-0.32232713821486464,-0.269079298739315,-0.6297217229871239,-0.7000290061220324,-0.5864465371966445,-0.6864740177534998,-0.14679628590851074,0.3430255146365511
110002,-0.3506599394009071,-0.3384583532028942,-0.5620679157955686,-0.624821774610274,-0.6427764008184336,-0.6376545996542208,-0.4072627269323962,-0.2764211520938262
110005,-0.38228347619606046,-0.40100750862979573,-0.09610176281374339,-0.10683134955224609,-0.4713639962177032,-0.29875874322304996,-1.162608098790787,-1.4368279596493498
110009,-0.2021616709786945,-0.1022213674095339,-0.8940213337842781,-0.9938371869596417,-0.35957385316020674,-0.14299320361418286,-0.24153780984007775,0.24133921520422577
110013,-0.23199138938550182,-0.3396667600113504,-0.47155988940306803,-0.5242086919599485,-0.3126669502392898,-0.02485963463485903,-0.5252064878926158,-1.4064172246952575
110015,-0.5826971440884081,-0.7662167466125638,-0.7136272793243676,-0.7933024649639119,-0.7739117907629802,-0.8280563261695904,-1.2745036006899129,-2.2418014947886924
110025,0.12363495686207243,0.266188351007179,0.23557446629744516,0.26187592628641243,-0.22247842348465752,0.038924750153687716,0.0647370741495534,0.6323528053928805
110029,-0.1655502103863648,-0.13447815177134154,-0.16326688777573445,-0.18149533835379822,-0.46669283845526344,-0.31918229838881423,-0.6745775815578463,-0.6174273193560922
112002,-0.5062746565752955,-0.4281031434763451,-0.8874879505886206,-0.9865743634328059,-0.5347024642881372,-0.6034843834450492,-0.4191772687029267,0.21772014189187378
121003,-0.38665844472733596,-0.389101955921295,-1.3476934394364861,-1.4981609567011829,-0.4669161663251586,-0.36570539199630825,0.3368622419889555,0.3714579177610482
150968,-0.15029099820218914,-0.3150583859398692,0.044429934406279945,0.04939045563961138,-0.8131867826979295,-0.9086931919088379,-0.2779587820747227,-1.1760172205232264
151001,-0.14149028489428708,-0.2853779172528357,0.10553390779513394,0.1173165763371837,-0.7527561229058828,-0.8716699662668054,-0.476510570351551,-1.2327051896839696
160220,-0.046209472722279814,-0.0304478883348188,-0.6751399226020062,-0.75051806498035,-0.3371426555975861,-0.4593497533720235,-0.08429670971742209,0.20785803676012507
160226,-0.0900966444082919,0.06012360674270917,-0.6063482808956582,-0.6740459618031466,-0.33823178058009584,-0.4916980441722039,-0.005025720552792601,1.1174597308528103
160605,-0.2713131496342216,-0.23200881801266413,0.09949479842510457,0.11060321140813174,-0.26155462767566623,0.05413757282141285,-0.3711396511702454,-0.46211427492100643
161606,-0.6580375616922546,-0.7790585148758193,-0.2913355860979908,-0.3238626735262338,-1.069438728029969,-1.3288824426268455,-0.6408608768260947,-1.0750157939023641
161810,-0.05637566069422706,0.03013335421752004,0.6092773824775227,0.6773020922403444,-0.37423647064653465,-0.07239837316458746,-0.05468017197955511,0.09451111024615858
161903,0.009575218584350847,0.02862081642623662,0.5099689943810635,0.5669061035344458,-0.5175367587346857,-0.2851700334699246,0.653702951239878,0.47867270387304905
162006,-0.18506261149448686,-0.29037424491008024,-0.5393232923860933,-0.5995377554336314,-0.3950070762437575,-0.20440092723688078,0.021969346195572892,-0.7402921402573259
162201,0.10810091937482823,0.13042357021746445,0.5359017377837205,0.5957341904933436,-0.5679002842746024,-0.6287885516247075,0.3413203224002478,0.47631204209654715
162204,-0.21542938235814946,0.05834166099484886,-0.5619344084695289,-0.6246733614345077,-0.14213475190796082,0.24509401047211257,-0.6533679503810295,0.6647685003218657
162209,-0.14002178290239473,-0.09890937642368668,-0.6914227867711378,-0.768618881269596,-0.2908363612017837,-0.016732890463942506,0.3117529035957414,0.3615199662286069
162214,0.07766531075666598,-0.23750325224667637,0.6410212139255165,0.7125900646381121,-0.6709402048610356,-0.7081735532784442,0.7522571853673381,-1.1730896949479033
162703,-0.3757347039825942,-0.42611955610443086,0.0900087848615348,0.10005810171195306,-0.7187107669159244,-0.7186735060598238,-0.2211550494703235,-0.5335507399078623
163402,-0.2868725989005369,-0.3588959006573395,-0.19202954626759058,-0.2134692952660218,-0.6003952840810779,-0.4707859610114668,-6.629994921036886e-05,-0.5403756845612058
163406,-0.24643441674419952,-0.11570458762159234,-0.34924431344027373,-0.3882368047772831,-0.6784045415194376,-0.5905624115961279,-0.4206394937848299,0.31488984236451306
163411,-0.33761642243324896,-0.5405183499129854,-0.8087179078360885,-0.8990097889114145,-0.7091014706277979,-0.7785953451154634,0.12900505837844506,-0.928620750936982
163412,-0.36191320961043405,-0.35767048256004186,-0.4587625521487963,-0.5099825553156209,-0.5483048788355669,-0.4545278651917537,0.5947783497797772,0.577677701605142
166001,-0.3573059621262025,-0.3827888219918494,-0.5892899625666297,-0.6550831133097855,-0.5150693837956238,-0.3207304209490223,-0.6527464895926038,-0.9341894608899306
166005,-0.22113286960180045,-0.04401007337307566,-0.6232304533106289,-0.6928129980120504,-0.44715920779529217,-0.19351765327345904,-0.25432009409261,0.6243576734593271
168002,-0.3175183052140238,-0.25743813980144586,-0.46245767773737045,-0.5140902349443234,-0.8181042395557013,-1.1308108598047653,0.14932373034210042,0.8741439002735849
168401,0.2598069455534932,0.48254026947930334,-0.41939181983113644,-0.4662161524608927,0.9387263972162845,1.4542190628069716,1.173126981537674,2.0408585921316043
180031,-0.06109379750362016,0.01989318499933357,0.3691917986636055,0.41041139038516816,-0.5207005601654384,-0.48070300090563967,0.2649741015006328,0.6696788455369937
200012,-0.20123740879688531,-0.20781245652414607,-0.47659551296358355,-0.5298065337170201,-0.4249079250753326,-0.3417676514440264,0.20407072293107906,0.13469118368964478
202001,-0.3523967128709573,-0.4751270227718367,-1.049241418309651,-1.1663873111399639,-0.4273361163693082,-0.3133990263034088,0.002990798651923754,-0.7301822579889393
202002,-0.4639081000087817,-0.5858303411873115,-1.0571758760506103,-1.1752076366325857,-0.4271300606331463,-0.30947103606089565,0.15997965633901082,-0.5711810547224432
202027,0.06453596292897759,0.09560489931987799,0.20306697640433452,0.225739034369375,-0.5210043680164622,-0.42970321752727786,0.27625194031679046,0.34869235020796796
206009,-0.43967711420956196,-0.4324064254451921,-0.5162744659164599,-0.5739155694793656,-0.5253724912828516,-0.3857238003459214,-0.29951467418895467,-0.33789812897675936
210004,-0.22235323228578893,-0.22481562402940655,-0.9563249708685455,-1.0630969116186548,-0.22859390993567866,0.015036187327093877,-0.21441770682200884,-0.3660502137963779
210008,-0.1537039373929391,-0.22880550843411976,0.45414412475024635,0.5048484889119438,-0.6050049427110451,-0.6762903683641471,-0.32852516114995706,-0.7585535259056364
213003,-0.24160173513001568,-0.2859617956736779,0.04629499780854607,0.051463749972939656,-0.6251540516842117,-0.5886421157619184,-0.0373411541366805,-0.345182205485341
213008,-0.2930408145075542,-0.2646597307082984,0.17573374901685485,0.19535410194017225,-0.7726030982883847,-0.827216216700227,0.007119152782819604,0.2123984210668797
240005,-0.536778905352277,-0.4408264192784567,-0.6322247666259233,-0.7028115100230209,-0.8731755407904973,-0.978829074003555,-0.5797804990241026,0.17217469402897437
240011,-0.024208235219434982,-0.10409457589432843,-0.4805637713143989,-0.5342178408832706,-0.5139344255206092,-0.44084097174241443,0.8564564213457324,0.35769899308704844
240017,-0.22412806015618206,-0.32973346503889794,-0.6747204410574928,-0.7500517490856097,-0.7957675532804733,-1.0101042565971627,0.4893593181733977,0.14539490022190868
240022,0.28827543771070047,0.33589656048940325,0.5774304092661107,0.6418994624891778,-0.32497208947018363,-0.04868304234764496,0.2740929957479709,0.21906163207458185
257020,-0.1861473921766317,0.08826857262236733,-0.11069086540502829,-0.12304929886919917,-0.39780980616765693,-0.17226550572914864,-0.4447928681167313,0.9885170537029254
257030,-0.12723599858629445,-0.0567115448644304,-0.22584014606055974,-0.25105478692921146,-0.6210849781175637,-0.5499586839250047,0.24045562402975557,0.6176906930370325
257070,0.2667620198565848,-0.4352931490424455,0.9787124883589381,1.0879839546509302,-0.7785024360366822,-0.882960351911924,1.4794836596964402,-2.737660904114492
260112,0.14328649418705156,0.34224044526212466,-0.5823591952563749,-0.6473785384559181,-0.3229086957476937,-0.0616822835860329,-0.11457039633266164,0.8829462411556596
260117,0.007894756354610068,0.11934278268202726,-0.1317554954904479,-0.14646575652779267,-0.34768404459395763,-0.0857984365598216,0.38400304634607096,0.805515857313783
270028,-0.09370712818017736,-0.19971932425151853,0.20039164469921927,0.22276500675334368,-0.6193257536372007,-0.5638451369538289,-0.2705516626513047,-0.9844788178168479
290008,-0.09350852199321014,0.0010878694847023158,0.21426894663191443,0.23819168416494468,-0.6620991683386613,-0.6694045096939439,0.07487446533846862,0.6258354180281958
290014,-0.13400181519750334,0.15151632507271742,0.2405224391696675,0.2673763313155263,-0.6095510915392488,-0.596260413904628,-0.26182268354130733,1.4111415882995377
310358,-0.14859624240003932,-0.03534931503673625,-0.2644737300939285,-0.29400174023665543,-0.4449990381070372,-0.32348908338964105,0.059117758089806044,0.6466173776949552
320005,-0.2550914855745115,-0.133058541040151,-0.5480694108318218,-0.6092603620700139,-0.4027860164948682,-0.21156492245580674,-0.6308838551283068,-0.028716330723013495
320007,0.3141952389868511,0.5267813247247918,2.4398246554705185,2.7122266333441702,-0.4955169475871785,-0.2871128932953881,-0.20590744116305723,0.588803041099145
340007,-0.6167562127308343,-0.7465283830731054,-0.7243660512621419,-0.8052402012244807,-0.6293599173233673,-0.5862899984922141,-0.6306919406942813,-1.3715207316167228
360016,-0.3313727583620801,-0.0871044144020356,-0.5120917970320619,-0.5692659132340744,-0.12306372820419664,0.21660891285426234,-0.8669845190300435,0.31612701987377667
370024,-0.25970513056200745,-0.45290180406444575,-1.0639359581603274,-1.1827224695942322,-0.35643187948716293,-0.2021569526018626,0.45346619991080683,-0.7412022565552187
370027,-0.20842124633637452,-0.32259279077819697,-0.7844080119428969,-0.8719857374298856,-0.5275276120903903,-0.5209826169480073,0.38518331229082675,-0.21881322401550218
375010,-0.22487339930389905,-0.19146923457353046,-0.21279813586903157,-0.23655666005993153,-0.5761115955467996,-0.5321647229014406,-0.2927151680390463,-0.1124785281112937
377010,-0.30363130826699525,-0.28094625131342793,-0.708652338712692,-0.7877720812963651,-0.2627383527070836,-0.002853228604225594,-0.1911004279915015,-0.23575546778928258
377240,-0.05173979686863619,-0.24927724145029231,-0.06833361304955698,-0.07596293645532552,-0.5756176199453964,-0.5052745837403779,0.6432296320962623,-0.6047087481929245
378010,-0.3756345152397295,-0.5393242535679614,-0.8549540231946642,-0.9504080823161176,-0.41007321260370216,-0.290066274507583,-0.03577714482709654,-1.0424684537711544
379010,-0.21898968950547815,-0.3475809429815521,-0.4179427696181554,-0.46460531843153396,-0.7389056731490011,-0.8729512478203517,0.7856534244191455,0.1948140270474311
400001,-0.4128529259433041,-0.4806902619590246,-0.8619040215775124,-0.958134035356798,-0.4940541138789129,-0.3371267937832234,0.2986603450402024,-0.16906097737052425
460007,-0.41815153838133207,-0.35699268863249306,-1.0149024861017601,-1.1282144997102506,-0.7328206990740886,-0.8434841997607867,-0.4368182193349587,0.15411039345326344
470009,-0.19179244344488447,-0.05108095222206075,-0.5231780409395709,-0.5815899160767691,-0.40241417118033784,-0.1760462929187491,-0.10266356938850554,0.5736493748240463
470028,-0.4686641395314126,-0.5347830742649186,-1.031413561158349,-1.1465690062167802,-0.6417299811860898,-0.7148281143056762,0.07308016804491702,-0.13537986217810122
470098,-0.37455714355663944,-0.006126170022469531,-0.7361885721494031,-0.8183826850303565,-0.376906850521127,-0.15313772029657385,-0.8253080614678303,1.243702762393589
481001,-0.4496573769275866,-0.6375827441608799,-0.7888161202810123,-0.876886003033193,-0.7526825002833454,-0.8042769797475365,-0.3500218986105303,-1.3379097397939186
481008,-0.3673424458215601,-0.2648599286195124,-0.91627371566563,-1.0185740067383193,-0.2752221602555852,-0.007044842802524159,-0.21961695280601673,0.22940112402589816
481010,-0.22228090710844559,-0.2722612260291066,-0.49662347251613415,-0.552070578466372,-0.20935403264254626,0.10242619040860733,-0.1367627433377983,-0.6929777739626797
481015,-0.09904391832623949,-0.1692740638069028,0.4771864766034707,0.5304634773706739,-0.5782548127881024,-0.5209945634724777,0.09348796547072022,-0.43843015749608744
501026,-0.4858389045369624,-0.47351323204501033,-0.6598022168517025,-0.7334679323254905,-0.2601359706810319,-0.4691932733502226,-0.5069169743466629,-0.1502399212519721
501054,-0.41286143221245175,-0.484690924650142,-0.42984201608088146,-0.4778330940835954,-0.8492529266700217,-0.9958380849317129,-0.3818600770413097,-0.6182607954030468
501079,0.07148444623387094,0.19208790876790627,0.2817177518829314,0.3131710256429794,-0.27103072353472246,-0.05874694427798111,-0.3990889033631924,0.08079481882423019
501082,0.15028533193178703,0.005452898598565611,0.27188205394649445,0.30223718995076315,0.6484331615045191,0.8978157314231398,-0.0035511856176002055,-1.1522834915398181
519005,-0.14952782474746393,-0.09130948852167438,0.37510915405309,0.4169894077235605,-0.40959799543727177,-0.4076965287943179,0.17514033041704913,0.480668627458362
519013,-0.321858784850771,-0.3016471421972508,-1.2443810956093477,-1.3833139779017423,-0.16559801914879474,0.1724060964114301,-0.13212529160632028,-0.20992666895302903
519018,-0.4522442012748222,-0.5748289195093615,-0.8094307669616412,-0.8998022374596376,-0.741586235314834,-0.7737863661681552,-0.2861048656983589,-0.8990415737542777
519026,0.020048925952855075,-0.014351606567649243,-0.07185653561615857,-0.07987918690837427,-0.419744556437565,-0.29823656809278465,0.5850314593835367,0.2651429272079462
519089,-0.13417185497192682,0.07557249225603556,-0.8272905977049178,-0.9196560857680898,-0.2267912303009668,-0.02314070379496215,-0.123010097383416,1.0241709475415255
519110,-0.46444750662295914,-0.29672680557971126,-0.8734618348625811,-0.9709822574389448,-0.44112835829733954,-0.4433718643169137,-0.7980199329602827,0.3080682018951425
519158,-0.4227274657049665,-0.40327008422929955,-0.5758556893378167,-0.6401489279497388,-0.3706674206758226,-0.21049820319053145,-0.7825946694239202,-0.7617263594432876
519172,-0.20826929731467836,-0.3279313716471105,-0.9032004800479254,-1.0040411681809172,-0.20151044936688195,-0.3977424113587772,-0.4415471621538713,-0.8624469580235774
519173,-0.17377742329094545,-0.2545863812742478,-0.9029708261353573,-1.003785873827398,-0.2308273700145233,-0.44831483929012167,-0.10559642641257909,-0.2721476573447544
519181,-0.1479291438415102,-0.018356973093676447,-0.47024788747898755,-0.5227502074112694,-0.5609087972144619,-0.4836565404506921,-0.7951750632085027,-0.04249197555298802
519185,-0.04113229807490385,0.30648658890613484,1.3757438708470975,1.529343167676087,-0.4416744184906929,-0.20125715292449264,-1.1102031008514923,0.5814936586395499
519670,-0.21057749850562069,-0.23779777148026024,0.1788636316081766,0.1988334302207474,-0.8302274998286171,-0.9243707796642066,-0.1977021729903634,-0.2868503296151818
519672,-0.113334497015896,-0.18546407039489143,0.152423900890179,0.1694417517363886,-0.8144163955076014,-0.8936332017112386,-0.4636169690400614,-0.8341954539566062
519674,0.29251277839885187,0.6605932966616741,2.5981608053793694,2.8882407259311402,-0.5310987767497894,-0.35735856500768637,-1.2236956768507734,0.5209673004322866
519679,-0.2109110141386286,-0.1553790014015145,-0.746970578322265,-0.8303684825495957,-0.44601804724297706,-0.3096362583650438,0.29987116592337487,0.5800793576954568
519688,-0.33087852547809704,-0.25917343416389593,-0.6827782020860825,-0.7590091444532899,-0.6309914760364064,-0.5796625113846655,-0.18199070147360552,0.27314182412706794
519698,-0.28505697904850175,-0.2261886363872152,-0.7067671287671464,-0.7856763910949034,-0.7439974663186014,-0.8413014329217089,-0.030250137518916892,0.4991731473796668
519704,-0.2986419881658459,-0.21881854942168952,-0.4254519465137232,-0.47295288124715934,-0.5379806215463603,-0.4319282299684785,-0.6031384426803268,-0.18274926705983432
519770,0.11724003239209596,0.07790259395080835,-0.7929777560069932,-0.8815122778062483,-0.09859593828480377,-0.1109783231668346,0.08950583436851828,-0.04560188959792116
519771,0.11515793607338405,0.08040007054424442,-0.798705728443697,-0.8878797679302031,-0.05873676806457086,-0.04552916072423476,0.05824428631642983,-0.07433647471223814
519773,-0.1017731099581242,-0.03458918558576365,0.0704636642532829,0.07833080399538757,0.2688284062088335,0.37600831494575515,-0.5986400595158885,-0.3105835617607515
530019,-0.2711733864470242,-0.27570205117440544,-0.19436288053020984,-0.21606314204815866,-0.486437814334858,-0.41134053064859744,0.04790545814056361,-0.03266355239203523
570001,-0.0925802827950501,-0.26323091442002144,-0.28947029345293457,-0.32178912435557555,-0.6376170843457859,-0.5517013577965143,0.2011509259023827,-0.8763497594940761
570008,-0.07850418922707285,-0.17539858108776699,-0.3514879508487321,-0.39073094021490323,-0.8259705464870336,-0.933832263803095,0.09894360593252206,-0.33531803854941
580001,-0.052175567038938366,-0.03636188728087967,-0.2930493165548668,-0.3257677388665199,-0.4387049283426933,-0.32757336542360976,0.4350492725849792,0.4515182105259008
580002,-0.25975277886109654,-0.00129517642637163,0.05954936172787045,0.06619793947685502,-0.5462341413546525,-0.551594242548701,-0.2791482361167424,1.270308901936671
580006,0.2623630548743116,0.4859716830435175,0.8339550645514777,0.9270646281966414,-0.32666052904767856,-0.262066782622328,0.9995356650720266,2.1834841240167475
610006,-0.05829898721684861,-0.2897603695869506,0.2813393468469093,0.31275037237406944,-0.6067896128263298,-0.6762452051460704,0.25267884846175287,-1.0980448789662787
630001,-0.6888821524756965,-0.540019965399026,-0.4489803322200898,-0.49910816835327115,-0.4835994722601283,-0.42256807726815043,-1.1317026818325664,-0.24943311823134023
630002,0.11155601808317712,0.3113424472563853,0.07669693564876506,0.08526000878630678,-0.29893140088941184,-0.023829119413591397,-0.8332476913750858,0.08180552905080078
630010,-0.3524094334062806,-0.3632012842067531,-0.5414362064335269,-0.6018865724851219,-0.5621751982289847,-0.5294412025770893,-0.4925705548284043,-0.5296052892315395
630011,-0.3019543362002685,-0.18097485436139019,-0.6857481568748822,-0.7623106892835504,-0.3537861257245026,-0.2197771994843493,-0.41274904144535646,0.25568145575642864
660005,-0.3189375829385213,-0.5282711160826635,-0.829526835842314,-0.9221419958195138,-0.5216102941921386,-0.519935316358361,0.2813752720120288,-0.8836857447094016
660015,0.07619253616671992,0.030922399013054862,-0.41981668626745566,-0.4666884544607988,-0.274916898716092,-0.11665282998335101,0.6691067630478695,0.28609363958648126
720001,-0.14359736767010936,-0.08160109586387355,-0.5866905634416835,-0.6521934960081639,0.004775745490693095,-0.032870334259802514,-0.7335215957477371,-0.2583949525933462
740001,-0.32873960683388154,-0.451216925709258,-0.7895192131204991,-0.8776675949073033,-0.46526051201071583,-0.704279450711084,-0.2895841819158455,-0.697280774680932
952004,-0.3028424472752133,-0.14257456537252122,-0.16894950996273222,-0.18781241495528686,-0.2265539284646596,0.02863932785610562,-0.6298269840673324,0.09544995602060949
959991,-0.28998880107336195,-0.2135099160238748,-0.8176511906608945,-0.9089404564888196,-0.19312956816100504,-0.3158509640716333,-0.3857250285381403,0.28715894349733617
