净值日期,单位净值,日增长率,累计净值,日收益率,quarter
2022-08-25,1.0,0.0,1.0,0.0,2022Q3
2022-08-26,0.9999,-0.01,0.9999,-0.0001,2022Q3
2022-09-02,0.9996,0.0,0.9996,0.0,2022Q3
2022-09-09,0.9993,0.0,0.9993,0.0,2022Q3
2022-09-16,0.9991,0.0,0.9991,0.0,2022Q3
2022-09-23,0.999,0.0,0.999,0.0,2022Q3
2022-09-26,0.9989,-0.01,0.9989,-0.0001,2022Q3
2022-09-27,0.9991,0.02,0.9991,0.0002,2022Q3
2022-09-28,0.9982,-0.09,0.9982,-0.0009,2022Q3
2022-09-29,0.9985,0.03,0.9985,0.0003,2022Q3
2022-09-30,0.9967,-0.18,0.9967,-0.0018,2022Q3
2022-10-10,0.9936,-0.31,0.9936,-0.0031,2022Q4
2022-10-11,0.9962,0.26,0.9962,0.0026,2022Q4
2022-10-12,1.0025,0.63,1.0025,0.0063,2022Q4
2022-10-13,1.0008,-0.17,1.0008,-0.0017000000000000001,2022Q4
2022-10-14,1.0026,0.18,1.0026,0.0018,2022Q4
2022-10-17,0.9972,-0.54,0.9972,-0.0054,2022Q4
2022-10-18,0.9978,0.06,0.9978,0.0006,2022Q4
2022-10-19,0.9942,-0.36,0.9942,-0.0036,2022Q4
2022-10-20,0.9809,-1.34,0.9809,-0.0134,2022Q4
2022-10-21,0.979,-0.19,0.979,-0.0019,2022Q4
2022-10-24,0.9679,-1.13,0.9679,-0.0113,2022Q4
2022-10-25,0.9737,0.6,0.9737,0.006,2022Q4
2022-10-26,0.9757,0.21,0.9757,0.0021,2022Q4
2022-10-27,0.9625,-1.35,0.9625,-0.013500000000000002,2022Q4
2022-10-28,0.947,-1.61,0.947,-0.0161,2022Q4
2022-10-31,0.9419,-0.54,0.9419,-0.0054,2022Q4
2022-11-01,0.9555,1.44,0.9555,0.0144,2022Q4
2022-11-02,0.9683,1.34,0.9683,0.0134,2022Q4
2022-11-03,0.9745,0.64,0.9745,0.0064,2022Q4
2022-11-04,0.9966,2.27,0.9966,0.0227,2022Q4
2022-11-07,0.9953,-0.13,0.9953,-0.0013,2022Q4
2022-11-08,0.9884,-0.69,0.9884,-0.0069,2022Q4
2022-11-09,0.9793,-0.92,0.9793,-0.0092,2022Q4
2022-11-10,0.9678,-1.17,0.9678,-0.011699999999999999,2022Q4
2022-11-11,0.9751,0.75,0.9751,0.0075,2022Q4
2022-11-14,0.9569,-1.87,0.9569,-0.0187,2022Q4
2022-11-15,0.9663,0.98,0.9663,0.0098,2022Q4
2022-11-16,0.9553,-1.14,0.9553,-0.011399999999999999,2022Q4
2022-11-17,0.9466,-0.91,0.9466,-0.0091,2022Q4
2022-11-18,0.9478,0.13,0.9478,0.0013,2022Q4
2022-11-21,0.9464,-0.15,0.9464,-0.0015,2022Q4
2022-11-22,0.9354,-1.16,0.9354,-0.0116,2022Q4
2022-11-23,0.94,0.49,0.94,0.0049,2022Q4
2022-11-24,0.9498,1.04,0.9498,0.0104,2022Q4
2022-11-25,0.9438,-0.63,0.9438,-0.0063,2022Q4
2022-11-28,0.9421,-0.18,0.9421,-0.0018,2022Q4
2022-11-29,0.943,0.1,0.943,0.001,2022Q4
2022-11-30,0.9481,0.54,0.9481,0.0054,2022Q4
2022-12-01,0.9583,1.08,0.9583,0.0108,2022Q4
2022-12-02,0.9583,0.0,0.9583,0.0,2022Q4
2022-12-05,0.9666,0.87,0.9666,0.0087,2022Q4
2022-12-06,0.9725,0.61,0.9725,0.0060999999999999995,2022Q4
2022-12-07,0.9641,-0.86,0.9641,-0.0086,2022Q4
2022-12-08,0.9785,1.49,0.9785,0.0149,2022Q4
2022-12-09,0.9929,1.47,0.9929,0.0147,2022Q4
2022-12-12,0.974,-1.9,0.974,-0.019,2022Q4
2022-12-13,0.964,-1.03,0.964,-0.0103,2022Q4
2022-12-14,0.9566,-0.77,0.9566,-0.0077,2022Q4
2022-12-15,0.9548,-0.19,0.9548,-0.0019,2022Q4
2022-12-16,0.9503,-0.47,0.9503,-0.004699999999999999,2022Q4
2022-12-19,0.9516,0.14,0.9516,0.0014000000000000002,2022Q4
2022-12-20,0.9435,-0.85,0.9435,-0.0085,2022Q4
2022-12-21,0.9374,-0.65,0.9374,-0.006500000000000001,2022Q4
2022-12-22,0.9327,-0.5,0.9327,-0.005,2022Q4
2022-12-23,0.9326,-0.01,0.9326,-0.0001,2022Q4
2022-12-26,0.9358,0.34,0.9358,0.0034000000000000002,2022Q4
2022-12-27,0.9372,0.15,0.9372,0.0015,2022Q4
2022-12-28,0.9349,-0.25,0.9349,-0.0025,2022Q4
2022-12-29,0.9323,-0.28,0.9323,-0.0028000000000000004,2022Q4
2022-12-30,0.9339,0.17,0.9339,0.0017000000000000001,2022Q4
2022-12-31,0.9339,0.0,0.9339,0.0,2022Q4
2023-01-03,0.9382,0.46,0.9382,0.0046,2023Q1
2023-01-04,0.9403,0.22,0.9403,0.0022,2023Q1
2023-01-05,0.9474,0.76,0.9474,0.0076,2023Q1
2023-01-06,0.951,0.38,0.951,0.0038,2023Q1
2023-01-09,0.9536,0.27,0.9536,0.0027,2023Q1
2023-01-10,0.9507,-0.3,0.9507,-0.003,2023Q1
2023-01-11,0.942,-0.92,0.942,-0.0092,2023Q1
2023-01-12,0.9387,-0.35,0.9387,-0.0034999999999999996,2023Q1
2023-01-13,0.9414,0.29,0.9414,0.0029,2023Q1
2023-01-16,0.939,-0.25,0.939,-0.0025,2023Q1
2023-01-17,0.9298,-0.98,0.9298,-0.0098,2023Q1
2023-01-18,0.9266,-0.34,0.9266,-0.0034000000000000002,2023Q1
2023-01-19,0.9262,-0.04,0.9262,-0.0004,2023Q1
2023-01-20,0.9269,0.08,0.9269,0.0008,2023Q1
2023-01-30,0.924,-0.31,0.924,-0.0031,2023Q1
2023-01-31,0.911,-1.41,0.911,-0.0141,2023Q1
2023-02-01,0.916,0.55,0.916,0.0055000000000000005,2023Q1
2023-02-02,0.9147,-0.14,0.9147,-0.0014000000000000002,2023Q1
2023-02-03,0.9056,-0.99,0.9056,-0.009899999999999999,2023Q1
2023-02-06,0.8968,-0.97,0.8968,-0.0097,2023Q1
2023-02-07,0.8946,-0.25,0.8946,-0.0025,2023Q1
2023-02-08,0.8895,-0.57,0.8895,-0.005699999999999999,2023Q1
2023-02-09,0.9084,2.12,0.9084,0.0212,2023Q1
2023-02-10,0.8982,-1.12,0.8982,-0.011200000000000002,2023Q1
2023-02-13,0.9209,2.53,0.9209,0.0253,2023Q1
2023-02-14,0.9147,-0.67,0.9147,-0.0067,2023Q1
2023-02-15,0.9184,0.4,0.9184,0.004,2023Q1
2023-02-16,0.9086,-1.07,0.9086,-0.010700000000000001,2023Q1
2023-02-17,0.891,-1.94,0.891,-0.0194,2023Q1
2023-02-20,0.9063,1.72,0.9063,0.0172,2023Q1
2023-02-21,0.8969,-1.04,0.8969,-0.0104,2023Q1
2023-02-22,0.8985,0.18,0.8985,0.0018,2023Q1
2023-02-23,0.9009,0.27,0.9009,0.0027,2023Q1
2023-02-24,0.8864,-1.61,0.8864,-0.0161,2023Q1
2023-02-27,0.8913,0.55,0.8913,0.0055000000000000005,2023Q1
2023-02-28,0.8886,-0.3,0.8886,-0.003,2023Q1
2023-03-01,0.8887,0.01,0.8887,0.0001,2023Q1
2023-03-02,0.8787,-1.13,0.8787,-0.0113,2023Q1
2023-03-03,0.8752,-0.4,0.8752,-0.004,2023Q1
2023-03-06,0.8855,1.18,0.8855,0.0118,2023Q1
2023-03-07,0.8743,-1.26,0.8743,-0.0126,2023Q1
2023-03-08,0.8695,-0.55,0.8695,-0.0055000000000000005,2023Q1
2023-03-09,0.8625,-0.81,0.8625,-0.008100000000000001,2023Q1
2023-03-10,0.8509,-1.34,0.8509,-0.0134,2023Q1
2023-03-13,0.8574,0.76,0.8574,0.0076,2023Q1
2023-03-14,0.8402,-2.01,0.8402,-0.020099999999999996,2023Q1
2023-03-15,0.8339,-0.75,0.8339,-0.0075,2023Q1
2023-03-16,0.8174,-1.98,0.8174,-0.019799999999999998,2023Q1
2023-03-17,0.8026,-1.81,0.8026,-0.0181,2023Q1
2023-03-20,0.8077,0.64,0.8077,0.0064,2023Q1
2023-03-21,0.8305,2.82,0.8305,0.0282,2023Q1
2023-03-22,0.8262,-0.52,0.8262,-0.0052,2023Q1
2023-03-23,0.8267,0.06,0.8267,0.0006,2023Q1
2023-03-24,0.8301,0.41,0.8301,0.0040999999999999995,2023Q1
2023-03-27,0.8277,-0.29,0.8277,-0.0029,2023Q1
2023-03-28,0.8306,0.35,0.8306,0.0034999999999999996,2023Q1
2023-03-29,0.8363,0.69,0.8363,0.0069,2023Q1
2023-03-30,0.8428,0.78,0.8428,0.0078000000000000005,2023Q1
2023-03-31,0.8426,-0.02,0.8426,-0.0002,2023Q1
2023-04-03,0.8442,0.19,0.8442,0.0019,2023Q2
2023-04-04,0.8376,-0.78,0.8376,-0.0078000000000000005,2023Q2
2023-04-06,0.8244,-1.58,0.8244,-0.0158,2023Q2
2023-04-07,0.8191,-0.64,0.8191,-0.0064,2023Q2
2023-04-10,0.812,-0.87,0.812,-0.0087,2023Q2
2023-04-11,0.7993,-1.56,0.7993,-0.015600000000000001,2023Q2
2023-04-12,0.7855,-1.73,0.7855,-0.0173,2023Q2
2023-04-13,0.7849,-0.08,0.7849,-0.0008,2023Q2
2023-04-14,0.7828,-0.27,0.7828,-0.0027,2023Q2
2023-04-17,0.7919,1.16,0.7919,0.0116,2023Q2
2023-04-18,0.7962,0.54,0.7962,0.0054,2023Q2
2023-04-19,0.791,-0.65,0.791,-0.006500000000000001,2023Q2
2023-04-20,0.7827,-1.05,0.7827,-0.0105,2023Q2
2023-04-21,0.7697,-1.66,0.7697,-0.0166,2023Q2
2023-04-24,0.7548,-1.94,0.7548,-0.0194,2023Q2
2023-04-25,0.7547,-0.01,0.7547,-0.0001,2023Q2
2023-04-26,0.7568,0.28,0.7568,0.0028000000000000004,2023Q2
2023-04-27,0.755,-0.24,0.755,-0.0024,2023Q2
2023-04-28,0.7676,1.67,0.7676,0.0167,2023Q2
2023-05-04,0.7599,-1.0,0.7599,-0.01,2023Q2
2023-05-05,0.7601,0.03,0.7601,0.0003,2023Q2
2023-05-08,0.76,-0.01,0.76,-0.0001,2023Q2
2023-05-09,0.7493,-1.41,0.7493,-0.0141,2023Q2
2023-05-10,0.7526,0.44,0.7526,0.0044,2023Q2
2023-05-11,0.751,-0.21,0.751,-0.0021,2023Q2
2023-05-12,0.7377,-1.77,0.7377,-0.0177,2023Q2
2023-05-15,0.7559,2.47,0.7559,0.024700000000000003,2023Q2
2023-05-16,0.7455,-1.38,0.7455,-0.0138,2023Q2
2023-05-17,0.7392,-0.85,0.7392,-0.0085,2023Q2
2023-05-18,0.7387,-0.07,0.7387,-0.0007000000000000001,2023Q2
2023-05-19,0.7442,0.74,0.7442,0.0074,2023Q2
2023-05-22,0.7483,0.55,0.7483,0.0055000000000000005,2023Q2
2023-05-23,0.7349,-1.79,0.7349,-0.0179,2023Q2
2023-05-24,0.727,-1.07,0.727,-0.010700000000000001,2023Q2
2023-05-25,0.7333,0.87,0.7333,0.0087,2023Q2
2023-05-26,0.738,0.64,0.738,0.0064,2023Q2
2023-05-29,0.73,-1.08,0.73,-0.0108,2023Q2
2023-05-30,0.7337,0.51,0.7337,0.0051,2023Q2
2023-05-31,0.7214,-1.68,0.7214,-0.0168,2023Q2
2023-06-01,0.7207,-0.1,0.7207,-0.001,2023Q2
2023-06-02,0.7358,2.1,0.7358,0.021,2023Q2
2023-06-05,0.7266,-1.25,0.7266,-0.0125,2023Q2
2023-06-06,0.7193,-1.0,0.7193,-0.01,2023Q2
2023-06-07,0.7101,-1.28,0.7101,-0.0128,2023Q2
2023-06-08,0.704,-0.86,0.704,-0.0086,2023Q2
2023-06-09,0.7113,1.04,0.7113,0.0104,2023Q2
2023-06-12,0.7306,2.71,0.7306,0.0271,2023Q2
2023-06-13,0.7374,0.93,0.7374,0.009300000000000001,2023Q2
2023-06-14,0.7536,2.2,0.7536,0.022000000000000002,2023Q2
2023-06-15,0.7667,1.74,0.7667,0.0174,2023Q2
2023-06-16,0.7826,2.07,0.7826,0.0207,2023Q2
2023-06-19,0.7848,0.28,0.7848,0.0028000000000000004,2023Q2
2023-06-20,0.7787,-0.78,0.7787,-0.0078000000000000005,2023Q2
2023-06-21,0.75,-3.69,0.75,-0.0369,2023Q2
2023-06-26,0.7248,-3.36,0.7248,-0.0336,2023Q2
2023-06-27,0.7274,0.36,0.7274,0.0036,2023Q2
2023-06-28,0.7212,-0.85,0.7212,-0.0085,2023Q2
2023-06-29,0.7215,0.04,0.7215,0.0004,2023Q2
2023-06-30,0.7306,1.26,0.7306,0.0126,2023Q2
2023-07-03,0.7362,0.77,0.7362,0.0077,2023Q3
2023-07-04,0.7377,0.2,0.7377,0.002,2023Q3
2023-07-05,0.7163,-2.9,0.7163,-0.028999999999999998,2023Q3
2023-07-06,0.7147,-0.22,0.7147,-0.0022,2023Q3
2023-07-07,0.7111,-0.5,0.7111,-0.005,2023Q3
2023-07-10,0.707,-0.58,0.707,-0.0058,2023Q3
2023-07-11,0.7135,0.92,0.7135,0.0092,2023Q3
2023-07-12,0.695,-2.59,0.695,-0.0259,2023Q3
2023-07-13,0.7178,3.28,0.7178,0.032799999999999996,2023Q3
2023-07-14,0.7193,0.21,0.7193,0.0021,2023Q3
2023-07-17,0.7179,-0.19,0.7179,-0.0019,2023Q3
2023-07-18,0.7129,-0.7,0.7129,-0.006999999999999999,2023Q3
2023-07-19,0.7059,-0.98,0.7059,-0.0098,2023Q3
2023-07-20,0.6782,-3.92,0.6782,-0.0392,2023Q3
2023-07-21,0.6724,-0.86,0.6724,-0.0086,2023Q3
2023-07-24,0.6735,0.16,0.6735,0.0016,2023Q3
2023-07-25,0.687,2.0,0.687,0.02,2023Q3
2023-07-26,0.6778,-1.34,0.6778,-0.0134,2023Q3
2023-07-27,0.6904,1.86,0.6904,0.018600000000000002,2023Q3
2023-07-28,0.7028,1.8,0.7028,0.018000000000000002,2023Q3
2023-07-31,0.7027,-0.01,0.7027,-0.0001,2023Q3
2023-08-01,0.6942,-1.21,0.6942,-0.0121,2023Q3
2023-08-02,0.6869,-1.05,0.6869,-0.0105,2023Q3
2023-08-03,0.694,1.03,0.694,0.0103,2023Q3
2023-08-04,0.7057,1.69,0.7057,0.0169,2023Q3
2023-08-07,0.6998,-0.84,0.6998,-0.0084,2023Q3
2023-08-08,0.6868,-1.86,0.6868,-0.018600000000000002,2023Q3
2023-08-09,0.6711,-2.29,0.6711,-0.0229,2023Q3
2023-08-10,0.6708,-0.04,0.6708,-0.0004,2023Q3
2023-08-11,0.6582,-1.88,0.6582,-0.018799999999999997,2023Q3
2023-08-14,0.6551,-0.47,0.6551,-0.004699999999999999,2023Q3
2023-08-15,0.6552,0.02,0.6552,0.0002,2023Q3
2023-08-16,0.6438,-1.74,0.6438,-0.0174,2023Q3
2023-08-17,0.6497,0.92,0.6497,0.0092,2023Q3
2023-08-18,0.628,-3.34,0.628,-0.0334,2023Q3
2023-08-21,0.6301,0.33,0.6301,0.0033,2023Q3
2023-08-22,0.6449,2.35,0.6449,0.0235,2023Q3
2023-08-23,0.6247,-3.13,0.6247,-0.0313,2023Q3
2023-08-24,0.6387,2.24,0.6387,0.022400000000000003,2023Q3
2023-08-25,0.6203,-2.88,0.6203,-0.0288,2023Q3
2023-08-28,0.6259,0.9,0.6259,0.009000000000000001,2023Q3
2023-08-29,0.6393,2.14,0.6393,0.021400000000000002,2023Q3
2023-08-30,0.6372,-0.33,0.6372,-0.0033,2023Q3
2023-08-31,0.6334,-0.6,0.6334,-0.006,2023Q3
2023-09-01,0.6313,-0.33,0.6313,-0.0033,2023Q3
2023-09-04,0.6471,2.5,0.6471,0.025,2023Q3
2023-09-05,0.633,-2.18,0.633,-0.0218,2023Q3
2023-09-06,0.6328,-0.03,0.6328,-0.0003,2023Q3
2023-09-07,0.6224,-1.64,0.6224,-0.016399999999999998,2023Q3
2023-09-08,0.6192,-0.51,0.6192,-0.0051,2023Q3
2023-09-11,0.6269,1.24,0.6269,0.0124,2023Q3
2023-09-12,0.6215,-0.86,0.6215,-0.0086,2023Q3
2023-09-13,0.6166,-0.79,0.6166,-0.0079,2023Q3
2023-09-14,0.6134,-0.52,0.6134,-0.0052,2023Q3
2023-09-15,0.6078,-0.91,0.6078,-0.0091,2023Q3
2023-09-18,0.6053,-0.41,0.6053,-0.0040999999999999995,2023Q3
2023-09-19,0.6054,0.02,0.6054,0.0002,2023Q3
2023-09-20,0.5991,-1.04,0.5991,-0.0104,2023Q3
2023-09-21,0.5926,-1.08,0.5926,-0.0108,2023Q3
2023-09-22,0.6144,3.68,0.6144,0.0368,2023Q3
2023-09-25,0.6057,-1.42,0.6057,-0.014199999999999999,2023Q3
2023-09-26,0.6037,-0.33,0.6037,-0.0033,2023Q3
2023-09-27,0.6079,0.7,0.6079,0.006999999999999999,2023Q3
2023-09-28,0.6076,-0.05,0.6076,-0.0005,2023Q3
2023-10-09,0.6031,-0.74,0.6031,-0.0074,2023Q4
2023-10-10,0.5984,-0.78,0.5984,-0.0078000000000000005,2023Q4
2023-10-11,0.602,0.6,0.602,0.006,2023Q4
2023-10-12,0.6021,0.02,0.6021,0.0002,2023Q4
2023-10-13,0.5894,-2.11,0.5894,-0.021099999999999997,2023Q4
2023-10-16,0.5843,-0.87,0.5843,-0.0087,2023Q4
2023-10-17,0.5857,0.24,0.5857,0.0024,2023Q4
2023-10-18,0.5775,-1.4,0.5775,-0.013999999999999999,2023Q4
2023-10-19,0.5649,-2.18,0.5649,-0.0218,2023Q4
2023-10-20,0.5624,-0.44,0.5624,-0.0044,2023Q4
2023-10-23,0.5564,-1.07,0.5564,-0.010700000000000001,2023Q4
2023-10-24,0.5565,0.02,0.5565,0.0002,2023Q4
2023-10-25,0.5554,-0.2,0.5554,-0.002,2023Q4
2023-10-26,0.5519,-0.63,0.5519,-0.0063,2023Q4
2023-10-27,0.5558,0.71,0.5558,0.0070999999999999995,2023Q4
2023-10-30,0.5613,0.99,0.5613,0.009899999999999999,2023Q4
2023-10-31,0.5553,-1.07,0.5553,-0.010700000000000001,2023Q4
2023-11-01,0.5564,0.2,0.5564,0.002,2023Q4
2023-11-02,0.5514,-0.9,0.5514,-0.009000000000000001,2023Q4
2023-11-03,0.5598,1.52,0.5598,0.0152,2023Q4
2023-11-06,0.5692,1.68,0.5692,0.0168,2023Q4
2023-11-07,0.5701,0.16,0.5701,0.0016,2023Q4
2023-11-08,0.5694,-0.12,0.5694,-0.0012,2023Q4
2023-11-09,0.57,0.11,0.57,0.0011,2023Q4
2023-11-10,0.5642,-1.02,0.5642,-0.0102,2023Q4
2023-11-13,0.5676,0.6,0.5676,0.006,2023Q4
2023-11-14,0.5691,0.26,0.5691,0.0026,2023Q4
2023-11-15,0.5742,0.9,0.5742,0.009000000000000001,2023Q4
2023-11-16,0.5667,-1.31,0.5667,-0.0131,2023Q4
2023-11-17,0.5684,0.3,0.5684,0.003,2023Q4
2023-11-20,0.5696,0.21,0.5696,0.0021,2023Q4
2023-11-21,0.5708,0.21,0.5708,0.0021,2023Q4
2023-11-22,0.5619,-1.56,0.5619,-0.015600000000000001,2023Q4
2023-11-23,0.5653,0.61,0.5653,0.0060999999999999995,2023Q4
2023-11-24,0.5576,-1.36,0.5576,-0.013600000000000001,2023Q4
2023-11-27,0.5554,-0.39,0.5554,-0.0039000000000000003,2023Q4
2023-11-28,0.5532,-0.4,0.5532,-0.004,2023Q4
2023-11-29,0.5532,0.0,0.5532,0.0,2023Q4
2023-11-30,0.5507,-0.45,0.5507,-0.0045000000000000005,2023Q4
2023-12-01,0.5487,-0.36,0.5487,-0.0036,2023Q4
2023-12-04,0.5471,-0.29,0.5471,-0.0029,2023Q4
2023-12-05,0.5366,-1.92,0.5366,-0.0192,2023Q4
2023-12-06,0.5374,0.15,0.5374,0.0015,2023Q4
2023-12-07,0.5408,0.63,0.5408,0.0063,2023Q4
2023-12-08,0.5559,2.79,0.5559,0.0279,2023Q4
2023-12-11,0.5714,2.79,0.5714,0.0279,2023Q4
2023-12-12,0.5633,-1.42,0.5633,-0.014199999999999999,2023Q4
2023-12-13,0.5665,0.57,0.5665,0.005699999999999999,2023Q4
2023-12-14,0.5616,-0.86,0.5616,-0.0086,2023Q4
2023-12-15,0.5538,-1.39,0.5538,-0.0139,2023Q4
2023-12-18,0.5517,-0.38,0.5517,-0.0038,2023Q4
2023-12-19,0.5591,1.34,0.5591,0.0134,2023Q4
2023-12-20,0.553,-1.09,0.553,-0.0109,2023Q4
2023-12-21,0.5538,0.14,0.5538,0.0014000000000000002,2023Q4
2023-12-22,0.5451,-1.57,0.5451,-0.015700000000000002,2023Q4
2023-12-25,0.5527,1.39,0.5527,0.0139,2023Q4
2023-12-26,0.5368,-2.88,0.5368,-0.0288,2023Q4
2023-12-27,0.5386,0.34,0.5386,0.0034000000000000002,2023Q4
2023-12-28,0.5414,0.52,0.5414,0.0052,2023Q4
2023-12-29,0.5614,3.69,0.5614,0.0369,2023Q4
2023-12-31,0.5613,-0.02,0.5613,-0.0002,2023Q4
2024-01-02,0.5469,-2.57,0.5469,-0.025699999999999997,2024Q1
2024-01-03,0.5266,-3.71,0.5266,-0.0371,2024Q1
2024-01-04,0.5222,-0.84,0.5222,-0.0084,2024Q1
2024-01-05,0.5124,-1.88,0.5124,-0.018799999999999997,2024Q1
2024-01-08,0.4994,-2.54,0.4994,-0.0254,2024Q1
2024-01-09,0.5041,0.94,0.5041,0.009399999999999999,2024Q1
2024-01-10,0.494,-2.0,0.494,-0.02,2024Q1
2024-01-11,0.504,2.02,0.504,0.0202,2024Q1
2024-01-12,0.4928,-2.22,0.4928,-0.0222,2024Q1
2024-01-15,0.4928,0.0,0.4928,0.0,2024Q1
2024-01-16,0.4914,-0.28,0.4914,-0.0028000000000000004,2024Q1
2024-01-17,0.4745,-3.44,0.4745,-0.0344,2024Q1
2024-01-18,0.4895,3.16,0.4895,0.0316,2024Q1
2024-01-19,0.4823,-1.47,0.4823,-0.0147,2024Q1
2024-01-22,0.4696,-2.63,0.4696,-0.0263,2024Q1
2024-01-23,0.4765,1.47,0.4765,0.0147,2024Q1
2024-01-24,0.4708,-1.2,0.4708,-0.012,2024Q1
2024-01-25,0.4728,0.42,0.4728,0.0042,2024Q1
2024-01-26,0.4577,-3.19,0.4577,-0.0319,2024Q1
2024-01-29,0.4341,-5.16,0.4341,-0.0516,2024Q1
2024-01-30,0.4284,-1.31,0.4284,-0.0131,2024Q1
2024-01-31,0.4219,-1.52,0.4219,-0.0152,2024Q1
2024-02-01,0.4335,2.75,0.4335,0.0275,2024Q1
2024-02-02,0.4248,-2.01,0.4248,-0.020099999999999996,2024Q1
2024-02-05,0.4204,-1.04,0.4204,-0.0104,2024Q1
2024-02-06,0.4446,5.76,0.4446,0.0576,2024Q1
2024-02-07,0.4483,0.83,0.4483,0.0083,2024Q1
2024-02-08,0.4604,2.7,0.4604,0.027000000000000003,2024Q1
2024-02-19,0.486,5.56,0.486,0.0556,2024Q1
2024-02-20,0.4868,0.16,0.4868,0.0016,2024Q1
2024-02-21,0.483,-0.78,0.483,-0.0078000000000000005,2024Q1
2024-02-22,0.4939,2.26,0.4939,0.0226,2024Q1
2024-02-23,0.5021,1.66,0.5021,0.0166,2024Q1
2024-02-26,0.5046,0.5,0.5046,0.005,2024Q1
2024-02-27,0.5213,3.31,0.5213,0.0331,2024Q1
2024-02-28,0.4904,-5.93,0.4904,-0.0593,2024Q1
2024-02-29,0.5034,2.65,0.5034,0.0265,2024Q1
2024-03-01,0.5156,2.42,0.5156,0.0242,2024Q1
2024-03-04,0.5328,3.34,0.5328,0.0334,2024Q1
2024-03-05,0.5252,-1.43,0.5252,-0.0143,2024Q1
2024-03-06,0.5264,0.23,0.5264,0.0023,2024Q1
2024-03-07,0.5195,-1.31,0.5195,-0.0131,2024Q1
2024-03-08,0.5341,2.81,0.5341,0.0281,2024Q1
2024-03-11,0.5293,-0.9,0.5293,-0.009000000000000001,2024Q1
2024-03-12,0.5182,-2.1,0.5182,-0.021,2024Q1
2024-03-13,0.5179,-0.06,0.5179,-0.0006,2024Q1
2024-03-14,0.5222,0.83,0.5222,0.0083,2024Q1
2024-03-15,0.536,2.64,0.536,0.0264,2024Q1
2024-03-18,0.5464,1.94,0.5464,0.0194,2024Q1
2024-03-19,0.5405,-1.08,0.5405,-0.0108,2024Q1
2024-03-20,0.5354,-0.94,0.5354,-0.009399999999999999,2024Q1
2024-03-21,0.5326,-0.52,0.5326,-0.0052,2024Q1
2024-03-22,0.5342,0.3,0.5342,0.003,2024Q1
2024-03-25,0.5264,-1.46,0.5264,-0.0146,2024Q1
2024-03-26,0.5109,-2.94,0.5109,-0.0294,2024Q1
2024-03-27,0.4965,-2.82,0.4965,-0.0282,2024Q1
2024-03-28,0.507,2.11,0.507,0.021099999999999997,2024Q1
2024-03-29,0.5071,0.02,0.5071,0.0002,2024Q1
2024-04-01,0.5178,2.11,0.5178,0.021099999999999997,2024Q2
2024-04-02,0.517,-0.15,0.517,-0.0015,2024Q2
2024-04-03,0.5044,-2.44,0.5044,-0.024399999999999998,2024Q2
2024-04-08,0.5084,0.79,0.5084,0.0079,2024Q2
2024-04-09,0.5038,-0.9,0.5038,-0.009000000000000001,2024Q2
2024-04-10,0.4959,-1.57,0.4959,-0.015700000000000002,2024Q2
2024-04-11,0.5011,1.05,0.5011,0.0105,2024Q2
2024-04-12,0.5172,3.21,0.5172,0.0321,2024Q2
2024-04-15,0.5179,0.14,0.5179,0.0014000000000000002,2024Q2
2024-04-16,0.5072,-2.07,0.5072,-0.0207,2024Q2
2024-04-17,0.5248,3.47,0.5248,0.0347,2024Q2
2024-04-18,0.5239,-0.17,0.5239,-0.0017000000000000001,2024Q2
2024-04-19,0.5144,-1.81,0.5144,-0.0181,2024Q2
2024-04-22,0.4927,-4.22,0.4927,-0.042199999999999994,2024Q2
2024-04-23,0.4936,0.18,0.4936,0.0018,2024Q2
2024-04-24,0.514,4.13,0.514,0.041299999999999996,2024Q2
2024-04-25,0.511,-0.58,0.511,-0.0058,2024Q2
2024-04-26,0.5408,5.83,0.5408,0.0583,2024Q2
2024-04-29,0.5469,1.13,0.5469,0.0113,2024Q2
2024-04-30,0.5436,-0.6,0.5436,-0.006,2024Q2
2024-05-06,0.537,-1.21,0.537,-0.0121,2024Q2
2024-05-07,0.5327,-0.8,0.5327,-0.008,2024Q2
2024-05-08,0.5292,-0.66,0.5292,-0.0066,2024Q2
2024-05-09,0.5314,0.42,0.5314,0.0042,2024Q2
2024-05-10,0.5258,-1.05,0.5258,-0.0105,2024Q2
2024-05-13,0.521,-0.91,0.521,-0.0091,2024Q2
2024-05-14,0.5145,-1.25,0.5145,-0.0125,2024Q2
2024-05-15,0.5187,0.82,0.5187,0.008199999999999999,2024Q2
2024-05-16,0.5267,1.54,0.5267,0.0154,2024Q2
2024-05-17,0.5329,1.18,0.5329,0.0118,2024Q2
2024-05-20,0.5454,2.35,0.5454,0.0235,2024Q2
2024-05-21,0.5388,-1.21,0.5388,-0.0121,2024Q2
2024-05-22,0.532,-1.26,0.532,-0.0126,2024Q2
2024-05-23,0.5298,-0.41,0.5298,-0.0040999999999999995,2024Q2
2024-05-24,0.5174,-2.34,0.5174,-0.023399999999999997,2024Q2
2024-05-27,0.5309,2.61,0.5309,0.026099999999999998,2024Q2
2024-05-28,0.5207,-1.92,0.5207,-0.0192,2024Q2
2024-05-29,0.5216,0.17,0.5216,0.0017000000000000001,2024Q2
2024-05-30,0.5145,-1.36,0.5145,-0.013600000000000001,2024Q2
2024-05-31,0.5132,-0.25,0.5132,-0.0025,2024Q2
2024-06-03,0.5318,3.62,0.5318,0.0362,2024Q2
2024-06-04,0.5323,0.09,0.5323,0.0009,2024Q2
2024-06-05,0.5227,-1.8,0.5227,-0.018000000000000002,2024Q2
2024-06-06,0.5377,2.87,0.5377,0.0287,2024Q2
2024-06-07,0.5248,-2.4,0.5248,-0.024,2024Q2
2024-06-11,0.5288,0.76,0.5288,0.0076,2024Q2
2024-06-12,0.5329,0.78,0.5329,0.0078000000000000005,2024Q2
2024-06-13,0.5421,1.73,0.5421,0.0173,2024Q2
2024-06-14,0.5699,5.13,0.5699,0.0513,2024Q2
2024-06-17,0.5726,0.47,0.5726,0.004699999999999999,2024Q2
2024-06-18,0.5833,1.87,0.5833,0.0187,2024Q2
2024-06-19,0.5812,-0.36,0.5812,-0.0036,2024Q2
2024-06-20,0.5808,-0.07,0.5808,-0.0007000000000000001,2024Q2
2024-06-21,0.5751,-0.98,0.5751,-0.0098,2024Q2
2024-06-24,0.5633,-2.05,0.5633,-0.020499999999999997,2024Q2
2024-06-25,0.547,-2.89,0.547,-0.028900000000000002,2024Q2
2024-06-26,0.5565,1.74,0.5565,0.0174,2024Q2
2024-06-27,0.5414,-2.71,0.5414,-0.0271,2024Q2
2024-06-28,0.5546,2.44,0.5546,0.024399999999999998,2024Q2
2024-06-30,0.5546,0.0,0.5546,0.0,2024Q2
2024-07-01,0.5732,3.35,0.5732,0.0335,2024Q3
2024-07-02,0.5706,-0.45,0.5706,-0.0045000000000000005,2024Q3
2024-07-03,0.563,-1.33,0.563,-0.013300000000000001,2024Q3
2024-07-04,0.5647,0.3,0.5647,0.003,2024Q3
2024-07-05,0.5632,-0.27,0.5632,-0.0027,2024Q3
2024-07-08,0.5657,0.44,0.5657,0.0044,2024Q3
2024-07-09,0.5905,4.38,0.5905,0.0438,2024Q3
2024-07-10,0.6042,2.32,0.6042,0.0232,2024Q3
2024-07-11,0.6083,0.68,0.6083,0.0068000000000000005,2024Q3
2024-07-12,0.6008,-1.23,0.6008,-0.0123,2024Q3
2024-07-15,0.5929,-1.31,0.5929,-0.0131,2024Q3
2024-07-16,0.6025,1.62,0.6025,0.016200000000000003,2024Q3
2024-07-17,0.573,-4.9,0.573,-0.049,2024Q3
2024-07-18,0.5756,0.45,0.5756,0.0045000000000000005,2024Q3
2024-07-19,0.558,-3.06,0.558,-0.030600000000000002,2024Q3
2024-07-22,0.5633,0.95,0.5633,0.0095,2024Q3
2024-07-23,0.5556,-1.37,0.5556,-0.0137,2024Q3
2024-07-24,0.5561,0.09,0.5561,0.0009,2024Q3
2024-07-25,0.5279,-5.07,0.5279,-0.0507,2024Q3
2024-07-26,0.5335,1.06,0.5335,0.0106,2024Q3
2024-07-29,0.547,2.53,0.547,0.0253,2024Q3
2024-07-30,0.5375,-1.74,0.5375,-0.0174,2024Q3
2024-07-31,0.5483,2.01,0.5483,0.020099999999999996,2024Q3
2024-08-01,0.5511,0.51,0.5511,0.0051,2024Q3
2024-08-02,0.5184,-5.93,0.5184,-0.0593,2024Q3
2024-08-05,0.4842,-6.6,0.4842,-0.066,2024Q3
2024-08-06,0.4951,2.25,0.4951,0.0225,2024Q3
2024-08-07,0.4911,-0.81,0.4911,-0.008100000000000001,2024Q3
2024-08-08,0.483,-1.65,0.483,-0.0165,2024Q3
2024-08-09,0.4943,2.34,0.4943,0.023399999999999997,2024Q3
2024-08-12,0.498,0.75,0.498,0.0075,2024Q3
2024-08-13,0.5057,1.55,0.5057,0.0155,2024Q3
2024-08-14,0.5002,-1.09,0.5002,-0.0109,2024Q3
2024-08-15,0.4994,-0.16,0.4994,-0.0016,2024Q3
2024-08-16,0.5127,2.66,0.5127,0.026600000000000002,2024Q3
2024-08-19,0.5059,-1.33,0.5059,-0.013300000000000001,2024Q3
2024-08-20,0.5018,-0.81,0.5018,-0.008100000000000001,2024Q3
2024-08-21,0.5049,0.62,0.5049,0.0062,2024Q3
2024-08-22,0.5034,-0.3,0.5034,-0.003,2024Q3
2024-08-23,0.4948,-1.71,0.4948,-0.0171,2024Q3
2024-08-26,0.4853,-1.92,0.4853,-0.0192,2024Q3
2024-08-27,0.479,-1.3,0.479,-0.013000000000000001,2024Q3
2024-08-28,0.4803,0.27,0.4803,0.0027,2024Q3
2024-08-29,0.4683,-2.5,0.4683,-0.025,2024Q3
2024-08-30,0.4806,2.63,0.4806,0.0263,2024Q3
2024-09-02,0.4622,-3.83,0.4622,-0.0383,2024Q3
2024-09-03,0.4629,0.15,0.4629,0.0015,2024Q3
2024-09-04,0.45,-2.79,0.45,-0.0279,2024Q3
2024-09-05,0.4513,0.29,0.4513,0.0029,2024Q3
2024-09-06,0.4395,-2.61,0.4395,-0.026099999999999998,2024Q3
2024-09-09,0.4409,0.32,0.4409,0.0032,2024Q3
2024-09-10,0.447,1.38,0.447,0.0138,2024Q3
2024-09-11,0.4474,0.09,0.4474,0.0009,2024Q3
2024-09-12,0.4508,0.76,0.4508,0.0076,2024Q3
2024-09-13,0.4612,2.31,0.4612,0.0231,2024Q3
2024-09-18,0.4536,-1.65,0.4536,-0.0165,2024Q3
2024-09-19,0.448,-1.23,0.448,-0.0123,2024Q3
2024-09-20,0.4469,-0.25,0.4469,-0.0025,2024Q3
2024-09-23,0.4495,0.58,0.4495,0.0058,2024Q3
2024-09-24,0.4843,7.74,0.4843,0.0774,2024Q3
2024-09-25,0.486,0.35,0.486,0.0034999999999999996,2024Q3
2024-09-26,0.5035,3.6,0.5035,0.036000000000000004,2024Q3
2024-09-27,0.5254,4.35,0.5254,0.0435,2024Q3
2024-09-30,0.587,11.72,0.587,0.11720000000000001,2024Q3
2024-10-08,0.6632,12.98,0.6632,0.1298,2024Q4
2024-10-09,0.6269,-5.47,0.6269,-0.0547,2024Q4
2024-10-10,0.6151,-1.88,0.6151,-0.018799999999999997,2024Q4
2024-10-11,0.6011,-2.28,0.6011,-0.022799999999999997,2024Q4
2024-10-14,0.6284,4.54,0.6284,0.0454,2024Q4
2024-10-15,0.6165,-1.89,0.6165,-0.0189,2024Q4
2024-10-16,0.5925,-3.89,0.5925,-0.038900000000000004,2024Q4
2024-10-17,0.6097,2.9,0.6097,0.028999999999999998,2024Q4
2024-10-18,0.6732,10.41,0.6732,0.1041,2024Q4
2024-10-21,0.6902,2.53,0.6902,0.0253,2024Q4
2024-10-22,0.7069,2.42,0.7069,0.0242,2024Q4
2024-10-23,0.6916,-2.16,0.6916,-0.0216,2024Q4
2024-10-24,0.6954,0.55,0.6954,0.0055000000000000005,2024Q4
2024-10-25,0.6989,0.5,0.6989,0.005,2024Q4
2024-10-28,0.6913,-1.09,0.6913,-0.0109,2024Q4
2024-10-29,0.683,-1.2,0.683,-0.012,2024Q4
2024-10-30,0.6885,0.81,0.6885,0.008100000000000001,2024Q4
2024-10-31,0.688,-0.07,0.688,-0.0007000000000000001,2024Q4
2024-11-01,0.6619,-3.79,0.6619,-0.0379,2024Q4
2024-11-04,0.6825,3.11,0.6825,0.0311,2024Q4
2024-11-05,0.7016,2.8,0.7016,0.027999999999999997,2024Q4
2024-11-06,0.686,-2.22,0.686,-0.0222,2024Q4
2024-11-07,0.7024,2.39,0.7024,0.0239,2024Q4
2024-11-08,0.7102,1.11,0.7102,0.0111,2024Q4
2024-11-11,0.7112,0.14,0.7112,0.0014000000000000002,2024Q4
2024-11-12,0.7049,-0.89,0.7049,-0.0089,2024Q4
2024-11-13,0.724,2.71,0.724,0.0271,2024Q4
2024-11-14,0.6969,-3.74,0.6969,-0.0374,2024Q4
2024-11-15,0.6596,-5.35,0.6596,-0.0535,2024Q4
2024-11-18,0.6407,-2.87,0.6407,-0.0287,2024Q4
2024-11-19,0.6568,2.51,0.6568,0.025099999999999997,2024Q4
2024-11-20,0.6696,1.95,0.6696,0.0195,2024Q4
2024-11-21,0.6557,-2.08,0.6557,-0.0208,2024Q4
2024-11-22,0.6355,-3.08,0.6355,-0.0308,2024Q4
2024-11-25,0.6116,-3.76,0.6116,-0.037599999999999995,2024Q4
2024-11-26,0.6181,1.06,0.6181,0.0106,2024Q4
2024-11-27,0.6346,2.67,0.6346,0.026699999999999998,2024Q4
2024-11-28,0.6228,-1.86,0.6228,-0.018600000000000002,2024Q4
2024-11-29,0.6426,3.18,0.6426,0.0318,2024Q4
2024-12-02,0.6669,3.78,0.6669,0.0378,2024Q4
2024-12-03,0.6547,-1.83,0.6547,-0.0183,2024Q4
2024-12-04,0.6476,-1.08,0.6476,-0.0108,2024Q4
2024-12-05,0.6654,2.75,0.6654,0.0275,2024Q4
2024-12-06,0.668,0.39,0.668,0.0039000000000000003,2024Q4
2024-12-09,0.6553,-1.9,0.6553,-0.019,2024Q4
2024-12-10,0.6401,-2.32,0.6401,-0.0232,2024Q4
2024-12-11,0.6586,2.89,0.6586,0.028900000000000002,2024Q4
2024-12-12,0.6687,1.53,0.6687,0.015300000000000001,2024Q4
2024-12-13,0.6574,-1.69,0.6574,-0.0169,2024Q4
2024-12-16,0.6693,1.81,0.6693,0.0181,2024Q4
2024-12-17,0.6857,2.45,0.6857,0.0245,2024Q4
2024-12-18,0.6805,-0.76,0.6805,-0.0076,2024Q4
2024-12-19,0.6974,2.48,0.6974,0.0248,2024Q4
2024-12-20,0.7144,2.44,0.7144,0.024399999999999998,2024Q4
2024-12-23,0.7073,-0.99,0.7073,-0.009899999999999999,2024Q4
2024-12-24,0.7128,0.78,0.7128,0.0078000000000000005,2024Q4
2024-12-25,0.7151,0.32,0.7151,0.0032,2024Q4
2024-12-26,0.7689,7.52,0.7689,0.07519999999999999,2024Q4
2024-12-27,0.7649,-0.52,0.7649,-0.0052,2024Q4
2024-12-30,0.7483,-2.17,0.7483,-0.0217,2024Q4
2024-12-31,0.716,-4.32,0.716,-0.0432,2024Q4
2025-01-02,0.7019,-1.97,0.7019,-0.0197,2025Q1
2025-01-03,0.6876,-2.04,0.6876,-0.0204,2025Q1
2025-01-06,0.6931,0.8,0.6931,0.008,2025Q1
2025-01-07,0.7453,7.53,0.7453,0.0753,2025Q1
2025-01-08,0.7512,0.79,0.7512,0.0079,2025Q1
2025-01-09,0.7553,0.55,0.7553,0.0055000000000000005,2025Q1
2025-01-10,0.7414,-1.84,0.7414,-0.0184,2025Q1
2025-01-13,0.7341,-0.98,0.7341,-0.0098,2025Q1
2025-01-14,0.7728,5.27,0.7728,0.0527,2025Q1
2025-01-15,0.7551,-2.29,0.7551,-0.0229,2025Q1
2025-01-16,0.7637,1.14,0.7637,0.011399999999999999,2025Q1
2025-01-17,0.7686,0.64,0.7686,0.0064,2025Q1
2025-01-20,0.7965,3.63,0.7965,0.0363,2025Q1
2025-01-21,0.8227,3.29,0.8227,0.0329,2025Q1
2025-01-22,0.8581,4.3,0.8581,0.043,2025Q1
2025-01-23,0.8333,-2.89,0.8333,-0.028900000000000002,2025Q1
2025-01-24,0.841,0.92,0.841,0.0092,2025Q1
2025-01-27,0.789,-6.18,0.789,-0.061799999999999994,2025Q1
2025-02-05,0.7175,-9.06,0.7175,-0.0906,2025Q1
2025-02-06,0.7451,3.85,0.7451,0.0385,2025Q1
2025-02-07,0.7718,3.58,0.7718,0.0358,2025Q1
2025-02-10,0.7851,1.72,0.7851,0.0172,2025Q1
2025-02-11,0.8056,2.61,0.8056,0.026099999999999998,2025Q1
2025-02-12,0.8138,1.02,0.8138,0.0102,2025Q1
2025-02-13,0.7866,-3.34,0.7866,-0.0334,2025Q1
2025-02-14,0.7669,-2.5,0.7669,-0.025,2025Q1
2025-02-17,0.8203,6.96,0.8203,0.0696,2025Q1
2025-02-18,0.8046,-1.91,0.8046,-0.0191,2025Q1
2025-02-19,0.8157,1.38,0.8157,0.0138,2025Q1
2025-02-20,0.8138,-0.23,0.8138,-0.0023,2025Q1
2025-02-21,0.8543,4.98,0.8543,0.049800000000000004,2025Q1
2025-02-24,0.8373,-1.99,0.8373,-0.0199,2025Q1
2025-02-25,0.8268,-1.25,0.8268,-0.0125,2025Q1
2025-02-26,0.8333,0.79,0.8333,0.0079,2025Q1
2025-02-27,0.7859,-5.69,0.7859,-0.056900000000000006,2025Q1
2025-02-28,0.7343,-6.57,0.7343,-0.06570000000000001,2025Q1
2025-03-03,0.7046,-4.04,0.7046,-0.0404,2025Q1
2025-03-04,0.7114,0.97,0.7114,0.0097,2025Q1
2025-03-05,0.7334,3.09,0.7334,0.030899999999999997,2025Q1
2025-03-06,0.7588,3.46,0.7588,0.0346,2025Q1
2025-03-07,0.7475,-1.49,0.7475,-0.0149,2025Q1
2025-03-10,0.7738,3.52,0.7738,0.0352,2025Q1
2025-03-11,0.7742,0.05,0.7742,0.0005,2025Q1
2025-03-12,0.7905,2.11,0.7905,0.021099999999999997,2025Q1
2025-03-13,0.7859,-0.58,0.7859,-0.0058,2025Q1
2025-03-14,0.7995,1.73,0.7995,0.0173,2025Q1
2025-03-17,0.7975,-0.25,0.7975,-0.0025,2025Q1
2025-03-18,0.7995,0.25,0.7995,0.0025,2025Q1
2025-03-19,0.7554,-5.52,0.7554,-0.0552,2025Q1
2025-03-20,0.7456,-1.3,0.7456,-0.013000000000000001,2025Q1
2025-03-21,0.7327,-1.73,0.7327,-0.0173,2025Q1
2025-03-24,0.7399,0.98,0.7399,0.0098,2025Q1
2025-03-25,0.71,-4.04,0.71,-0.0404,2025Q1
2025-03-26,0.7086,-0.2,0.7086,-0.002,2025Q1
2025-03-27,0.6991,-1.34,0.6991,-0.0134,2025Q1
2025-03-28,0.6927,-0.92,0.6927,-0.0092,2025Q1
2025-03-31,0.702,1.34,0.702,0.0134,2025Q1
2025-04-01,0.6953,-0.95,0.6953,-0.0095,2025Q2
2025-04-02,0.7088,1.94,0.7088,0.0194,2025Q2
2025-04-03,0.6742,-4.88,0.6742,-0.048799999999999996,2025Q2
2025-04-07,0.6159,-8.65,0.6159,-0.08650000000000001,2025Q2
2025-04-08,0.6069,-1.46,0.6069,-0.0146,2025Q2
2025-04-09,0.6053,-0.26,0.6053,-0.0026,2025Q2
2025-04-10,0.6081,0.46,0.6081,0.0046,2025Q2
2025-04-11,0.6145,1.05,0.6145,0.0105,2025Q2
2025-04-14,0.6211,1.07,0.6211,0.010700000000000001,2025Q2
2025-04-15,0.6146,-1.05,0.6146,-0.0105,2025Q2
2025-04-16,0.6066,-1.3,0.6066,-0.013000000000000001,2025Q2
2025-04-17,0.6072,0.1,0.6072,0.001,2025Q2
2025-04-18,0.6098,0.43,0.6098,0.0043,2025Q2
2025-04-21,0.6301,3.33,0.6301,0.0333,2025Q2
2025-04-22,0.6134,-2.65,0.6134,-0.0265,2025Q2
2025-04-23,0.6068,-1.08,0.6068,-0.0108,2025Q2
2025-04-24,0.599,-1.29,0.599,-0.0129,2025Q2
2025-04-25,0.6009,0.32,0.6009,0.0032,2025Q2
2025-04-28,0.6026,0.28,0.6026,0.0028000000000000004,2025Q2
2025-04-29,0.6002,-0.4,0.6002,-0.004,2025Q2
2025-04-30,0.6041,0.65,0.6041,0.006500000000000001,2025Q2
2025-05-06,0.6309,4.44,0.6309,0.0444,2025Q2
2025-05-07,0.6273,-0.57,0.6273,-0.005699999999999999,2025Q2
2025-05-08,0.6379,1.69,0.6379,0.0169,2025Q2
2025-05-09,0.6247,-2.07,0.6247,-0.0207,2025Q2
2025-05-12,0.6335,1.41,0.6335,0.0141,2025Q2
2025-05-13,0.63,-0.55,0.63,-0.0055000000000000005,2025Q2
2025-05-14,0.6404,1.65,0.6404,0.0165,2025Q2
2025-05-15,0.6181,-3.48,0.6181,-0.0348,2025Q2
2025-05-16,0.6207,0.42,0.6207,0.0042,2025Q2
2025-05-19,0.613,-1.24,0.613,-0.0124,2025Q2
2025-05-20,0.6198,1.11,0.6198,0.0111,2025Q2
2025-05-21,0.6201,0.05,0.6201,0.0005,2025Q2
2025-05-22,0.6212,0.18,0.6212,0.0018,2025Q2
2025-05-23,0.6103,-1.75,0.6103,-0.0175,2025Q2
2025-05-26,0.6203,1.64,0.6203,0.016399999999999998,2025Q2
2025-05-27,0.6081,-1.97,0.6081,-0.0197,2025Q2
2025-05-28,0.6235,2.53,0.6235,0.0253,2025Q2
2025-05-29,0.6387,2.44,0.6387,0.024399999999999998,2025Q2
2025-05-30,0.6274,-1.77,0.6274,-0.0177,2025Q2
2025-06-03,0.6278,0.06,0.6278,0.0006,2025Q2
2025-06-04,0.661,5.29,0.661,0.0529,2025Q2
2025-06-05,0.6949,5.13,0.6949,0.0513,2025Q2
2025-06-06,0.6984,0.5,0.6984,0.005,2025Q2
2025-06-09,0.7016,0.46,0.7016,0.0046,2025Q2
2025-06-10,0.7009,-0.1,0.7009,-0.001,2025Q2
2025-06-11,0.6991,-0.26,0.6991,-0.0026,2025Q2
2025-06-12,0.7184,2.76,0.7184,0.0276,2025Q2
2025-06-13,0.7213,0.4,0.7213,0.004,2025Q2
2025-06-16,0.7503,4.02,0.7503,0.04019999999999999,2025Q2
2025-06-17,0.7472,-0.41,0.7472,-0.0040999999999999995,2025Q2
2025-06-18,0.7826,4.74,0.7826,0.047400000000000005,2025Q2
2025-06-19,0.781,-0.2,0.781,-0.002,2025Q2
2025-06-20,0.7605,-2.62,0.7605,-0.0262,2025Q2
2025-06-23,0.7468,-1.8,0.7468,-0.018000000000000002,2025Q2
2025-06-24,0.7475,0.09,0.7475,0.0009,2025Q2
2025-06-25,0.7597,1.63,0.7597,0.0163,2025Q2
2025-06-26,0.768,1.09,0.768,0.0109,2025Q2
2025-06-27,0.7964,3.7,0.7964,0.037000000000000005,2025Q2
2025-06-30,0.8165,2.52,0.8165,0.0252,2025Q2
2025-07-01,0.8138,-0.33,0.8138,-0.0033,2025Q3
2025-07-02,0.7897,-2.96,0.7897,-0.0296,2025Q3
2025-07-03,0.811,2.7,0.811,0.027000000000000003,2025Q3
2025-07-04,0.8146,0.44,0.8146,0.0044,2025Q3
2025-07-07,0.7997,-1.83,0.7997,-0.0183,2025Q3
2025-07-08,0.8479,6.03,0.8479,0.0603,2025Q3
2025-07-09,0.8477,-0.02,0.8477,-0.0002,2025Q3
2025-07-10,0.847,-0.08,0.847,-0.0008,2025Q3
2025-07-11,0.837,-1.18,0.837,-0.0118,2025Q3
2025-07-14,0.8414,0.53,0.8414,0.0053,2025Q3
2025-07-15,0.9028,7.3,0.9028,0.073,2025Q3
2025-07-16,0.8945,-0.92,0.8945,-0.0092,2025Q3
2025-07-17,0.9494,6.14,0.9494,0.061399999999999996,2025Q3
2025-07-18,0.945,-0.46,0.945,-0.0046,2025Q3
2025-07-21,0.9355,-1.01,0.9355,-0.0101,2025Q3
2025-07-22,0.9285,-0.75,0.9285,-0.0075,2025Q3
2025-07-23,0.9247,-0.41,0.9247,-0.0040999999999999995,2025Q3
2025-07-24,0.923,-0.18,0.923,-0.0018,2025Q3
2025-07-25,0.9166,-0.69,0.9166,-0.0069,2025Q3
2025-07-28,0.9751,6.38,0.9751,0.0638,2025Q3
2025-07-29,1.033,5.94,1.033,0.0594,2025Q3
2025-07-30,1.0236,-0.91,1.0236,-0.0091,2025Q3
2025-07-31,1.0407,1.67,1.0407,0.0167,2025Q3
2025-08-01,1.0269,-1.33,1.0269,-0.013300000000000001,2025Q3
2025-08-04,1.0293,0.23,1.0293,0.0023,2025Q3
2025-08-05,1.0277,-0.16,1.0277,-0.0016,2025Q3
2025-08-06,1.037,0.9,1.037,0.009000000000000001,2025Q3
2025-08-07,1.0218,-1.47,1.0218,-0.0147,2025Q3
2025-08-08,1.0176,-0.41,1.0176,-0.0040999999999999995,2025Q3
2025-08-11,1.0599,4.16,1.0599,0.0416,2025Q3
2025-08-12,1.0825,2.13,1.0825,0.0213,2025Q3
2025-08-13,1.1796,8.97,1.1796,0.0897,2025Q3
2025-08-14,1.1483,-2.65,1.1483,-0.0265,2025Q3
2025-08-15,1.184,3.11,1.184,0.0311,2025Q3
2025-08-18,1.2324,4.09,1.2324,0.0409,2025Q3
2025-08-19,1.2454,1.05,1.2454,0.0105,2025Q3
2025-08-20,1.2452,-0.02,1.2452,-0.0002,2025Q3
2025-08-21,1.2217,-1.89,1.2217,-0.0189,2025Q3
2025-08-22,1.2716,4.08,1.2716,0.0408,2025Q3
2025-08-25,1.3558,6.62,1.3558,0.0662,2025Q3
2025-08-26,1.331,-1.83,1.331,-0.0183,2025Q3
2025-08-27,1.3792,3.62,1.3792,0.0362,2025Q3
2025-08-28,1.5254,10.6,1.5254,0.106,2025Q3
2025-08-29,1.519,-0.42,1.519,-0.0042,2025Q3
2025-09-01,1.5733,3.57,1.5733,0.035699999999999996,2025Q3
2025-09-02,1.4795,-5.96,1.4795,-0.0596,2025Q3
2025-09-03,1.5118,2.18,1.5118,0.0218,2025Q3
2025-09-04,1.3654,-9.68,1.3654,-0.0968,2025Q3
2025-09-05,1.4891,9.06,1.4891,0.0906,2025Q3
2025-09-08,1.3878,-6.8,1.3878,-0.068,2025Q3
2025-09-09,1.351,-2.65,1.351,-0.0265,2025Q3
2025-09-10,1.4306,5.89,1.4306,0.058899999999999994,2025Q3
2025-09-11,1.5905,11.18,1.5905,0.1118,2025Q3
2025-09-12,1.5736,-1.06,1.5736,-0.0106,2025Q3
2025-09-15,1.543,-1.94,1.543,-0.0194,2025Q3
2025-09-16,1.5478,0.31,1.5478,0.0031,2025Q3
2025-09-17,1.5407,-0.46,1.5407,-0.0046,2025Q3
2025-09-18,1.5641,1.52,1.5641,0.0152,2025Q3
2025-09-19,1.5683,0.27,1.5683,0.0027,2025Q3
2025-09-22,1.5896,1.36,1.5896,0.013600000000000001,2025Q3
2025-09-23,1.5949,0.33,1.5949,0.0033,2025Q3
2025-09-24,1.5512,-2.74,1.5512,-0.0274,2025Q3
2025-09-25,1.56,0.57,1.56,0.005699999999999999,2025Q3
2025-09-26,1.494,-4.23,1.494,-0.042300000000000004,2025Q3
2025-09-29,1.5314,2.5,1.5314,0.025,2025Q3
2025-09-30,1.4993,-2.1,1.4993,-0.021,2025Q3
2025-10-09,1.4917,-0.51,1.4917,-0.0051,2025Q4
2025-10-10,1.436,-3.73,1.436,-0.0373,2025Q4
2025-10-13,1.3983,-2.63,1.3983,-0.0263,2025Q4
2025-10-14,1.3207,-5.55,1.3207,-0.0555,2025Q4
2025-10-15,1.3675,3.54,1.3675,0.0354,2025Q4
2025-10-16,1.3722,0.34,1.3722,0.0034000000000000002,2025Q4
2025-10-17,1.3308,-3.02,1.3308,-0.0302,2025Q4
2025-10-20,1.3901,4.46,1.3901,0.0446,2025Q4
2025-10-21,1.4913,7.28,1.4913,0.0728,2025Q4
2025-10-22,1.4909,-0.03,1.4909,-0.0003,2025Q4
2025-10-23,1.4556,-2.37,1.4556,-0.023700000000000002,2025Q4
2025-10-24,1.5525,6.66,1.5525,0.0666,2025Q4
2025-10-27,1.6439,5.89,1.6439,0.058899999999999994,2025Q4
2025-10-28,1.6669,1.4,1.6669,0.013999999999999999,2025Q4
2025-10-29,1.7193,3.14,1.7193,0.031400000000000004,2025Q4
2025-10-30,1.6463,-4.25,1.6463,-0.0425,2025Q4
2025-10-31,1.5438,-6.23,1.5438,-0.0623,2025Q4
2025-11-03,1.5555,0.76,1.5555,0.0076,2025Q4
2025-11-04,1.5368,-1.2,1.5368,-0.012,2025Q4
2025-11-05,1.5364,-0.03,1.5364,-0.0003,2025Q4
2025-11-06,1.6056,4.5,1.6056,0.045,2025Q4
2025-11-07,1.593,-0.78,1.593,-0.0078000000000000005,2025Q4
2025-11-10,1.581,-0.75,1.581,-0.0075,2025Q4
2025-11-11,1.5349,-2.92,1.5349,-0.0292,2025Q4
2025-11-12,1.5372,0.15,1.5372,0.0015,2025Q4
2025-11-13,1.5303,-0.45,1.5303,-0.0045000000000000005,2025Q4
2025-11-14,1.4689,-4.01,1.4689,-0.0401,2025Q4
2025-11-17,1.4825,0.93,1.4825,0.009300000000000001,2025Q4
2025-11-18,1.4928,0.69,1.4928,0.0069,2025Q4
2025-11-19,1.5008,0.54,1.5008,0.0054,2025Q4
2025-11-20,1.5202,1.29,1.5202,0.0129,2025Q4
2025-11-21,1.4154,-6.89,1.4154,-0.0689,2025Q4
2025-11-24,1.3882,-1.92,1.3882,-0.0192,2025Q4
2025-11-25,1.4649,5.53,1.4649,0.0553,2025Q4
2025-11-26,1.5443,5.42,1.5443,0.0542,2025Q4
2025-11-27,1.5275,-1.09,1.5275,-0.0109,2025Q4
2025-11-28,1.5303,0.18,1.5303,0.0018,2025Q4
2025-12-01,1.5398,0.62,1.5398,0.0062,2025Q4
2025-12-02,1.5369,-0.19,1.5369,-0.0019,2025Q4
2025-12-03,1.5535,1.08,1.5535,0.0108,2025Q4
2025-12-04,1.5759,1.44,1.5759,0.0144,2025Q4
2025-12-05,1.5953,1.23,1.5953,0.0123,2025Q4
2025-12-08,1.7182,7.7,1.7182,0.077,2025Q4
2025-12-09,1.7873,4.02,1.7873,0.04019999999999999,2025Q4
2025-12-10,1.7903,0.17,1.7903,0.0017000000000000001,2025Q4
2025-12-11,1.7228,-3.77,1.7228,-0.0377,2025Q4
2025-12-12,1.7613,2.23,1.7613,0.0223,2025Q4
2025-12-15,1.6899,-4.05,1.6899,-0.0405,2025Q4
2025-12-16,1.6355,-3.22,1.6355,-0.0322,2025Q4
2025-12-17,1.7424,6.54,1.7424,0.0654,2025Q4
2025-12-18,1.7022,-2.31,1.7022,-0.0231,2025Q4
2025-12-19,1.6809,-1.25,1.6809,-0.0125,2025Q4
2025-12-22,1.7668,5.11,1.7668,0.051100000000000007,2025Q4
2025-12-23,1.7764,0.54,1.7764,0.0054,2025Q4
2025-12-24,1.8037,1.54,1.8037,0.0154,2025Q4
2025-12-25,1.7929,-0.6,1.7929,-0.006,2025Q4
2025-12-26,1.7503,-2.38,1.7503,-0.023799999999999998,2025Q4
2025-12-29,1.7755,1.44,1.7755,0.0144,2025Q4
2025-12-30,1.7707,-0.27,1.7707,-0.0027,2025Q4
2025-12-31,1.7304,-2.28,1.7304,-0.022799999999999997,2025Q4
2026-01-05,1.7531,1.31,1.7531,0.0131,2026Q1
2026-01-06,1.7243,-1.64,1.7243,-0.016399999999999998,2026Q1
2026-01-07,1.7758,2.99,1.7758,0.029900000000000003,2026Q1
2026-01-08,1.7359,-2.25,1.7359,-0.0225,2026Q1
2026-01-09,1.7331,-0.16,1.7331,-0.0016,2026Q1
2026-01-12,1.7171,-0.92,1.7171,-0.0092,2026Q1
2026-01-13,1.6553,-3.6,1.6553,-0.036000000000000004,2026Q1
2026-01-14,1.6959,2.45,1.6959,0.0245,2026Q1
2026-01-15,1.7446,2.87,1.7446,0.0287,2026Q1
2026-01-16,1.7626,1.03,1.7626,0.0103,2026Q1
2026-01-19,1.7424,-1.15,1.7424,-0.0115,2026Q1
2026-01-20,1.6701,-4.15,1.6701,-0.0415,2026Q1
2026-01-21,1.7179,2.86,1.7179,0.0286,2026Q1
2026-01-22,1.7791,3.56,1.7791,0.0356,2026Q1
2026-01-23,1.7456,-1.88,1.7456,-0.018799999999999997,2026Q1
2026-01-26,1.7542,0.49,1.7542,0.0049,2026Q1
2026-01-27,1.806,2.95,1.806,0.029500000000000002,2026Q1
2026-01-28,1.8209,0.83,1.8209,0.0083,2026Q1
2026-01-29,1.7889,-1.76,1.7889,-0.0176,2026Q1
2026-01-30,1.8434,3.05,1.8434,0.0305,2026Q1
2026-02-02,1.8005,-2.33,1.8005,-0.0233,2026Q1
2026-02-03,1.8906,5.0,1.8906,0.05,2026Q1
2026-02-04,1.8533,-1.97,1.8533,-0.0197,2026Q1
2026-02-05,1.767,-4.66,1.767,-0.0466,2026Q1
2026-02-06,1.7508,-0.92,1.7508,-0.0092,2026Q1
2026-02-09,1.8635,6.44,1.8635,0.0644,2026Q1
2026-02-10,1.8452,-0.98,1.8452,-0.0098,2026Q1
2026-02-11,1.8057,-2.14,1.8057,-0.021400000000000002,2026Q1
2026-02-12,1.8802,4.13,1.8802,0.041299999999999996,2026Q1
2026-02-13,1.8074,-3.87,1.8074,-0.0387,2026Q1
2026-02-24,1.8942,4.8,1.8942,0.048,2026Q1
2026-02-25,1.8718,-1.18,1.8718,-0.0118,2026Q1
2026-02-26,1.9195,2.55,1.9195,0.0255,2026Q1
2026-02-27,1.8746,-2.34,1.8746,-0.023399999999999997,2026Q1
2026-03-02,1.9411,3.55,1.9411,0.0355,2026Q1
2026-03-03,1.902,-2.01,1.902,-0.020099999999999996,2026Q1
2026-03-04,1.8754,-1.4,1.8754,-0.013999999999999999,2026Q1
2026-03-05,1.8812,0.31,1.8812,0.0031,2026Q1
2026-03-06,1.8546,-1.41,1.8546,-0.0141,2026Q1
2026-03-09,1.7839,-3.81,1.7839,-0.0381,2026Q1
2026-03-10,1.9139,7.29,1.9139,0.0729,2026Q1
2026-03-11,1.9147,0.04,1.9147,0.0004,2026Q1
2026-03-12,1.8857,-1.51,1.8857,-0.0151,2026Q1
2026-03-13,1.8719,-0.73,1.8719,-0.0073,2026Q1
2026-03-16,1.8828,0.58,1.8828,0.0058,2026Q1
2026-03-17,1.7541,-6.84,1.7541,-0.0684,2026Q1
2026-03-18,1.839,4.84,1.839,0.0484,2026Q1
2026-03-19,1.8358,-0.17,1.8358,-0.0017000000000000001,2026Q1
2026-03-20,1.9177,4.46,1.9177,0.0446,2026Q1
2026-03-23,1.8295,-4.6,1.8295,-0.046,2026Q1
2026-03-24,1.8785,2.68,1.8785,0.0268,2026Q1
2026-03-25,1.9705,4.9,1.9705,0.049,2026Q1
2026-03-26,1.9493,-1.08,1.9493,-0.0108,2026Q1
2026-03-27,1.9557,0.33,1.9557,0.0033,2026Q1
2026-03-30,1.9601,0.22,1.9601,0.0022,2026Q1
2026-03-31,1.8978,-3.18,1.8978,-0.0318,2026Q1
2026-04-01,1.9946,5.1,1.9946,0.051,2026Q2
2026-04-02,1.9671,-1.38,1.9671,-0.0138,2026Q2
2026-04-03,2.0548,4.46,2.0548,0.0446,2026Q2
2026-04-07,2.0408,-0.68,2.0408,-0.0068000000000000005,2026Q2
2026-04-08,2.1856,7.1,2.1856,0.071,2026Q2
2026-04-09,2.2327,2.16,2.2327,0.0216,2026Q2
2026-04-10,2.2958,2.83,2.2958,0.028300000000000002,2026Q2
2026-04-13,2.3156,0.86,2.3156,0.0086,2026Q2
2026-04-14,2.3421,1.14,2.3421,0.011399999999999999,2026Q2
2026-04-15,2.3264,-0.67,2.3264,-0.0067,2026Q2
2026-04-16,2.4008,3.2,2.4008,0.032,2026Q2
2026-04-17,2.5391,5.76,2.5391,0.0576,2026Q2
2026-04-20,2.5182,-0.82,2.5182,-0.008199999999999999,2026Q2
2026-04-21,2.5615,1.72,2.5615,0.0172,2026Q2
2026-04-22,2.6878,4.93,2.6878,0.0493,2026Q2
2026-04-23,2.6085,-2.95,2.6085,-0.029500000000000002,2026Q2
2026-04-24,2.5468,-2.37,2.5468,-0.023700000000000002,2026Q2
2026-04-27,2.5499,0.12,2.5499,0.0012,2026Q2
2026-04-28,2.5026,-1.85,2.5026,-0.018500000000000003,2026Q2
2026-04-29,2.5155,0.52,2.5155,0.0052,2026Q2
2026-04-30,2.5271,0.46,2.5271,0.0046,2026Q2
2026-05-06,2.5774,1.99,2.5774,0.0199,2026Q2
2026-05-07,2.753,6.81,2.753,0.0681,2026Q2
2026-05-08,2.7734,0.74,2.7734,0.0074,2026Q2
2026-05-11,2.8425,2.49,2.8425,0.024900000000000002,2026Q2
2026-05-12,2.9053,2.21,2.9053,0.022099999999999998,2026Q2
2026-05-13,2.974,2.36,2.974,0.0236,2026Q2
2026-05-14,2.9686,-0.18,2.9686,-0.0018,2026Q2
2026-05-15,2.8927,-2.56,2.8927,-0.0256,2026Q2
2026-05-18,2.8898,-0.1,2.8898,-0.001,2026Q2
2026-05-19,2.8408,-1.7,2.8408,-0.017,2026Q2
2026-05-20,2.8802,1.39,2.8802,0.0139,2026Q2
2026-05-21,2.716,-5.7,2.716,-0.057,2026Q2
2026-05-22,2.8697,5.66,2.8697,0.056600000000000004,2026Q2
2026-05-25,2.9892,4.16,2.9892,0.0416,2026Q2
2026-05-26,2.9574,-1.06,2.9574,-0.0106,2026Q2
2026-05-27,2.9678,0.35,2.9678,0.0034999999999999996,2026Q2
2026-05-28,3.0846,3.94,3.0846,0.0394,2026Q2
2026-05-29,3.032,-1.71,3.032,-0.0171,2026Q2
2026-06-01,2.8442,-6.19,2.8442,-0.061900000000000004,2026Q2
2026-06-02,3.0474,7.14,3.0474,0.07139999999999999,2026Q2
2026-06-03,3.2285,5.94,3.2285,0.0594,2026Q2
2026-06-04,3.2248,-0.11,3.2248,-0.0011,2026Q2
2026-06-05,3.1213,-3.21,3.1213,-0.0321,2026Q2
2026-06-08,3.008,-3.63,3.008,-0.0363,2026Q2
2026-06-09,3.1769,5.62,3.1769,0.0562,2026Q2
2026-06-10,3.0469,-4.09,3.0469,-0.0409,2026Q2
2026-06-11,3.0543,0.24,3.0543,0.0024,2026Q2
2026-06-12,3.0212,-1.08,3.0212,-0.0108,2026Q2
2026-06-15,3.2807,8.59,3.2807,0.0859,2026Q2
2026-06-16,3.4094,3.92,3.4094,0.0392,2026Q2
2026-06-17,3.4451,1.05,3.4451,0.0105,2026Q2
2026-06-18,3.5575,3.26,3.5575,0.0326,2026Q2
2026-06-22,3.6364,2.22,3.6364,0.0222,2026Q2
2026-06-23,3.5337,-2.82,3.5337,-0.0282,2026Q2
2026-06-24,3.624,2.56,3.624,0.0256,2026Q2
2026-06-25,3.7546,3.6,3.7546,0.036000000000000004,2026Q2
2026-06-26,3.5148,-6.39,3.5148,-0.0639,2026Q2
2026-06-29,3.413,-2.9,3.413,-0.028999999999999998,2026Q2
2026-06-30,3.5976,5.41,3.5976,0.0541,2026Q2
2026-07-01,3.4096,-5.23,3.4096,-0.052300000000000006,2026Q3
2026-07-02,3.0767,-9.76,3.0767,-0.09759999999999999,2026Q3
2026-07-03,3.0656,-0.36,3.0656,-0.0036,2026Q3
2026-07-06,2.9435,-3.98,2.9435,-0.0398,2026Q3
2026-07-07,2.9568,0.45,2.9568,0.0045000000000000005,2026Q3
2026-07-08,2.924,-1.11,2.924,-0.0111,2026Q3
2026-07-09,3.14,7.39,3.14,0.0739,2026Q3
2026-07-10,2.999,-4.49,2.999,-0.0449,2026Q3
2026-07-13,2.8609,-4.6,2.8609,-0.046,2026Q3
2026-07-14,3.0818,7.72,3.0818,0.07719999999999999,2026Q3
2026-07-15,3.0354,-1.51,3.0354,-0.0151,2026Q3
2026-07-16,2.8987,-4.5,2.8987,-0.045,2026Q3
2026-07-17,2.5574,-11.77,2.5574,-0.1177,2026Q3
2026-07-20,2.4453,-4.38,2.4453,-0.0438,2026Q3
2026-07-21,2.6672,9.07,2.6672,0.0907,2026Q3
2026-07-22,2.5285,-5.2,2.5285,-0.052000000000000005,2026Q3
2026-07-23,2.5055,-0.91,2.5055,-0.0091,2026Q3
2026-07-24,2.4204,-3.4,2.4204,-0.034,2026Q3
2026-07-27,2.5146,3.89,2.5146,0.038900000000000004,2026Q3
2026-07-28,2.2034,-12.38,2.2034,-0.12380000000000001,2026Q3
2026-07-29,2.1748,-1.3,2.1748,-0.013000000000000001,2026Q3
2026-07-30,1.9541,-10.15,1.9541,-0.1015,2026Q3
2026-07-31,2.0643,5.64,2.0643,0.0564,2026Q3
2026-08-03,2.0858,1.04,2.0858,0.0104,2026Q3
2026-08-04,2.336,12.0,2.336,0.12,2026Q3
2026-08-05,2.3554,0.83,2.3554,0.0083,2026Q3
2026-08-06,2.4123,2.42,2.4123,0.0242,2026Q3
2026-08-07,2.4825,2.91,2.4825,0.0291,2026Q3
2026-08-10,2.421,-2.48,2.421,-0.0248,2026Q3
2026-08-11,2.4319,0.45,2.4319,0.0045000000000000005,2026Q3
2026-08-12,2.5691,5.64,2.5691,0.0564,2026Q3
2026-08-13,2.6136,1.73,2.6136,0.0173,2026Q3
2026-08-14,2.718,3.99,2.718,0.039900000000000005,2026Q3
2026-08-17,2.8576,5.14,2.8576,0.051399999999999994,2026Q3
2026-08-18,2.85,-0.27,2.85,-0.0027,2026Q3
2026-08-19,2.632,-7.65,2.632,-0.0765,2026Q3
2026-08-20,2.7081,2.89,2.7081,0.028900000000000002,2026Q3
2026-08-21,2.7273,0.71,2.7273,0.0070999999999999995,2026Q3
2026-08-24,2.6398,-3.21,2.6398,-0.0321,2026Q3
2026-08-25,2.6449,0.19,2.6449,0.0019,2026Q3
2026-08-26,2.6497,0.18,2.6497,0.0018,2026Q3
2026-08-27,2.7926,5.39,2.7926,0.053899999999999997,2026Q3
2026-08-28,2.7488,-1.57,2.7488,-0.015700000000000002,2026Q3
2026-08-31,2.7499,0.04,2.7499,0.0004,2026Q3
2026-09-01,2.6765,-2.67,2.6765,-0.026699999999999998,2026Q3
2026-09-02,2.6429,-1.26,2.6429,-0.0126,2026Q3
2026-09-03,2.6504,0.28,2.6504,0.0028000000000000004,2026Q3
2026-09-04,2.6089,-1.57,2.6089,-0.015700000000000002,2026Q3
2026-09-07,2.8203,8.1,2.8203,0.081,2026Q3
