fund_code,report_date,year,quarter,AS_new,num_holdings
10115,2021-06-30,2021,2,0.974768093152107,82
10115,2021-12-31,2021,4,0.9744328831082065,115
10115,2022-06-30,2022,2,0.9697075382028079,107
10115,2022-12-31,2022,4,0.9688805185494814,94
10115,2023-06-30,2023,2,0.9833333333333196,130
10115,2023-12-31,2023,4,0.9823333333333196,134
10115,2024-06-30,2024,2,0.9713333333333196,83
10115,2024-12-31,2024,4,0.9679999999999864,77
10115,2025-06-30,2025,2,0.9781541301338118,85
10115,2025-12-31,2025,4,0.960984392419161,144
10237,2020-06-30,2020,2,0.9896666666666524,10
10237,2020-12-31,2020,4,0.9625248561734631,57
10237,2021-06-30,2021,2,0.9669629172325666,136
10237,2021-12-31,2021,4,0.9664264614690646,105
10237,2022-06-30,2022,2,0.9691217155822153,97
10237,2022-12-31,2022,4,0.9707586380026333,75
10237,2023-06-30,2023,2,0.962929328621894,65
10237,2023-12-31,2023,4,0.9576666666666528,95
10237,2024-06-30,2024,2,0.9592480625912839,81
10237,2024-12-31,2024,4,0.9593333333333187,72
10237,2025-06-30,2025,2,0.9671940769623404,68
10237,2025-12-31,2025,4,0.9679999999999859,66
10238,2020-06-30,2020,2,0.9896666666666524,10
10238,2020-12-31,2020,4,0.9625248561734631,57
10238,2021-06-30,2021,2,0.9669629172325666,136
10238,2021-12-31,2021,4,0.9664264614690646,105
10238,2022-06-30,2022,2,0.9691217155822153,97
10238,2022-12-31,2022,4,0.9707586380026333,75
10238,2023-06-30,2023,2,0.962929328621894,65
10238,2023-12-31,2023,4,0.9576666666666528,95
10238,2024-06-30,2024,2,0.9592480625912839,81
10238,2024-12-31,2024,4,0.9593333333333187,72
10238,2025-06-30,2025,2,0.9671940769623404,68
10238,2025-12-31,2025,4,0.9679999999999859,66
10335,2021-06-30,2021,2,0.9581558762184335,149
10335,2021-12-31,2021,4,0.9579999999999849,130
10335,2022-06-30,2022,2,0.9513333333333194,97
10335,2022-12-31,2022,4,0.9702539892153483,86
10335,2023-06-30,2023,2,0.9575075407817646,92
10335,2023-12-31,2023,4,0.9606343420866295,120
10335,2024-06-30,2024,2,0.9798525073746167,72
10335,2024-12-31,2024,4,0.9774403199034111,77
10335,2025-06-30,2025,2,0.9556666666666536,95
10335,2025-12-31,2025,4,0.9703333333333202,73
1037,2020-06-30,2020,2,0.9608281934541572,81
1037,2020-12-31,2020,4,0.9583040367909936,74
1037,2021-06-30,2021,2,0.9465963609605863,146
1037,2021-12-31,2021,4,0.9538317378881578,208
1037,2022-06-30,2022,2,0.9489322531172762,229
1037,2022-12-31,2022,4,0.9511956676642299,136
1037,2023-06-30,2023,2,0.9692831137419511,142
1037,2023-12-31,2023,4,0.9678565397132419,186
1037,2024-06-30,2024,2,0.9658034398034269,103
1037,2024-12-31,2024,4,0.9559999999999869,66
1037,2025-06-30,2025,2,0.9589999999999868,83
1037,2025-12-31,2025,4,0.9584050919870825,90
10389,2021-06-30,2021,2,0.9670652232023392,137
10389,2021-12-31,2021,4,0.9735739366963266,133
10389,2022-06-30,2022,2,0.9659001552609426,121
10389,2022-12-31,2022,4,0.9512629399585774,139
10389,2023-06-30,2023,2,0.9425382714059128,174
10389,2023-12-31,2023,4,0.9542119234116478,156
10389,2024-06-30,2024,2,0.9573315508021237,111
10389,2024-12-31,2024,4,0.942509163566197,113
10389,2025-06-30,2025,2,0.9480880058065548,126
10389,2025-12-31,2025,4,0.9681667869501505,85
10390,2021-06-30,2021,2,0.9670652232023392,137
10390,2021-12-31,2021,4,0.9735739366963266,133
10390,2022-06-30,2022,2,0.9659001552609426,121
10390,2022-12-31,2022,4,0.9512629399585774,139
10390,2023-06-30,2023,2,0.9425382714059128,174
10390,2023-12-31,2023,4,0.9542119234116478,156
10390,2024-06-30,2024,2,0.9573315508021237,111
10390,2024-12-31,2024,4,0.942509163566197,113
10390,2025-06-30,2025,2,0.9480880058065548,126
10390,2025-12-31,2025,4,0.9681667869501505,85
10415,2021-06-30,2021,2,0.9658740797156494,65
10415,2021-12-31,2021,4,0.956800004529892,175
10415,2022-06-30,2022,2,0.9607060105003895,158
10415,2022-12-31,2022,4,0.9734426764585746,79
10415,2023-06-30,2023,2,0.9553405440644668,102
10415,2023-12-31,2023,4,0.9572222160490249,109
10415,2024-06-30,2024,2,0.9434763794106624,80
10415,2024-12-31,2024,4,0.9486187845303731,84
10415,2025-06-30,2025,2,0.9703564356435507,77
10415,2025-12-31,2025,4,0.9633788938993284,105
10416,2021-06-30,2021,2,0.9658740797156494,65
10416,2021-12-31,2021,4,0.956800004529892,175
10416,2022-06-30,2022,2,0.9607060105003895,158
10416,2022-12-31,2022,4,0.9734426764585746,79
10416,2023-06-30,2023,2,0.9553405440644668,102
10416,2023-12-31,2023,4,0.9572222160490249,109
10416,2024-06-30,2024,2,0.9434763794106624,80
10416,2024-12-31,2024,4,0.9486187845303731,84
10416,2025-06-30,2025,2,0.9703564356435507,77
10416,2025-12-31,2025,4,0.9633788938993284,105
1060,2020-06-30,2020,2,0.9729999999999865,65
1060,2020-12-31,2020,4,0.9766666666666526,49
1060,2021-06-30,2021,2,0.9786666666666524,44
1060,2021-12-31,2021,4,0.9719999999999854,76
1060,2022-06-30,2022,2,0.9743333333333187,70
1060,2022-12-31,2022,4,0.9736666666666525,61
1060,2023-06-30,2023,2,0.9813333333333181,47
1060,2023-12-31,2023,4,0.9819999999999846,47
1060,2024-06-30,2024,2,0.9843333333333183,50
1060,2024-12-31,2024,4,0.9863333333333179,47
1060,2025-06-30,2025,2,0.988333333333318,46
1060,2025-12-31,2025,4,0.9873333333333182,45
1075,2020-06-30,2020,2,0.9732056330325272,80
1075,2020-12-31,2020,4,0.9711947797075716,113
1075,2021-06-30,2021,2,0.9788003198081022,120
1075,2021-12-31,2021,4,0.9772799088221537,151
1075,2022-06-30,2022,2,0.9848285286409436,139
1075,2022-12-31,2022,4,0.9856610640233536,141
1075,2023-06-30,2023,2,0.9710335697731445,150
1075,2023-12-31,2023,4,0.970266083837691,195
1075,2024-06-30,2024,2,0.9733333333333192,81
1075,2024-12-31,2024,4,0.9719441228679334,88
1075,2025-06-30,2025,2,0.9711737164139262,92
1075,2025-12-31,2025,4,0.9712585446114583,92
10912,2021-06-30,2021,2,0.9503118319090808,103
10912,2021-12-31,2021,4,0.9568579023815253,137
10912,2022-06-30,2022,2,0.9538568463245156,116
10912,2022-12-31,2022,4,0.9649339672477402,109
10912,2023-06-30,2023,2,0.9698454094494431,81
10912,2023-12-31,2023,4,0.9739935038570691,79
10912,2024-06-30,2024,2,0.9627622255686625,73
10912,2024-12-31,2024,4,0.966108000548908,77
10912,2025-06-30,2025,2,0.9746896944225412,120
10912,2025-12-31,2025,4,0.9753333333333185,74
10913,2021-06-30,2021,2,0.9503118319090808,103
10913,2021-12-31,2021,4,0.9568579023815253,137
10913,2022-06-30,2022,2,0.9538568463245156,116
10913,2022-12-31,2022,4,0.9649339672477402,109
10913,2023-06-30,2023,2,0.9698454094494431,81
10913,2023-12-31,2023,4,0.9739935038570691,79
10913,2024-06-30,2024,2,0.9627622255686625,73
10913,2024-12-31,2024,4,0.966108000548908,77
10913,2025-06-30,2025,2,0.9746896944225412,120
10913,2025-12-31,2025,4,0.9753333333333185,74
11120,2020-06-30,2020,2,0.987333333333319,10
11120,2020-12-31,2020,4,0.9753839689721905,61
11120,2021-06-30,2021,2,0.9610827791790731,101
11120,2021-12-31,2021,4,0.950496459379412,132
11120,2022-06-30,2022,2,0.9636736421801945,79
11120,2022-12-31,2022,4,0.9485847422435643,101
11120,2023-06-30,2023,2,0.9584373994945874,137
11120,2023-12-31,2023,4,0.9513333333333185,146
11120,2024-06-30,2024,2,0.9446666666666529,78
11120,2024-12-31,2024,4,0.9120902255638971,135
11120,2025-06-30,2025,2,0.9651003598146429,98
11120,2025-12-31,2025,4,0.9623333333333195,106
112002,2020-06-30,2020,2,0.9414425686611252,105
112002,2020-12-31,2020,4,0.9495839328537029,157
112002,2021-06-30,2021,2,0.954842437965832,226
112002,2021-12-31,2021,4,0.9485133556963463,198
112002,2022-06-30,2022,2,0.9715170204244947,128
112002,2022-12-31,2022,4,0.9732613283674575,131
112002,2023-06-30,2023,2,0.9622333358960424,151
112002,2023-12-31,2023,4,0.9661857536402849,162
112002,2024-06-30,2024,2,0.9634640234948466,141
112002,2024-12-31,2024,4,0.9549872162665317,111
112002,2025-06-30,2025,2,0.9573793928947484,110
112002,2025-12-31,2025,4,0.9525975724912922,112
11300,2021-06-30,2021,2,0.966226861594109,120
11300,2021-12-31,2021,4,0.9713239738178121,134
11300,2022-06-30,2022,2,0.974638225157112,103
11300,2022-12-31,2022,4,0.9591360018194113,148
11300,2023-06-30,2023,2,0.9532990426180697,141
11300,2023-12-31,2023,4,0.9533476959904131,161
11300,2024-06-30,2024,2,0.9540739718269842,108
11300,2024-12-31,2024,4,0.9559999999999871,112
11300,2025-06-30,2025,2,0.9495989572889382,116
11300,2025-12-31,2025,4,0.9482670554966284,132
11301,2021-06-30,2021,2,0.966226861594109,120
11301,2021-12-31,2021,4,0.9713239738178121,134
11301,2022-06-30,2022,2,0.974638225157112,103
11301,2022-12-31,2022,4,0.9591360018194113,148
11301,2023-06-30,2023,2,0.9532990426180697,141
11301,2023-12-31,2023,4,0.9533476959904131,161
11301,2024-06-30,2024,2,0.9540739718269842,108
11301,2024-12-31,2024,4,0.9559999999999871,112
11301,2025-06-30,2025,2,0.9495989572889382,116
11301,2025-12-31,2025,4,0.9482670554966284,132
11369,2021-06-30,2021,2,0.9739999999999865,55
11369,2021-12-31,2021,4,0.9591714726474293,166
11369,2022-06-30,2022,2,0.9481276363330677,123
11369,2022-12-31,2022,4,0.9485079735511349,116
11369,2023-06-30,2023,2,0.9459043191780309,140
11369,2023-12-31,2023,4,0.9326689734717286,163
11369,2024-06-30,2024,2,0.9081319305882938,152
11369,2024-12-31,2024,4,0.9277379028512923,158
11369,2025-06-30,2025,2,0.9723333333333217,61
11369,2025-12-31,2025,4,0.9609999999999874,67
11370,2021-06-30,2021,2,0.9739999999999865,55
11370,2021-12-31,2021,4,0.9591714726474293,166
11370,2022-06-30,2022,2,0.9481276363330677,123
11370,2022-12-31,2022,4,0.9485079735511349,116
11370,2023-06-30,2023,2,0.9459043191780309,140
11370,2023-12-31,2023,4,0.9326689734717286,163
11370,2024-06-30,2024,2,0.9081319305882938,152
11370,2024-12-31,2024,4,0.9277379028512923,158
11370,2025-06-30,2025,2,0.9723333333333217,61
11370,2025-12-31,2025,4,0.9609999999999874,67
11399,2021-06-30,2021,2,0.9655371833052651,108
11399,2021-12-31,2021,4,0.9557399202188902,130
11399,2022-06-30,2022,2,0.9573361782835326,116
11399,2022-12-31,2022,4,0.9499109210760592,135
11399,2023-06-30,2023,2,0.9516007187063141,148
11399,2023-12-31,2023,4,0.945962627240445,152
11399,2024-06-30,2024,2,0.9542017299968975,100
11399,2024-12-31,2024,4,0.9482538483957152,89
11399,2025-06-30,2025,2,0.9563333333333194,93
11399,2025-12-31,2025,4,0.9639999999999868,74
11400,2021-06-30,2021,2,0.9655371833052651,108
11400,2021-12-31,2021,4,0.9557399202188902,130
11400,2022-06-30,2022,2,0.9573361782835326,116
11400,2022-12-31,2022,4,0.9499109210760592,135
11400,2023-06-30,2023,2,0.9516007187063141,148
11400,2023-12-31,2023,4,0.945962627240445,152
11400,2024-06-30,2024,2,0.9542017299968975,100
11400,2024-12-31,2024,4,0.9482538483957152,89
11400,2025-06-30,2025,2,0.9563333333333194,93
11400,2025-12-31,2025,4,0.9639999999999868,74
11412,2021-06-30,2021,2,0.974768093152107,82
11412,2021-12-31,2021,4,0.9744328831082065,115
11412,2022-06-30,2022,2,0.9697075382028079,107
11412,2022-12-31,2022,4,0.9688805185494814,94
11412,2023-06-30,2023,2,0.9833333333333196,130
11412,2023-12-31,2023,4,0.9823333333333196,134
11412,2024-06-30,2024,2,0.9713333333333196,83
11412,2024-12-31,2024,4,0.9679999999999864,77
11412,2025-06-30,2025,2,0.9781541301338118,85
11412,2025-12-31,2025,4,0.960984392419161,144
11452,2021-06-30,2021,2,0.9617002683020177,131
11452,2021-12-31,2021,4,0.9532095094085878,228
11452,2022-06-30,2022,2,0.9617600262984741,210
11452,2022-12-31,2022,4,0.9740548757878985,115
11452,2023-06-30,2023,2,0.9588392521932202,156
11452,2023-12-31,2023,4,0.9595509015352905,143
11452,2024-06-30,2024,2,0.9499398279078023,75
11452,2024-12-31,2024,4,0.9430364627384502,104
11452,2025-06-30,2025,2,0.9665022512032161,101
11452,2025-12-31,2025,4,0.9656430558382391,104
11488,2021-06-30,2021,2,0.9873333333333194,40
11488,2021-12-31,2021,4,0.9823489583333195,106
11488,2022-06-30,2022,2,0.9783333333333194,60
11488,2022-12-31,2022,4,0.9823333333333191,61
11488,2023-06-30,2023,2,0.963333333333319,56
11488,2023-12-31,2023,4,0.9663333333333191,57
11488,2024-06-30,2024,2,0.956551540421574,63
11488,2024-12-31,2024,4,0.9636666666666521,65
11488,2025-06-30,2025,2,0.9689999999999862,54
11488,2025-12-31,2025,4,0.9692713946526141,51
1170,2020-06-30,2020,2,0.9792688472649203,59
1170,2020-12-31,2020,4,0.9809625768510958,129
1170,2021-06-30,2021,2,0.972827601708236,189
1170,2021-12-31,2021,4,0.9693072314933546,134
1170,2022-06-30,2022,2,0.9535692204300948,181
1170,2022-12-31,2022,4,0.9637141495950314,71
1170,2023-06-30,2023,2,0.9676054174246886,138
1170,2023-12-31,2023,4,0.9699590026655208,90
1170,2024-06-30,2024,2,0.9633333333333196,52
1170,2024-12-31,2024,4,0.962333333333319,65
1170,2025-06-30,2025,2,0.9619999999999862,78
1170,2025-12-31,2025,4,0.9689999999999866,55
11822,2021-06-30,2021,2,0.9856666666666546,20
11822,2021-12-31,2021,4,0.985504197129693,80
11822,2022-06-30,2022,2,0.9755114205447553,102
11822,2022-12-31,2022,4,0.9622514269673323,135
11822,2023-06-30,2023,2,0.9517285070231553,150
11822,2023-12-31,2023,4,0.9550592723004581,164
11822,2024-06-30,2024,2,0.9540281618023417,109
11822,2024-12-31,2024,4,0.9543333333333206,113
11822,2025-06-30,2025,2,0.9499101818517361,115
11822,2025-12-31,2025,4,0.9456031463719196,132
11823,2021-06-30,2021,2,0.9856666666666546,20
11823,2021-12-31,2021,4,0.985504197129693,80
11823,2022-06-30,2022,2,0.9755114205447553,102
11823,2022-12-31,2022,4,0.9622514269673323,135
11823,2023-06-30,2023,2,0.9517163221667735,150
11823,2023-12-31,2023,4,0.9550315810315693,164
11823,2024-06-30,2024,2,0.9540281618023417,109
11823,2024-12-31,2024,4,0.9543333333333206,113
11823,2025-06-30,2025,2,0.9499101818517361,115
11823,2025-12-31,2025,4,0.9456031463719196,132
1184,2020-06-30,2020,2,0.9452694866448095,97
1184,2020-12-31,2020,4,0.9662008845713254,113
1184,2021-06-30,2021,2,0.9662232568451256,120
1184,2021-12-31,2021,4,0.9739999999999863,115
1184,2022-06-30,2022,2,0.9703757846579281,102
1184,2022-12-31,2022,4,0.968666666666653,109
1184,2023-06-30,2023,2,0.9668959417273542,137
1184,2023-12-31,2023,4,0.963666666666653,145
1184,2024-06-30,2024,2,0.9453333333333206,96
1184,2024-12-31,2024,4,0.9346032544171944,106
1184,2025-06-30,2025,2,0.9429140893470654,135
1184,2025-12-31,2025,4,0.9387722967340922,127
11891,2021-06-30,2021,2,0.9876666666666504,10
11891,2021-12-31,2021,4,0.9816666666666509,43
11891,2022-06-30,2022,2,0.9679544543810636,100
11891,2022-12-31,2022,4,0.9672757926232667,67
11891,2023-06-30,2023,2,0.9830261136712609,129
11891,2023-12-31,2023,4,0.9805757079619052,134
11891,2024-06-30,2024,2,0.9746666666666534,81
11891,2024-12-31,2024,4,0.9706666666666529,77
11891,2025-06-30,2025,2,0.9789037165414843,86
11891,2025-12-31,2025,4,0.962289015397167,136
11892,2021-06-30,2021,2,0.9876666666666504,10
11892,2021-12-31,2021,4,0.9816666666666509,43
11892,2022-06-30,2022,2,0.9679544543810636,100
11892,2022-12-31,2022,4,0.9672757926232667,67
11892,2023-06-30,2023,2,0.9830261136712609,129
11892,2023-12-31,2023,4,0.9805757079619052,134
11892,2024-06-30,2024,2,0.9746666666666534,81
11892,2024-12-31,2024,4,0.9706666666666529,77
11892,2025-06-30,2025,2,0.9789037165414843,86
11892,2025-12-31,2025,4,0.962289015397167,136
1194,2020-06-30,2020,2,0.9561299672744139,73
1194,2020-12-31,2020,4,0.9094497724886113,150
1194,2021-06-30,2021,2,0.9027761351636617,181
1194,2021-12-31,2021,4,0.8642460732984181,244
1194,2022-06-30,2022,2,0.8489335937499883,241
1194,2022-12-31,2022,4,0.9396666666666534,108
1194,2023-06-30,2023,2,0.9583333333333193,52
1194,2023-12-31,2023,4,0.956333333333319,53
1194,2024-06-30,2024,2,0.959999999999986,52
1194,2024-12-31,2024,4,0.9583333333333199,57
1194,2025-06-30,2025,2,0.9603333333333194,84
1194,2025-12-31,2025,4,0.9623333333333192,85
1198,2020-06-30,2020,2,0.9783178009401051,53
1198,2020-12-31,2020,4,0.9827076107899678,50
1198,2021-06-30,2021,2,0.9799999999999855,35
1198,2021-12-31,2021,4,0.9813333333333193,39
1198,2022-06-30,2022,2,0.9756666666666531,54
1198,2022-12-31,2022,4,0.97733333333332,50
1198,2023-06-30,2023,2,0.976333333333319,52
1198,2023-12-31,2023,4,0.9749999999999858,49
1198,2024-06-30,2024,2,0.9679999999999861,52
1198,2024-12-31,2024,4,0.9695560734698269,48
1198,2025-06-30,2025,2,0.9743333333333183,59
1198,2025-12-31,2025,4,0.9739018093398978,66
12301,2021-06-30,2021,2,0.9883333333333192,10
12301,2021-12-31,2021,4,0.985666666666654,42
12301,2022-06-30,2022,2,0.9752572418915461,102
12301,2022-12-31,2022,4,0.9628941111418184,145
12301,2023-06-30,2023,2,0.9559096703849574,146
12301,2023-12-31,2023,4,0.9533499489325532,164
12301,2024-06-30,2024,2,0.955706655822137,109
12301,2024-12-31,2024,4,0.9561711562370362,113
12301,2025-06-30,2025,2,0.9457364963042384,115
12301,2025-12-31,2025,4,0.9566063457594267,110
12456,2021-06-30,2021,2,0.986666666666653,10
12456,2021-12-31,2021,4,0.960019714628023,95
12456,2022-06-30,2022,2,0.9564389914204395,105
12456,2022-12-31,2022,4,0.9584769855389673,152
12456,2023-06-30,2023,2,0.9598730212959665,174
12456,2023-12-31,2023,4,0.9534306134760008,168
12456,2024-06-30,2024,2,0.964419549697954,101
12456,2024-12-31,2024,4,0.9474285714285576,126
12456,2025-06-30,2025,2,0.94011229765233,168
12456,2025-12-31,2025,4,0.9448626249421112,143
12457,2021-06-30,2021,2,0.986666666666653,10
12457,2021-12-31,2021,4,0.960019714628023,95
12457,2022-06-30,2022,2,0.9564389914204395,105
12457,2022-12-31,2022,4,0.9584769855389673,152
12457,2023-06-30,2023,2,0.9598730212959665,174
12457,2023-12-31,2023,4,0.9534306134760008,168
12457,2024-06-30,2024,2,0.964419549697954,101
12457,2024-12-31,2024,4,0.9474285714285576,126
12457,2025-06-30,2025,2,0.94011229765233,168
12457,2025-12-31,2025,4,0.9448626249421112,143
1267,2020-06-30,2020,2,0.9467881695724506,89
1267,2020-12-31,2020,4,0.9577613736564765,76
1267,2021-06-30,2021,2,0.9465314353499261,81
1267,2021-12-31,2021,4,0.9443779853459228,85
1267,2022-06-30,2022,2,0.954592091123993,60
1267,2022-12-31,2022,4,0.9225310870437101,101
1267,2023-06-30,2023,2,0.9096295416556578,114
1267,2023-12-31,2023,4,0.9313333333333208,83
1267,2024-06-30,2024,2,0.9216666666666538,84
1267,2024-12-31,2024,4,0.9206666666666543,94
1267,2025-06-30,2025,2,0.9333333333333207,89
1267,2025-12-31,2025,4,0.9234084436253851,85
13107,2022-06-30,2022,2,0.9723333333333204,80
13107,2022-12-31,2022,4,0.9689104413114978,96
13107,2023-06-30,2023,2,0.9860047281323726,123
13107,2023-12-31,2023,4,0.9825841992412851,130
13107,2024-06-30,2024,2,0.9619422399352948,77
13107,2024-12-31,2024,4,0.9562237683064756,81
13107,2025-06-30,2025,2,0.9639999999999869,90
13107,2025-12-31,2025,4,0.9649099446587159,93
13108,2022-06-30,2022,2,0.9723333333333204,80
13108,2022-12-31,2022,4,0.9689104413114978,96
13108,2023-06-30,2023,2,0.9860047281323726,123
13108,2023-12-31,2023,4,0.9825841992412851,130
13108,2024-06-30,2024,2,0.9619422399352948,77
13108,2024-12-31,2024,4,0.9562237683064756,81
13108,2025-06-30,2025,2,0.9639999999999869,90
13108,2025-12-31,2025,4,0.9649099446587159,93
13238,2022-06-30,2022,2,0.9568639342829547,89
13238,2022-12-31,2022,4,0.9595767075571572,102
13238,2023-06-30,2023,2,0.9657562160342289,93
13238,2023-12-31,2023,4,0.9637135730617193,89
13238,2024-06-30,2024,2,0.9599802402678259,78
13238,2024-12-31,2024,4,0.9679999999999868,57
13238,2025-06-30,2025,2,0.9703333333333194,53
13238,2025-12-31,2025,4,0.9649041078468636,63
13239,2022-06-30,2022,2,0.9568639342829547,89
13239,2022-12-31,2022,4,0.9595767075571572,102
13239,2023-06-30,2023,2,0.9657562160342289,93
13239,2023-12-31,2023,4,0.9637135730617193,89
13239,2024-06-30,2024,2,0.9599802402678259,78
13239,2024-12-31,2024,4,0.9679999999999868,57
13239,2025-06-30,2025,2,0.9703333333333194,53
13239,2025-12-31,2025,4,0.9649041078468636,63
13312,2021-06-30,2021,2,0.9829999999999862,20
13312,2021-12-31,2021,4,0.9600661917482805,141
13312,2022-06-30,2022,2,0.9524018343364733,141
13312,2022-12-31,2022,4,0.957141042487941,122
13312,2023-06-30,2023,2,0.9534065860214916,168
13312,2023-12-31,2023,4,0.9566774544888612,164
13312,2024-06-30,2024,2,0.9545848938315882,88
13312,2024-12-31,2024,4,0.955107344632754,95
13312,2025-06-30,2025,2,0.9705898263408493,97
13312,2025-12-31,2025,4,0.9688669225847583,94
13369,2022-06-30,2022,2,0.9718976248976107,56
13369,2022-12-31,2022,4,0.9664847806982368,128
13369,2023-06-30,2023,2,0.9625995550909763,168
13369,2023-12-31,2023,4,0.958384151530611,221
13369,2024-06-30,2024,2,0.9539271137026099,116
13369,2024-12-31,2024,4,0.9453249173023558,86
13369,2025-06-30,2025,2,0.9575104654795242,81
13369,2025-12-31,2025,4,0.9656224328593863,69
13370,2022-06-30,2022,2,0.9718976248976107,56
13370,2022-12-31,2022,4,0.9664847806982368,128
13370,2023-06-30,2023,2,0.9625995550909763,168
13370,2023-12-31,2023,4,0.958384151530611,221
13370,2024-06-30,2024,2,0.9539271137026099,116
13370,2024-12-31,2024,4,0.9453249173023558,86
13370,2025-06-30,2025,2,0.9575104654795242,81
13370,2025-12-31,2025,4,0.9656224328593863,69
13840,2022-06-30,2022,2,0.9613661218041581,76
13840,2022-12-31,2022,4,0.9703333333333192,74
13840,2023-06-30,2023,2,0.9783333333333188,62
13840,2023-12-31,2023,4,0.9856666666666521,70
13840,2024-06-30,2024,2,0.9863333333333186,48
13840,2024-12-31,2024,4,0.9829999999999858,60
13840,2025-06-30,2025,2,0.9813333333333192,82
13840,2025-12-31,2025,4,0.9813333333333184,91
13841,2022-06-30,2022,2,0.9613661218041581,76
13841,2022-12-31,2022,4,0.9703333333333192,74
13841,2023-06-30,2023,2,0.9783333333333188,62
13841,2023-12-31,2023,4,0.9856666666666521,70
13841,2024-06-30,2024,2,0.9863333333333186,48
13841,2024-12-31,2024,4,0.9829999999999858,60
13841,2025-06-30,2025,2,0.9813333333333192,82
13841,2025-12-31,2025,4,0.9813333333333184,91
13949,2021-06-30,2021,2,0.9899999999999857,10
13949,2021-12-31,2021,4,0.964463901689694,98
13949,2022-06-30,2022,2,0.9519713717434416,118
13949,2022-12-31,2022,4,0.942765364518524,166
13949,2023-06-30,2023,2,0.9512441632775896,198
13949,2023-12-31,2023,4,0.951779160186611,226
13949,2024-06-30,2024,2,0.9413417935702052,194
13949,2024-12-31,2024,4,0.9536524761077186,93
13949,2025-06-30,2025,2,0.9628547269198644,86
13949,2025-12-31,2025,4,0.9691628448839117,93
1407,2020-06-30,2020,2,0.9561299672744139,73
1407,2020-12-31,2020,4,0.9094497724886113,150
1407,2021-06-30,2021,2,0.9027761351636617,181
1407,2021-12-31,2021,4,0.8642460732984181,244
1407,2022-06-30,2022,2,0.8489335937499883,241
1407,2022-12-31,2022,4,0.9396666666666534,108
1407,2023-06-30,2023,2,0.9583333333333193,52
1407,2023-12-31,2023,4,0.956333333333319,53
1407,2024-06-30,2024,2,0.959999999999986,52
1407,2024-12-31,2024,4,0.9583333333333199,57
1407,2025-06-30,2025,2,0.9603333333333194,84
1407,2025-12-31,2025,4,0.9623333333333192,85
1411,2020-06-30,2020,2,0.9608831532612915,43
1411,2020-12-31,2020,4,0.683850648852023,348
1411,2021-06-30,2021,2,0.9638224326723728,81
1411,2021-12-31,2021,4,0.960991252504505,176
1411,2022-06-30,2022,2,0.9848493750805175,260
1411,2022-12-31,2022,4,0.9755191568398608,400
1411,2023-06-30,2023,2,0.9754538453194372,370
1411,2023-12-31,2023,4,0.9781553865490592,313
1411,2024-06-30,2024,2,0.978159752357796,311
1411,2024-12-31,2024,4,0.9742983032293253,343
1411,2025-06-30,2025,2,0.9781396616002186,355
1411,2025-12-31,2025,4,0.9797758726956788,385
1412,2020-06-30,2020,2,0.924197753710375,87
1412,2020-12-31,2020,4,0.9240476742687656,144
1412,2021-06-30,2021,2,0.931801318549582,128
1412,2021-12-31,2021,4,0.9503178717598775,97
1412,2022-06-30,2022,2,0.9582553302131946,89
1412,2022-12-31,2022,4,0.9655793724759109,89
1412,2023-06-30,2023,2,0.9809999999999864,65
1412,2023-12-31,2023,4,0.978666666666653,58
1412,2024-06-30,2024,2,0.9766666666666532,46
1412,2024-12-31,2024,4,0.9739999999999864,53
1412,2025-06-30,2025,2,0.9693333333333206,49
1412,2025-12-31,2025,4,0.9709999999999872,50
14282,2021-06-30,2021,2,0.9846666666666555,10
14282,2021-12-31,2021,4,0.9400920581922124,153
14282,2022-06-30,2022,2,0.9486666666666536,98
14282,2022-12-31,2022,4,0.9501300420355832,71
14282,2023-06-30,2023,2,0.9396007340497866,80
14282,2023-12-31,2023,4,0.9483333333333183,59
14282,2024-06-30,2024,2,0.9532654170062348,62
14282,2024-12-31,2024,4,0.9457305308542041,90
14282,2025-06-30,2025,2,0.9644174933254812,74
14282,2025-12-31,2025,4,0.9670089197224834,81
14319,2022-06-30,2022,2,0.970999999999986,56
14319,2022-12-31,2022,4,0.9754480635406281,79
14319,2023-06-30,2023,2,0.9627439042411564,130
14319,2023-12-31,2023,4,0.9658044166256271,177
14319,2024-06-30,2024,2,0.9681949250288219,148
14319,2024-12-31,2024,4,0.9736069182389795,78
14319,2025-06-30,2025,2,0.9736666666666528,56
14319,2025-12-31,2025,4,0.9743333333333197,52
14320,2022-06-30,2022,2,0.970999999999986,56
14320,2022-12-31,2022,4,0.9754480635406281,79
14320,2023-06-30,2023,2,0.9627439042411564,130
14320,2023-12-31,2023,4,0.9658044166256271,177
14320,2024-06-30,2024,2,0.9681949250288219,148
14320,2024-12-31,2024,4,0.9736069182389795,78
14320,2025-06-30,2025,2,0.9736666666666528,56
14320,2025-12-31,2025,4,0.9743333333333197,52
1437,2020-06-30,2020,2,0.9800372833887482,61
1437,2020-12-31,2020,4,0.9785501967110889,97
1437,2021-06-30,2021,2,0.9734357080576364,107
1437,2021-12-31,2021,4,0.973928356498051,117
1437,2022-06-30,2022,2,0.9616666666666528,97
1437,2022-12-31,2022,4,0.964310499030419,67
1437,2023-06-30,2023,2,0.9789101608121328,126
1437,2023-12-31,2023,4,0.9763333333333197,130
1437,2024-06-30,2024,2,0.966999999999986,77
1437,2024-12-31,2024,4,0.9619419886297578,75
1437,2025-06-30,2025,2,0.9763333333333198,84
1437,2025-12-31,2025,4,0.9589505407508656,126
1438,2020-06-30,2020,2,0.9800372833887482,61
1438,2020-12-31,2020,4,0.9785501967110889,97
1438,2021-06-30,2021,2,0.9734357080576364,107
1438,2021-12-31,2021,4,0.973928356498051,117
1438,2022-06-30,2022,2,0.9616666666666528,97
1438,2022-12-31,2022,4,0.964310499030419,67
1438,2023-06-30,2023,2,0.9789101608121328,126
1438,2023-12-31,2023,4,0.9763333333333197,130
1438,2024-06-30,2024,2,0.966999999999986,77
1438,2024-12-31,2024,4,0.9619419886297578,75
1438,2025-06-30,2025,2,0.9763333333333198,84
1438,2025-12-31,2025,4,0.9589505407508656,126
14497,2021-06-30,2021,2,0.9929999999999845,10
14497,2021-12-31,2021,4,0.985349172751952,108
14497,2022-06-30,2022,2,0.9732087416394302,142
14497,2022-12-31,2022,4,0.9733966988685198,131
14497,2023-06-30,2023,2,0.976364094610301,182
14497,2023-12-31,2023,4,0.9771512367237866,179
14497,2024-06-30,2024,2,0.9792420729996202,137
14497,2024-12-31,2024,4,0.9779385250620858,103
14497,2025-06-30,2025,2,0.9729999999999859,62
14497,2025-12-31,2025,4,0.977933523898144,76
14549,2021-06-30,2021,2,0.9879999999999877,10
14549,2021-12-31,2021,4,0.9585880693268715,120
14549,2022-06-30,2022,2,0.9537510521549076,133
14549,2022-12-31,2022,4,0.9659163005998632,163
14549,2023-06-30,2023,2,0.9766666666666509,152
14549,2023-12-31,2023,4,0.9664596701855923,175
14549,2024-06-30,2024,2,0.9588612836438779,102
14549,2024-12-31,2024,4,0.9536469664988764,84
14549,2025-06-30,2025,2,0.9635581867986077,81
14549,2025-12-31,2025,4,0.9695966850828595,96
14611,2022-06-30,2022,2,0.9559999999999866,92
14611,2022-12-31,2022,4,0.968333333333319,83
14611,2023-06-30,2023,2,0.9510628930817473,80
14611,2023-12-31,2023,4,0.9513072130361719,88
14611,2024-06-30,2024,2,0.9504099272571541,72
14611,2024-12-31,2024,4,0.9492829662599311,74
14611,2025-06-30,2025,2,0.9592603194685931,83
14611,2025-12-31,2025,4,0.9672153010701031,60
14612,2022-06-30,2022,2,0.9559999999999866,92
14612,2022-12-31,2022,4,0.968333333333319,83
14612,2023-06-30,2023,2,0.9510628930817473,80
14612,2023-12-31,2023,4,0.9513072130361719,88
14612,2024-06-30,2024,2,0.9504099272571541,72
14612,2024-12-31,2024,4,0.9492829662599311,74
14612,2025-06-30,2025,2,0.9592603194685931,83
14612,2025-12-31,2025,4,0.9672153010701031,60
1480,2020-06-30,2020,2,0.9650656852904961,69
1480,2020-12-31,2020,4,0.9575503334884308,87
1480,2021-06-30,2021,2,0.9699501915708681,133
1480,2021-12-31,2021,4,0.9753333333333195,128
1480,2022-06-30,2022,2,0.9825180340863898,85
1480,2022-12-31,2022,4,0.9833333333333177,112
1480,2023-06-30,2023,2,0.983825469777169,141
1480,2023-12-31,2023,4,0.9856666666666528,159
1480,2024-06-30,2024,2,0.9686666666666539,88
1480,2024-12-31,2024,4,0.9703333333333205,72
1480,2025-06-30,2025,2,0.9699999999999867,83
1480,2025-12-31,2025,4,0.9736666666666535,74
14833,2022-06-30,2022,2,0.9704213229434028,181
14833,2022-12-31,2022,4,0.970843985132793,96
14833,2023-06-30,2023,2,0.9597707443753463,127
14833,2023-12-31,2023,4,0.9601161849242842,135
14833,2024-06-30,2024,2,0.9420052576235418,160
14833,2024-12-31,2024,4,0.925749317926485,169
14833,2025-06-30,2025,2,0.911502197968762,187
14833,2025-12-31,2025,4,0.9218122956180383,209
14975,2022-06-30,2022,2,0.9467114845938247,120
14975,2022-12-31,2022,4,0.9475822987279937,184
14975,2023-06-30,2023,2,0.9469841283147356,218
14975,2023-12-31,2023,4,0.9437833908586838,220
14975,2024-06-30,2024,2,0.9390818050461129,161
14975,2024-12-31,2024,4,0.9386635041113085,158
14975,2025-06-30,2025,2,0.9426291145108814,109
14975,2025-12-31,2025,4,0.9458327479511489,104
14989,2022-06-30,2022,2,0.9542695162656167,117
14989,2022-12-31,2022,4,0.964933532735113,104
14989,2023-06-30,2023,2,0.9693152827918011,102
14989,2023-12-31,2023,4,0.9738565920091722,105
14989,2024-06-30,2024,2,0.9628477466504115,84
14989,2024-12-31,2024,4,0.9662587601078021,81
14989,2025-06-30,2025,2,0.9638530492284952,141
14989,2025-12-31,2025,4,0.9691366571606375,87
15389,2022-06-30,2022,2,0.9855312845832831,129
15389,2022-12-31,2022,4,0.9865183727033968,131
15389,2023-06-30,2023,2,0.9710335697731445,150
15389,2023-12-31,2023,4,0.970266083837691,195
15389,2024-06-30,2024,2,0.9733333333333192,81
15389,2024-12-31,2024,4,0.9719441228679334,88
15389,2025-06-30,2025,2,0.9711737164139262,92
15389,2025-12-31,2025,4,0.9712585446114583,92
15491,2022-06-30,2022,2,0.934734621133712,163
15491,2022-12-31,2022,4,0.9462547972459876,157
15491,2023-06-30,2023,2,0.9445280648094432,178
15491,2023-12-31,2023,4,0.9217310972143143,256
15491,2024-06-30,2024,2,0.9342626569604312,108
15491,2024-12-31,2024,4,0.934941720960621,104
15491,2025-06-30,2025,2,0.949237124924757,117
15491,2025-12-31,2025,4,0.9480760689817965,122
15576,2022-06-30,2022,2,0.9692805180270071,69
15576,2022-12-31,2022,4,0.9580624788922529,83
15576,2023-06-30,2023,2,0.9617192982455994,145
15576,2023-12-31,2023,4,0.9535056784219826,114
15576,2024-06-30,2024,2,0.9629999999999866,63
15576,2024-12-31,2024,4,0.9619999999999862,65
15576,2025-06-30,2025,2,0.964666666666653,76
15576,2025-12-31,2025,4,0.9733333333333195,52
15585,2022-06-30,2022,2,0.9547709748835652,102
15585,2022-12-31,2022,4,0.9691916501369456,97
15585,2023-06-30,2023,2,0.9690114794549782,85
15585,2023-12-31,2023,4,0.9756708019494743,85
15585,2024-06-30,2024,2,0.962771915152422,76
15585,2024-12-31,2024,4,0.9661301438608085,79
15585,2025-06-30,2025,2,0.9673027646662037,130
15585,2025-12-31,2025,4,0.9682404138016337,79
15967,2022-06-30,2022,2,0.9806666666666508,20
15967,2022-12-31,2022,4,0.9749999999999858,43
15967,2023-06-30,2023,2,0.9769999999999854,49
15967,2023-12-31,2023,4,0.9766666666666527,52
15967,2024-06-30,2024,2,0.9859999999999856,47
15967,2024-12-31,2024,4,0.9869999999999861,61
15967,2025-06-30,2025,2,0.9849999999999859,81
15967,2025-12-31,2025,4,0.9849999999999853,69
160220,2020-06-30,2020,2,0.9303006993006864,96
160220,2020-12-31,2020,4,0.9362615101289002,112
160220,2021-06-30,2021,2,0.9372514970059742,157
160220,2021-12-31,2021,4,0.9489999999999867,157
160220,2022-06-30,2022,2,0.937333333333321,114
160220,2022-12-31,2022,4,0.9538651685393121,103
160220,2023-06-30,2023,2,0.9608635653323572,110
160220,2023-12-31,2023,4,0.9576666666666525,68
160220,2024-06-30,2024,2,0.9499999999999859,72
160220,2024-12-31,2024,4,0.9412455677102846,75
160220,2025-06-30,2025,2,0.9396666666666535,92
160220,2025-12-31,2025,4,0.9397533990592046,81
160226,2020-06-30,2020,2,0.9303006993006864,96
160226,2020-12-31,2020,4,0.9362615101289002,112
160226,2021-06-30,2021,2,0.9372514970059742,157
160226,2021-12-31,2021,4,0.9489999999999867,157
160226,2022-06-30,2022,2,0.937333333333321,114
160226,2022-12-31,2022,4,0.9538651685393121,103
160226,2023-06-30,2023,2,0.9608635653323572,110
160226,2023-12-31,2023,4,0.9576666666666525,68
160226,2024-06-30,2024,2,0.9499999999999859,72
160226,2024-12-31,2024,4,0.9412455677102846,75
160226,2025-06-30,2025,2,0.9396666666666535,92
160226,2025-12-31,2025,4,0.9397533990592046,81
16262,2022-06-30,2022,2,0.9879999999999861,20
16262,2022-12-31,2022,4,0.9636666666666533,66
16262,2023-06-30,2023,2,0.9633333333333197,65
16262,2023-12-31,2023,4,0.9579999999999864,70
16262,2024-06-30,2024,2,0.9451602860748705,90
16262,2024-12-31,2024,4,0.9372872416250754,100
16262,2025-06-30,2025,2,0.968020671834611,106
16262,2025-12-31,2025,4,0.9712790270766252,95
16263,2022-06-30,2022,2,0.9816666666666548,20
16263,2022-12-31,2022,4,0.9674667822068035,51
16263,2023-06-30,2023,2,0.9566666666666529,58
16263,2023-12-31,2023,4,0.947666666666654,79
16263,2024-06-30,2024,2,0.9529999999999851,55
16263,2024-12-31,2024,4,0.9606666666666516,54
16263,2025-06-30,2025,2,0.9559999999999859,68
16263,2025-12-31,2025,4,0.955439411155707,82
16370,2022-06-30,2022,2,0.9939999999999836,10
16370,2022-12-31,2022,4,0.9913333333333169,17
16370,2023-06-30,2023,2,0.9603333333333194,58
16370,2023-12-31,2023,4,0.9706666666666521,59
16370,2024-06-30,2024,2,0.9686423187035305,52
16370,2024-12-31,2024,4,0.9719999999999864,48
16370,2025-06-30,2025,2,0.9796666666666535,48
16370,2025-12-31,2025,4,0.9767364780288423,88
16371,2022-06-30,2022,2,0.9939999999999836,10
16371,2022-12-31,2022,4,0.9913333333333169,17
16371,2023-06-30,2023,2,0.9603333333333194,58
16371,2023-12-31,2023,4,0.9706666666666521,59
16371,2024-06-30,2024,2,0.9686423187035305,52
16371,2024-12-31,2024,4,0.9719999999999864,48
16371,2025-06-30,2025,2,0.9796666666666535,48
16371,2025-12-31,2025,4,0.9767364780288423,88
16461,2022-06-30,2022,2,0.9849999999999853,20
16461,2022-12-31,2022,4,0.973333333333319,40
16461,2023-06-30,2023,2,0.9529999999999856,69
16461,2023-12-31,2023,4,0.9559999999999856,61
16461,2024-06-30,2024,2,0.9629999999999846,55
16461,2024-12-31,2024,4,0.9629999999999846,58
16461,2025-06-30,2025,2,0.9723333333333195,54
16461,2025-12-31,2025,4,0.9759999999999855,51
16500,2022-06-30,2022,2,0.9956666666666549,10
16500,2022-12-31,2022,4,0.9936666666666529,19
16500,2023-06-30,2023,2,0.9762547108001003,131
16500,2023-12-31,2023,4,0.9777862334330761,140
16500,2024-06-30,2024,2,0.9745906730501165,78
16500,2024-12-31,2024,4,0.9717694258704036,77
16500,2025-06-30,2025,2,0.9699999999999861,93
16500,2025-12-31,2025,4,0.9783983169705319,76
16501,2022-06-30,2022,2,0.9956666666666549,10
16501,2022-12-31,2022,4,0.9936666666666529,19
16501,2023-06-30,2023,2,0.9762547108001003,131
16501,2023-12-31,2023,4,0.9777862334330761,140
16501,2024-06-30,2024,2,0.9745906730501165,78
16501,2024-12-31,2024,4,0.9717694258704036,77
16501,2025-06-30,2025,2,0.9699999999999861,93
16501,2025-12-31,2025,4,0.9783983169705319,76
16579,2022-06-30,2022,2,0.9876666666666526,20
16579,2022-12-31,2022,4,0.9859999999999864,27
16579,2023-06-30,2023,2,0.9653333333333195,56
16579,2023-12-31,2023,4,0.9679999999999855,50
16579,2024-06-30,2024,2,0.9433333333333199,52
16579,2024-12-31,2024,4,0.9519999999999865,52
16579,2025-06-30,2025,2,0.95233333333332,75
16579,2025-12-31,2025,4,0.9596666666666531,54
16721,2024-06-30,2024,2,0.9913333333333162,10
16721,2024-12-31,2024,4,0.990333333333318,17
16721,2025-06-30,2025,2,0.988333333333318,46
16721,2025-12-31,2025,4,0.9873333333333182,45
16772,2023-06-30,2023,2,0.9543333333333194,73
16772,2023-12-31,2023,4,0.948333333333319,80
16772,2024-06-30,2024,2,0.941666666666653,82
16772,2024-12-31,2024,4,0.9413333333333201,82
16772,2025-06-30,2025,2,0.9728761792672994,70
16772,2025-12-31,2025,4,0.9653333333333203,60
16773,2023-06-30,2023,2,0.9543333333333194,73
16773,2023-12-31,2023,4,0.948333333333319,80
16773,2024-06-30,2024,2,0.941666666666653,82
16773,2024-12-31,2024,4,0.9413333333333201,82
16773,2025-06-30,2025,2,0.9728761792672994,70
16773,2025-12-31,2025,4,0.9653333333333203,60
16780,2022-06-30,2022,2,0.9909999999999868,10
16780,2022-12-31,2022,4,0.9672397660818581,106
16780,2023-06-30,2023,2,0.9692831137419511,142
16780,2023-12-31,2023,4,0.9678565397132419,186
16780,2024-06-30,2024,2,0.9658034398034269,103
16780,2024-12-31,2024,4,0.9559999999999869,66
16780,2025-12-31,2025,4,0.9584050919870825,90
168401,2020-06-30,2020,2,0.931999999999987,86
168401,2020-12-31,2020,4,0.9636666666666527,59
168401,2021-06-30,2021,2,0.9603350833563459,61
168401,2021-12-31,2021,4,0.9526666666666534,80
168401,2022-06-30,2022,2,0.9783333333333194,82
168401,2022-12-31,2022,4,0.9863333333333193,55
168401,2023-06-30,2023,2,0.9749999999999862,63
168401,2023-12-31,2023,4,0.9776666666666534,61
168401,2024-06-30,2024,2,0.9546666666666533,64
168401,2024-12-31,2024,4,0.954666666666653,69
168401,2025-06-30,2025,2,0.971666666666653,67
168401,2025-12-31,2025,4,0.9699999999999853,53
17102,2023-06-30,2023,2,0.9626666666666527,48
17102,2023-12-31,2023,4,0.9673333333333194,43
17102,2024-06-30,2024,2,0.9663333333333206,51
17102,2024-12-31,2024,4,0.9623333333333204,69
17102,2025-06-30,2025,2,0.9613333333333202,80
17102,2025-12-31,2025,4,0.9626666666666535,75
17103,2023-06-30,2023,2,0.9626666666666527,48
17103,2023-12-31,2023,4,0.9673333333333194,43
17103,2024-06-30,2024,2,0.9663333333333206,51
17103,2024-12-31,2024,4,0.9623333333333204,69
17103,2025-06-30,2025,2,0.9613333333333202,80
17103,2025-12-31,2025,4,0.9626666666666535,75
1715,2020-06-30,2020,2,0.9569216607912111,69
1715,2020-12-31,2020,4,0.9585060334485793,101
1715,2021-06-30,2021,2,0.9752327611009747,118
1715,2021-12-31,2021,4,0.97249153531814,186
1715,2022-06-30,2022,2,0.9836666666666494,165
1715,2022-12-31,2022,4,0.9843079710144754,152
1715,2023-06-30,2023,2,0.9573333333333187,66
1715,2023-12-31,2023,4,0.956666666666652,59
1715,2024-06-30,2024,2,0.9713333333333196,59
1715,2024-12-31,2024,4,0.9663333333333196,59
1715,2025-06-30,2025,2,0.9659999999999864,64
1715,2025-12-31,2025,4,0.9616666666666533,69
17234,2025-06-30,2025,2,0.9786666666666526,43
17234,2025-12-31,2025,4,0.9620385526599049,73
1753,2020-06-30,2020,2,0.9657269664813747,67
1753,2020-12-31,2020,4,0.9567211364884882,102
1753,2021-06-30,2021,2,0.9653159175693612,192
1753,2021-12-31,2021,4,0.9627413146536342,286
1753,2022-06-30,2022,2,0.9604391461682801,402
1753,2022-12-31,2022,4,0.9714307810422492,115
1753,2023-06-30,2023,2,0.9719999999999862,64
1753,2023-12-31,2023,4,0.9769999999999857,59
1753,2024-06-30,2024,2,0.9626666666666535,52
1753,2024-12-31,2024,4,0.9572785428698225,67
1753,2025-06-30,2025,2,0.9686666666666527,62
1753,2025-12-31,2025,4,0.967333333333319,63
1759,2020-06-30,2020,2,0.9600834097158429,95
1759,2020-12-31,2020,4,0.9667940824354232,105
1759,2021-06-30,2021,2,0.9735440931780219,130
1759,2021-12-31,2021,4,0.9703333333333196,143
1759,2022-06-30,2022,2,0.9836666666666523,110
1759,2022-12-31,2022,4,0.9812473192270063,158
1759,2023-06-30,2023,2,0.9776463385919332,244
1759,2023-12-31,2023,4,0.9806895374107283,206
1759,2024-06-30,2024,2,0.9698810084993796,82
1759,2024-12-31,2024,4,0.9710729166666529,77
1759,2025-06-30,2025,2,0.9636216707021655,94
1759,2025-12-31,2025,4,0.956832151977266,109
17612,2023-06-30,2023,2,0.9676054174246886,138
17612,2023-12-31,2023,4,0.9699590026655208,90
17612,2024-06-30,2024,2,0.9633333333333196,52
17612,2024-12-31,2024,4,0.962333333333319,65
17612,2025-06-30,2025,2,0.9619999999999862,78
17612,2025-12-31,2025,4,0.9689999999999866,55
17732,2023-06-30,2023,2,0.9804025774515526,267
17732,2023-12-31,2023,4,0.9723507898723082,354
17732,2024-06-30,2024,2,0.9602702139746119,87
17732,2024-12-31,2024,4,0.9690947410279206,80
17732,2025-06-30,2025,2,0.9773333333333201,76
17732,2025-12-31,2025,4,0.9726666666666535,65
17811,2023-06-30,2023,2,0.9883333333333167,95
17811,2023-12-31,2023,4,0.9883333333333167,62
17811,2024-06-30,2024,2,0.9881183951280514,48
17811,2024-12-31,2024,4,0.988117187218544,49
17811,2025-06-30,2025,2,0.98746351786015,57
17811,2025-12-31,2025,4,0.9826906625438687,85
17876,2023-06-30,2023,2,0.9844560129136252,55
17876,2023-12-31,2023,4,0.9808934304599879,69
17876,2024-06-30,2024,2,0.9622830665059815,133
17876,2024-12-31,2024,4,0.954345790864463,153
17876,2025-06-30,2025,2,0.9447986329774843,162
17876,2025-12-31,2025,4,0.950121654501202,202
17927,2023-06-30,2023,2,0.9448367911479802,106
17927,2023-12-31,2023,4,0.9313333333333198,107
17927,2024-06-30,2024,2,0.9344126078016007,94
17927,2024-12-31,2024,4,0.9373333333333196,80
17927,2025-06-30,2025,2,0.9536666666666531,99
17927,2025-12-31,2025,4,0.9529999999999861,82
18291,2023-06-30,2023,2,0.951666666666653,51
18291,2023-12-31,2023,4,0.9553333333333197,65
18291,2024-06-30,2024,2,0.9229999999999864,75
18291,2024-12-31,2024,4,0.9243333333333192,86
18291,2025-06-30,2025,2,0.9416666666666538,88
18291,2025-12-31,2025,4,0.9616666666666527,57
18325,2023-06-30,2023,2,0.9909999999999871,20
18325,2023-12-31,2023,4,0.9846666666666536,38
18325,2024-06-30,2024,2,0.9703177138800011,66
18325,2024-12-31,2024,4,0.9699999999999868,53
18325,2025-06-30,2025,2,0.9622726500394309,58
18325,2025-12-31,2025,4,0.9669999999999866,57
18326,2023-06-30,2023,2,0.9909999999999871,20
18326,2023-12-31,2023,4,0.9846666666666536,38
18326,2024-06-30,2024,2,0.9703177138800011,66
18326,2024-12-31,2024,4,0.9699999999999868,53
18326,2025-06-30,2025,2,0.9622726500394309,58
18326,2025-12-31,2025,4,0.9669999999999866,57
18358,2023-06-30,2023,2,0.9913333333333201,20
18358,2023-12-31,2023,4,0.9806666666666526,66
18358,2024-06-30,2024,2,0.9536521255131015,87
18358,2024-12-31,2024,4,0.9523333333333199,74
18358,2025-06-30,2025,2,0.9673215117223313,76
18358,2025-12-31,2025,4,0.9637205923442163,65
18359,2023-06-30,2023,2,0.9913333333333201,20
18359,2023-12-31,2023,4,0.9806666666666526,66
18359,2024-06-30,2024,2,0.9536521255131015,87
18359,2024-12-31,2024,4,0.9523333333333199,74
18359,2025-06-30,2025,2,0.9673215117223313,76
18359,2025-12-31,2025,4,0.9637205923442163,65
1856,2020-06-30,2020,2,0.9696623652529562,68
1856,2020-12-31,2020,4,0.9714512577487232,145
1856,2021-06-30,2021,2,0.964189635664164,134
1856,2021-12-31,2021,4,0.9659966050209817,141
1856,2022-06-30,2022,2,0.9714184202500654,108
1856,2022-12-31,2022,4,0.9672170205508545,139
1856,2023-06-30,2023,2,0.9717786548264972,145
1856,2023-12-31,2023,4,0.970335246293627,150
1856,2024-06-30,2024,2,0.9568275910071561,108
1856,2024-12-31,2024,4,0.962424405218713,101
1856,2025-06-30,2025,2,0.9453221476509936,110
1856,2025-12-31,2025,4,0.942269201992334,129
18956,2023-06-30,2023,2,0.9876666666666529,20
18956,2023-12-31,2023,4,0.9866666666666524,24
18956,2024-06-30,2024,2,0.9796666666666521,52
18956,2024-12-31,2024,4,0.9793277984863745,80
18956,2025-06-30,2025,2,0.9736666666666527,86
18956,2025-12-31,2025,4,0.9736666666666525,93
18957,2023-06-30,2023,2,0.9876666666666529,20
18957,2023-12-31,2023,4,0.9866666666666524,24
18957,2024-06-30,2024,2,0.9796666666666521,52
18957,2024-12-31,2024,4,0.9793277984863745,80
18957,2025-06-30,2025,2,0.9736666666666527,86
18957,2025-12-31,2025,4,0.9736666666666525,93
19018,2023-06-30,2023,2,0.9889999999999877,10
19018,2023-12-31,2023,4,0.908823830807794,213
19018,2024-06-30,2024,2,0.924626661323703,136
19018,2024-12-31,2024,4,0.8974840871021655,171
19018,2025-06-30,2025,2,0.9141982281284486,175
19018,2025-12-31,2025,4,0.9123861770413377,173
19032,2023-06-30,2023,2,0.9929999999999832,10
19032,2023-12-31,2023,4,0.9742444046553109,120
19032,2024-06-30,2024,2,0.9568275910071561,108
19032,2024-12-31,2024,4,0.962424405218713,101
19032,2025-06-30,2025,2,0.9453221476509936,110
19032,2025-12-31,2025,4,0.942269201992334,129
19034,2023-06-30,2023,2,0.9919999999999846,10
19034,2023-12-31,2023,4,0.962798217560004,131
19034,2024-06-30,2024,2,0.9557387548999928,109
19034,2024-12-31,2024,4,0.9576666666666535,112
19034,2025-06-30,2025,2,0.9526666666666538,115
19034,2025-12-31,2025,4,0.9472708528584689,132
19426,2024-06-30,2024,2,0.9833333333333193,10
19426,2024-12-31,2024,4,0.974666666666653,21
19426,2025-06-30,2025,2,0.9759999999999862,64
19426,2025-12-31,2025,4,0.9789999999999867,47
19427,2024-06-30,2024,2,0.9833333333333193,10
19427,2024-12-31,2024,4,0.974666666666653,21
19427,2025-06-30,2025,2,0.9759999999999862,64
19427,2025-12-31,2025,4,0.9789999999999867,47
19571,2023-06-30,2023,2,0.9846666666666527,20
19571,2023-12-31,2023,4,0.9826437914574283,155
19571,2024-06-30,2024,2,0.9869999999999853,68
19571,2024-12-31,2024,4,0.9854397310708997,102
19571,2025-06-30,2025,2,0.9801240875912248,141
19571,2025-12-31,2025,4,0.9801847885278475,181
19829,2024-06-30,2024,2,0.9549999999999859,56
19829,2024-12-31,2024,4,0.9559999999999861,43
19829,2025-06-30,2025,2,0.9589999999999872,57
19829,2025-12-31,2025,4,0.9679999999999863,50
19830,2024-06-30,2024,2,0.9549999999999859,56
19830,2024-12-31,2024,4,0.9559999999999861,43
19830,2025-06-30,2025,2,0.9589999999999872,57
19830,2025-12-31,2025,4,0.9679999999999863,50
19925,2023-06-30,2023,2,0.9963333333333203,10
19925,2023-12-31,2023,4,0.978224932249309,90
19925,2024-06-30,2024,2,0.9798525073746167,72
19925,2024-12-31,2024,4,0.9774403199034111,77
19925,2025-06-30,2025,2,0.9556666666666536,95
19925,2025-12-31,2025,4,0.9703333333333202,73
1998,2020-06-30,2020,2,0.9569216607912111,69
1998,2020-12-31,2020,4,0.9585060334485793,101
1998,2021-06-30,2021,2,0.9752327611009747,118
1998,2021-12-31,2021,4,0.97249153531814,186
1998,2022-06-30,2022,2,0.9836666666666494,165
1998,2022-12-31,2022,4,0.9843079710144754,152
1998,2023-06-30,2023,2,0.9573333333333187,66
1998,2023-12-31,2023,4,0.956666666666652,59
1998,2024-06-30,2024,2,0.9713333333333196,59
1998,2024-12-31,2024,4,0.9663333333333196,59
1998,2025-06-30,2025,2,0.9659999999999864,64
1998,2025-12-31,2025,4,0.9616666666666533,69
20469,2024-06-30,2024,2,0.9779999999999845,49
20469,2024-12-31,2024,4,0.9823333333333178,40
20469,2025-06-30,2025,2,0.9783333333333178,46
20469,2025-12-31,2025,4,0.978333333333318,65
20470,2024-06-30,2024,2,0.9779999999999845,49
20470,2024-12-31,2024,4,0.9823333333333178,40
20470,2025-06-30,2025,2,0.9783333333333178,46
20470,2025-12-31,2025,4,0.978333333333318,65
2051,2020-06-30,2020,2,0.9608831532612915,43
2051,2020-12-31,2020,4,0.683850648852023,348
2051,2021-06-30,2021,2,0.9638224326723728,81
2051,2021-12-31,2021,4,0.960991252504505,176
2051,2022-06-30,2022,2,0.9848493750805175,260
2051,2022-12-31,2022,4,0.9755191568398608,400
2051,2023-06-30,2023,2,0.9754538453194372,370
2051,2023-12-31,2023,4,0.9781553865490592,313
2051,2024-06-30,2024,2,0.978159752357796,311
2051,2024-12-31,2024,4,0.9742983032293253,343
2051,2025-06-30,2025,2,0.9781396616002186,355
2051,2025-12-31,2025,4,0.9797758726956788,385
2112,2020-06-30,2020,2,0.924197753710375,87
2112,2020-12-31,2020,4,0.9240476742687656,144
2112,2021-06-30,2021,2,0.931801318549582,128
2112,2021-12-31,2021,4,0.9503178717598775,97
2112,2022-06-30,2022,2,0.9582553302131946,89
2112,2022-12-31,2022,4,0.9655793724759109,89
2112,2023-06-30,2023,2,0.9809999999999864,65
2112,2023-12-31,2023,4,0.978666666666653,58
2112,2024-06-30,2024,2,0.9766666666666532,46
2112,2024-12-31,2024,4,0.9739999999999864,53
2112,2025-06-30,2025,2,0.9693333333333206,49
2112,2025-12-31,2025,4,0.9709999999999872,50
21179,2024-06-30,2024,2,0.9939999999999828,10
21179,2024-12-31,2024,4,0.9903333333333166,16
21179,2025-06-30,2025,2,0.9757676297411884,74
21179,2025-12-31,2025,4,0.9709025641025495,67
21180,2024-06-30,2024,2,0.9939999999999828,10
21180,2024-12-31,2024,4,0.9903333333333166,16
21180,2025-06-30,2025,2,0.9757676297411884,74
21180,2025-12-31,2025,4,0.9709025641025495,67
2125,2020-06-30,2020,2,0.9461863419798702,89
2125,2020-12-31,2020,4,0.9489139562897814,77
2125,2021-06-30,2021,2,0.9509999999999856,70
2125,2021-12-31,2021,4,0.9439999999999861,78
2125,2022-06-30,2022,2,0.9573333333333203,62
2125,2022-12-31,2022,4,0.9583333333333197,62
2125,2023-06-30,2023,2,0.9436666666666532,61
2125,2023-12-31,2023,4,0.9479999999999866,75
2125,2024-06-30,2024,2,0.9229999999999864,75
2125,2024-12-31,2024,4,0.9243333333333192,86
2125,2025-06-30,2025,2,0.9416666666666538,88
2125,2025-12-31,2025,4,0.9616666666666527,57
21382,2024-06-30,2024,2,0.9786666666666525,20
21382,2024-12-31,2024,4,0.9613870124842601,40
21382,2025-06-30,2025,2,0.9478985191823367,81
21382,2025-12-31,2025,4,0.9469999999999874,87
21383,2024-06-30,2024,2,0.9786666666666525,20
21383,2024-12-31,2024,4,0.9613870124842601,40
21383,2025-06-30,2025,2,0.9478985191823367,81
21383,2025-12-31,2025,4,0.9469999999999874,87
21510,2024-06-30,2024,2,0.9793333333333193,20
21510,2024-12-31,2024,4,0.9563333333333197,55
21510,2025-06-30,2025,2,0.9503333333333194,72
21510,2025-12-31,2025,4,0.9689999999999851,56
21511,2024-06-30,2024,2,0.9793333333333193,20
21511,2024-12-31,2024,4,0.9563333333333197,55
21511,2025-06-30,2025,2,0.9503333333333194,72
21511,2025-12-31,2025,4,0.9689999999999851,56
2152,2020-06-30,2020,2,0.9749999999999867,64
2152,2020-12-31,2020,4,0.9788660261542422,94
2152,2021-06-30,2021,2,0.9753333333333196,67
2152,2021-12-31,2021,4,0.9776666666666529,61
2152,2022-06-30,2022,2,0.9516666666666533,68
2152,2022-12-31,2022,4,0.9586666666666527,60
2152,2023-06-30,2023,2,0.9529999999999856,69
2152,2023-12-31,2023,4,0.9559999999999856,61
2152,2024-06-30,2024,2,0.9629999999999846,55
2152,2024-12-31,2024,4,0.9629999999999846,58
2152,2025-06-30,2025,2,0.9723333333333195,54
2152,2025-12-31,2025,4,0.9759999999999855,51
21523,2024-06-30,2024,2,0.9776467821089718,76
21523,2024-12-31,2024,4,0.9776288874973788,62
21523,2025-06-30,2025,2,0.9716666666666536,80
21523,2025-12-31,2025,4,0.971666666666653,73
21528,2024-06-30,2024,2,0.9746666666666542,78
21528,2024-12-31,2024,4,0.9773333333333206,62
21528,2025-06-30,2025,2,0.9699999999999867,83
21528,2025-12-31,2025,4,0.9736666666666535,74
21593,2024-06-30,2024,2,0.9839999999999856,10
21593,2024-12-31,2024,4,0.9569999999999856,35
21593,2025-06-30,2025,2,0.9233283043354701,86
21593,2025-12-31,2025,4,0.9567837821334664,64
21594,2024-06-30,2024,2,0.9839999999999856,10
21594,2024-12-31,2024,4,0.9569999999999856,35
21594,2025-06-30,2025,2,0.9233283043354701,86
21594,2025-12-31,2025,4,0.9567837821334664,64
21626,2025-06-30,2025,2,0.9769999999999862,53
21626,2025-12-31,2025,4,0.9739999999999855,49
21627,2025-06-30,2025,2,0.9769999999999862,53
21627,2025-12-31,2025,4,0.9739999999999855,49
2163,2020-06-30,2020,2,0.9783178009401051,53
2163,2020-12-31,2020,4,0.9827076107899678,50
2163,2021-06-30,2021,2,0.9799999999999855,35
2163,2021-12-31,2021,4,0.9813333333333193,39
2163,2022-06-30,2022,2,0.9756666666666531,54
2163,2022-12-31,2022,4,0.97733333333332,50
2163,2023-06-30,2023,2,0.976333333333319,52
2163,2023-12-31,2023,4,0.9749999999999858,49
2163,2024-06-30,2024,2,0.9679999999999861,52
2163,2024-12-31,2024,4,0.9695560734698269,48
2163,2025-06-30,2025,2,0.9743333333333183,59
2163,2025-12-31,2025,4,0.9739018093398978,66
21792,2024-06-30,2024,2,0.9889999999999849,10
21792,2024-12-31,2024,4,0.9843333333333183,17
21792,2025-06-30,2025,2,0.9759999999999858,48
21792,2025-12-31,2025,4,0.9753333333333193,50
21793,2024-06-30,2024,2,0.9889999999999849,10
21793,2024-12-31,2024,4,0.9843333333333183,17
21793,2025-06-30,2025,2,0.9759999999999858,48
21793,2025-12-31,2025,4,0.9753333333333193,50
22364,2024-06-30,2024,2,0.9923333333333187,10
22364,2024-12-31,2024,4,0.9893333333333189,18
22364,2025-06-30,2025,2,0.9756666666666528,50
22364,2025-12-31,2025,4,0.9635106925061919,85
22365,2024-06-30,2024,2,0.9923333333333187,10
22365,2024-12-31,2024,4,0.9893333333333189,18
22365,2025-06-30,2025,2,0.9756666666666528,50
22365,2025-12-31,2025,4,0.9635106925061919,85
22368,2025-06-30,2025,2,0.9786666666666526,43
22368,2025-12-31,2025,4,0.9620385526599049,73
2244,2020-06-30,2020,2,0.9844588152821445,67
2244,2020-12-31,2020,4,0.9828280711429611,64
2244,2021-06-30,2021,2,0.9873333333333196,55
2244,2021-12-31,2021,4,0.9883333333333195,53
2244,2022-06-30,2022,2,0.9633333333333208,60
2244,2022-12-31,2022,4,0.9559999999999865,69
2244,2023-06-30,2023,2,0.951333333333321,63
2244,2023-12-31,2023,4,0.9529999999999871,61
2244,2024-06-30,2024,2,0.9509999999999864,64
2244,2024-12-31,2024,4,0.9509999999999864,58
2244,2025-06-30,2025,2,0.9473333333333201,70
2244,2025-12-31,2025,4,0.9499999999999872,63
22709,2024-06-30,2024,2,0.9873333333333167,10
22709,2024-12-31,2024,4,0.9782265983562664,41
22709,2025-06-30,2025,2,0.9695778172663848,80
22709,2025-12-31,2025,4,0.9676666666666519,69
22735,2024-06-30,2024,2,0.9896666666666503,10
22735,2024-12-31,2024,4,0.9756778350515308,28
22735,2025-06-30,2025,2,0.9696666666666532,54
22735,2025-12-31,2025,4,0.9676034155597587,52
22740,2024-06-30,2024,2,0.9896666666666502,10
22740,2024-12-31,2024,4,0.9723333333333184,35
22740,2025-06-30,2025,2,0.9689999999999862,54
22740,2025-12-31,2025,4,0.9692713946526141,51
23397,2025-06-30,2025,2,0.9821489733507949,44
23397,2025-12-31,2025,4,0.9846348687915166,45
23398,2025-06-30,2025,2,0.9821489733507949,44
23398,2025-12-31,2025,4,0.9846348687915166,45
23451,2025-06-30,2025,2,0.9723333333333201,52
23451,2025-12-31,2025,4,0.97133333333332,94
23452,2025-06-30,2025,2,0.9723333333333201,52
23452,2025-12-31,2025,4,0.97133333333332,94
2376,2020-06-30,2020,2,0.947126082466023,80
2376,2020-12-31,2020,4,0.9496230142837939,130
2376,2021-06-30,2021,2,0.9563582626574002,150
2376,2021-12-31,2021,4,0.9490557483229096,152
2376,2022-06-30,2022,2,0.9500997612373988,134
2376,2022-12-31,2022,4,0.9604896529289444,81
2376,2023-06-30,2023,2,0.9543333333333192,83
2376,2023-12-31,2023,4,0.9646666666666522,78
2376,2024-06-30,2024,2,0.962666666666653,59
2376,2024-12-31,2024,4,0.9543333333333202,67
2376,2025-06-30,2025,2,0.972999999999985,61
2376,2025-12-31,2025,4,0.9806666666666519,56
24052,2025-06-30,2025,2,0.9836666666666536,20
24052,2025-12-31,2025,4,0.9703539712320064,46
24053,2025-06-30,2025,2,0.9836666666666536,20
24053,2025-12-31,2025,4,0.9703539712320064,46
2420,2020-06-30,2020,2,0.9666538707613421,82
2420,2020-12-31,2020,4,0.9538354114713076,124
2420,2021-06-30,2021,2,0.954885586924207,124
2420,2021-12-31,2021,4,0.9610743099787553,135
2420,2022-06-30,2022,2,0.9704213229434028,181
2420,2022-12-31,2022,4,0.970843985132793,96
2420,2023-06-30,2023,2,0.9599235880398537,128
2420,2023-12-31,2023,4,0.9601161849242842,135
2420,2024-06-30,2024,2,0.9420052576235418,160
2420,2024-12-31,2024,4,0.925749317926485,169
2420,2025-06-30,2025,2,0.911502197968762,187
2420,2025-12-31,2025,4,0.9218122956180383,209
24459,2025-06-30,2025,2,0.9869999999999847,20
24459,2025-12-31,2025,4,0.9699999999999857,48
24460,2025-06-30,2025,2,0.9869999999999847,20
24460,2025-12-31,2025,4,0.9699999999999857,48
2450,2020-06-30,2020,2,0.9626666666666528,67
2450,2020-12-31,2020,4,0.9604113909688995,93
2450,2021-06-30,2021,2,0.9571863303498628,164
2450,2021-12-31,2021,4,0.964666666666652,156
2450,2022-06-30,2022,2,0.9783715426539453,109
2450,2022-12-31,2022,4,0.9806666666666521,81
2450,2023-06-30,2023,2,0.9763333333333191,73
2450,2023-12-31,2023,4,0.9838454882570936,111
2450,2024-06-30,2024,2,0.9618552456839171,129
2450,2024-12-31,2024,4,0.9720940034569729,92
2450,2025-06-30,2025,2,0.9688239954725392,98
2450,2025-12-31,2025,4,0.9581688055281207,123
2451,2020-06-30,2020,2,0.9626666666666528,67
2451,2020-12-31,2020,4,0.9604113909688995,93
2451,2021-06-30,2021,2,0.9571863303498628,164
2451,2021-12-31,2021,4,0.964666666666652,156
2451,2022-06-30,2022,2,0.9783715426539453,109
2451,2022-12-31,2022,4,0.9806666666666521,81
2451,2023-06-30,2023,2,0.9763333333333191,73
2451,2023-12-31,2023,4,0.9838454882570936,111
2451,2024-06-30,2024,2,0.9618552456839171,129
2451,2024-12-31,2024,4,0.9720940034569729,92
2451,2025-06-30,2025,2,0.9688239954725392,98
2451,2025-12-31,2025,4,0.9581688055281207,123
24592,2025-06-30,2025,2,0.9843333333333193,20
24592,2025-12-31,2025,4,0.9679999999999855,40
24593,2025-06-30,2025,2,0.9843333333333193,20
24593,2025-12-31,2025,4,0.9679999999999855,40
2910,2020-06-30,2020,2,0.9761721805885433,78
2910,2020-12-31,2020,4,0.9758784984383858,118
2910,2021-06-30,2021,2,0.9762177407820449,132
2910,2021-12-31,2021,4,0.9816191113888499,136
2910,2022-06-30,2022,2,0.9848970331587992,99
2910,2022-12-31,2022,4,0.986808024572841,121
2910,2023-06-30,2023,2,0.9856666666666529,133
2910,2023-12-31,2023,4,0.9858918918918783,134
2910,2024-06-30,2024,2,0.9825763895158,95
2910,2024-12-31,2024,4,0.9810898615601297,89
2910,2025-06-30,2025,2,0.9742014388489069,114
2910,2025-12-31,2025,4,0.9702186741577181,107
3857,2020-06-30,2020,2,0.9536666666666545,70
3857,2020-12-31,2020,4,0.9675698893512564,60
3857,2021-06-30,2021,2,0.9589999999999865,54
3857,2021-12-31,2021,4,0.9618880180500994,76
3857,2022-06-30,2022,2,0.958858868184941,107
3857,2022-12-31,2022,4,0.9718821319978399,103
3857,2023-06-30,2023,2,0.9621300309597374,129
3857,2023-12-31,2023,4,0.9722871140691287,143
3857,2024-06-30,2024,2,0.9629498470334374,68
3857,2024-12-31,2024,4,0.9668549393162664,64
3857,2025-06-30,2025,2,0.9679528235127478,81
3857,2025-12-31,2025,4,0.9728970345963622,81
3858,2020-06-30,2020,2,0.9536666666666545,70
3858,2020-12-31,2020,4,0.9675698893512564,60
3858,2021-06-30,2021,2,0.9589999999999865,54
3858,2021-12-31,2021,4,0.9618880180500994,76
3858,2022-06-30,2022,2,0.958858868184941,107
3858,2022-12-31,2022,4,0.9718821319978399,103
3858,2023-06-30,2023,2,0.9621300309597374,129
3858,2023-12-31,2023,4,0.9722871140691287,143
3858,2024-06-30,2024,2,0.9629498470334374,68
3858,2024-12-31,2024,4,0.9668549393162664,64
3858,2025-06-30,2025,2,0.9679528235127478,81
3858,2025-12-31,2025,4,0.9728970345963622,81
390,2020-06-30,2020,2,0.9374022555341406,122
390,2020-12-31,2020,4,0.95246495610691,161
390,2021-06-30,2021,2,0.9474833847207806,165
390,2021-12-31,2021,4,0.9440978938698535,178
390,2022-06-30,2022,2,0.9460219685175439,152
390,2022-12-31,2022,4,0.9314110003021928,188
390,2023-06-30,2023,2,0.8883634573734883,352
390,2023-12-31,2023,4,0.8933368035473185,414
390,2024-06-30,2024,2,0.8752876891907895,436
390,2024-12-31,2024,4,0.8784553784718406,256
390,2025-06-30,2025,2,0.9349999999999865,122
390,2025-12-31,2025,4,0.9529999999999869,76
3961,2020-06-30,2020,2,0.9647411302762443,78
3961,2020-12-31,2020,4,0.9679067707913864,125
3961,2021-06-30,2021,2,0.9618710935259909,143
3961,2021-12-31,2021,4,0.9642161844271797,186
3961,2022-06-30,2022,2,0.961436935264252,123
3961,2022-12-31,2022,4,0.9685997188190271,110
3961,2023-06-30,2023,2,0.9686973147757497,145
3961,2023-12-31,2023,4,0.9688203700377093,149
3961,2024-06-30,2024,2,0.9543333333333202,104
3961,2024-12-31,2024,4,0.9489223361292194,101
3961,2025-06-30,2025,2,0.9415981453565261,121
3961,2025-12-31,2025,4,0.9365986625864091,121
3962,2020-06-30,2020,2,0.9647411302762443,78
3962,2020-12-31,2020,4,0.9679067707913864,125
3962,2021-06-30,2021,2,0.9618710935259909,143
3962,2021-12-31,2021,4,0.9642161844271797,186
3962,2022-06-30,2022,2,0.961436935264252,123
3962,2022-12-31,2022,4,0.9685997188190271,110
3962,2023-06-30,2023,2,0.9686973147757497,145
3962,2023-12-31,2023,4,0.9688203700377093,149
3962,2024-06-30,2024,2,0.9543333333333202,104
3962,2024-12-31,2024,4,0.9489223361292194,101
3962,2025-06-30,2025,2,0.9415981453565261,121
3962,2025-12-31,2025,4,0.9365986625864091,121
404,2020-06-30,2020,2,0.9556925088447792,87
404,2020-12-31,2020,4,0.961248139944326,115
404,2021-06-30,2021,2,0.9715400602887367,123
404,2021-12-31,2021,4,0.9663769314417074,137
404,2022-06-30,2022,2,0.9640503077902642,96
404,2022-12-31,2022,4,0.9581414315870131,120
404,2023-06-30,2023,2,0.9493936603395213,164
404,2023-12-31,2023,4,0.9360246120920155,257
404,2024-06-30,2024,2,0.9362425645214831,145
404,2024-12-31,2024,4,0.917322851153026,161
404,2025-06-30,2025,2,0.9191745422563238,178
404,2025-12-31,2025,4,0.9267268339004379,162
4320,2020-06-30,2020,2,0.9585911413969201,56
4320,2020-12-31,2020,4,0.9536110616844469,66
4320,2021-06-30,2021,2,0.9666666666666524,56
4320,2021-12-31,2021,4,0.9619999999999861,54
4320,2022-06-30,2022,2,0.9796666666666524,51
4320,2022-12-31,2022,4,0.9726666666666529,53
4320,2023-06-30,2023,2,0.9769999999999865,48
4320,2023-12-31,2023,4,0.9749999999999864,51
4320,2024-06-30,2024,2,0.9649999999999865,49
4320,2024-12-31,2024,4,0.9579999999999865,53
4320,2025-06-30,2025,2,0.9706666666666526,51
4320,2025-12-31,2025,4,0.9723333333333194,42
501026,2020-06-30,2020,2,0.9466558775561273,92
501026,2020-12-31,2020,4,0.9457963111467379,117
501026,2021-06-30,2021,2,0.9509923587202821,126
501026,2021-12-31,2021,4,0.9574569282725804,135
501026,2022-06-30,2022,2,0.9537056672272367,103
501026,2022-12-31,2022,4,0.9571724709784275,90
501026,2023-06-30,2023,2,0.9656088006568959,93
501026,2023-12-31,2023,4,0.9635551782682372,82
501026,2024-06-30,2024,2,0.9603720316622558,75
501026,2024-12-31,2024,4,0.9622741528340724,81
501026,2025-06-30,2025,2,0.9611333333333208,84
501026,2025-12-31,2025,4,0.9683981033481589,91
501082,2020-06-30,2020,2,0.9625299055613721,92
501082,2020-12-31,2020,4,0.9496161655002561,134
501082,2021-06-30,2021,2,0.9247332703014897,199
501082,2021-12-31,2021,4,0.9085766062602844,212
501082,2022-06-30,2022,2,0.9290766961651791,173
501082,2022-12-31,2022,4,0.9399330879892814,167
501082,2023-06-30,2023,2,0.9445280648094432,178
501082,2023-12-31,2023,4,0.9217310972143143,256
501082,2024-06-30,2024,2,0.9342626569604312,108
501082,2024-12-31,2024,4,0.934941720960621,104
501082,2025-06-30,2025,2,0.949237124924757,117
501082,2025-12-31,2025,4,0.9480760689817965,122
5119,2020-06-30,2020,2,0.9690952380952245,68
5119,2020-12-31,2020,4,0.9510976013233947,114
5119,2021-06-30,2021,2,0.9622094192958263,122
5119,2021-12-31,2021,4,0.9638060197470508,110
5119,2022-06-30,2022,2,0.9789999999999862,65
5119,2022-12-31,2022,4,0.9604914648669973,86
5119,2023-06-30,2023,2,0.9633333333333197,65
5119,2023-12-31,2023,4,0.9579999999999864,70
5119,2024-06-30,2024,2,0.9451602860748705,90
5119,2024-12-31,2024,4,0.9372872416250754,100
5119,2025-06-30,2025,2,0.968020671834611,106
5119,2025-12-31,2025,4,0.9712790270766252,95
519172,2020-06-30,2020,2,0.9701174127920791,54
519172,2020-12-31,2020,4,0.9513333333333199,66
519172,2021-06-30,2021,2,0.9457300358231405,89
519172,2021-12-31,2021,4,0.9496698641087001,82
519172,2022-06-30,2022,2,0.9473333333333197,95
519172,2022-12-31,2022,4,0.9523333333333193,81
519172,2023-06-30,2023,2,0.9396980676328373,92
519172,2023-12-31,2023,4,0.94333333333332,83
519172,2024-06-30,2024,2,0.9386666666666534,62
519172,2024-12-31,2024,4,0.9466666666666529,60
519172,2025-06-30,2025,2,0.939666666666653,64
519172,2025-12-31,2025,4,0.9466666666666531,60
519173,2020-06-30,2020,2,0.9701174127920791,54
519173,2020-12-31,2020,4,0.9513333333333199,66
519173,2021-06-30,2021,2,0.9457300358231405,89
519173,2021-12-31,2021,4,0.9496698641087001,82
519173,2022-06-30,2022,2,0.9473333333333197,95
519173,2022-12-31,2022,4,0.9523333333333193,81
519173,2023-06-30,2023,2,0.9396980676328373,92
519173,2023-12-31,2023,4,0.94333333333332,83
519173,2024-06-30,2024,2,0.9386666666666534,62
519173,2024-12-31,2024,4,0.9466666666666529,60
519173,2025-06-30,2025,2,0.939666666666653,64
519173,2025-12-31,2025,4,0.9466666666666531,60
519770,2020-06-30,2020,2,0.9488272604588255,77
519770,2020-12-31,2020,4,0.9295346672870972,132
519770,2021-06-30,2021,2,0.9378620238678951,140
519770,2021-12-31,2021,4,0.9363333333333194,150
519770,2022-06-30,2022,2,0.9163333333333208,136
519770,2022-12-31,2022,4,0.9302328346758594,132
519770,2023-06-30,2023,2,0.9223333333333205,113
519770,2023-12-31,2023,4,0.9429999999999854,70
519770,2024-06-30,2024,2,0.9329941520467698,79
519770,2024-12-31,2024,4,0.9403943179034896,100
519770,2025-06-30,2025,2,0.953666666666654,83
519770,2025-12-31,2025,4,0.9358803080618818,106
519771,2020-06-30,2020,2,0.9488272604588255,77
519771,2020-12-31,2020,4,0.9295346672870972,132
519771,2021-06-30,2021,2,0.9378620238678951,140
519771,2021-12-31,2021,4,0.9363333333333194,150
519771,2022-06-30,2022,2,0.9163333333333208,136
519771,2022-12-31,2022,4,0.9302328346758594,132
519771,2023-06-30,2023,2,0.9223333333333205,113
519771,2023-12-31,2023,4,0.9429999999999854,70
519771,2024-06-30,2024,2,0.9329941520467698,79
519771,2024-12-31,2024,4,0.9403943179034896,100
519771,2025-06-30,2025,2,0.953666666666654,83
519771,2025-12-31,2025,4,0.9358803080618818,106
519773,2020-06-30,2020,2,0.9616666666666537,93
519773,2020-12-31,2020,4,0.9511100950157146,126
519773,2021-06-30,2021,2,0.9587289002557424,137
519773,2021-12-31,2021,4,0.9561950235373124,150
519773,2022-06-30,2022,2,0.9537510521549076,133
519773,2022-12-31,2022,4,0.9659163005998632,163
519773,2023-06-30,2023,2,0.9766666666666509,152
519773,2023-12-31,2023,4,0.9664596701855923,175
519773,2024-06-30,2024,2,0.9588612836438779,102
519773,2024-12-31,2024,4,0.9536469664988764,84
519773,2025-06-30,2025,2,0.9635581867986077,81
519773,2025-12-31,2025,4,0.9695966850828595,96
5550,2020-06-30,2020,2,0.938707607043877,106
5550,2020-12-31,2020,4,0.9258418079095906,175
5550,2021-06-30,2021,2,0.9186745463434144,213
5550,2021-12-31,2021,4,0.8473390839126709,239
5550,2022-06-30,2022,2,0.8383160066006495,241
5550,2022-12-31,2022,4,0.8108607403199738,239
5550,2023-06-30,2023,2,0.9654025054782955,58
5550,2023-12-31,2023,4,0.9589999999999861,60
5550,2024-06-30,2024,2,0.96233333333332,51
5550,2024-12-31,2024,4,0.9566666666666531,64
5550,2025-06-30,2025,2,0.9673333333333202,52
5550,2025-12-31,2025,4,0.9536666666666539,62
5551,2020-06-30,2020,2,0.938707607043877,106
5551,2020-12-31,2020,4,0.9258418079095906,175
5551,2021-06-30,2021,2,0.9186745463434144,213
5551,2021-12-31,2021,4,0.8473390839126709,239
5551,2022-06-30,2022,2,0.8383160066006495,241
5551,2022-12-31,2022,4,0.8108607403199738,239
5551,2023-06-30,2023,2,0.9654025054782955,58
5551,2023-12-31,2023,4,0.9589999999999861,60
5551,2024-06-30,2024,2,0.96233333333332,51
5551,2024-12-31,2024,4,0.9566666666666531,64
5551,2025-06-30,2025,2,0.9673333333333202,52
5551,2025-12-31,2025,4,0.9536666666666539,62
5775,2020-06-30,2020,2,0.9513932184850834,84
5775,2020-12-31,2020,4,0.9660489378496038,70
5775,2021-06-30,2021,2,0.979877024868796,75
5775,2021-12-31,2021,4,0.9694378170589383,94
5775,2022-06-30,2022,2,0.9602975554931006,101
5775,2022-12-31,2022,4,0.9729999999999847,81
5775,2023-06-30,2023,2,0.9576666666666527,55
5775,2023-12-31,2023,4,0.9589999999999846,56
5775,2024-06-30,2024,2,0.9453333333333196,63
5775,2024-12-31,2024,4,0.9486666666666536,66
5775,2025-06-30,2025,2,0.9616666666666527,56
5775,2025-12-31,2025,4,0.9639999999999855,54
5776,2020-06-30,2020,2,0.9513932184850834,84
5776,2020-12-31,2020,4,0.9660489378496038,70
5776,2021-06-30,2021,2,0.979877024868796,75
5776,2021-12-31,2021,4,0.9694378170589383,94
5776,2022-06-30,2022,2,0.9602975554931006,101
5776,2022-12-31,2022,4,0.9729999999999847,81
5776,2023-06-30,2023,2,0.9576666666666527,55
5776,2023-12-31,2023,4,0.9589999999999846,56
5776,2024-06-30,2024,2,0.9453333333333196,63
5776,2024-12-31,2024,4,0.9486666666666536,66
5776,2025-06-30,2025,2,0.9616666666666527,56
5776,2025-12-31,2025,4,0.9639999999999855,54
5903,2020-06-30,2020,2,0.9760963729293543,55
5903,2020-12-31,2020,4,0.9782816251154072,46
5903,2021-06-30,2021,2,0.9615964154610097,48
5903,2021-12-31,2021,4,0.9341542994910136,118
5903,2022-06-30,2022,2,0.9660706401765873,79
5903,2022-12-31,2022,4,0.9550192728865396,93
5903,2023-06-30,2023,2,0.9617192982455994,145
5903,2023-12-31,2023,4,0.9535056784219826,114
5903,2024-06-30,2024,2,0.9629999999999866,63
5903,2024-12-31,2024,4,0.9619999999999862,65
5903,2025-06-30,2025,2,0.964666666666653,76
5903,2025-12-31,2025,4,0.9733333333333195,52
720001,2020-06-30,2020,2,0.971925003749799,63
720001,2020-12-31,2020,4,0.9626005597055901,86
720001,2021-06-30,2021,2,0.969506641062557,130
720001,2021-12-31,2021,4,0.976891692840883,126
720001,2022-06-30,2022,2,0.98525847743093,79
720001,2022-12-31,2022,4,0.9849304202616044,104
720001,2023-06-30,2023,2,0.9833333333333194,140
720001,2023-12-31,2023,4,0.9849341455383465,158
720001,2024-06-30,2024,2,0.9724669509594753,86
720001,2024-12-31,2024,4,0.9724562262098838,72
720001,2025-06-30,2025,2,0.9716666666666536,80
720001,2025-12-31,2025,4,0.971666666666653,73
7305,2020-06-30,2020,2,0.9268894070619457,101
7305,2020-12-31,2020,4,0.9216835086271952,137
7305,2021-06-30,2021,2,0.9182801871513285,148
7305,2021-12-31,2021,4,0.9426666666666534,148
7305,2022-06-30,2022,2,0.9456706507303994,127
7305,2022-12-31,2022,4,0.9498534476441568,105
7305,2023-06-30,2023,2,0.9531866666666524,119
7305,2023-12-31,2023,4,0.9536666666666523,74
7305,2024-06-30,2024,2,0.9466666666666521,70
7305,2024-12-31,2024,4,0.9399999999999862,69
7305,2025-06-30,2025,2,0.9453333333333196,69
7305,2025-12-31,2025,4,0.9459999999999855,64
740001,2020-06-30,2020,2,0.9479999999999862,70
740001,2020-12-31,2020,4,0.95333333333332,52
740001,2021-06-30,2021,2,0.9473333333333199,54
740001,2021-12-31,2021,4,0.950666666666653,54
740001,2022-06-30,2022,2,0.9729999999999868,53
740001,2022-12-31,2022,4,0.973999999999987,47
740001,2023-06-30,2023,2,0.9653333333333195,56
740001,2023-12-31,2023,4,0.9679999999999855,50
740001,2024-06-30,2024,2,0.9433333333333199,52
740001,2024-12-31,2024,4,0.9519999999999865,52
740001,2025-06-30,2025,2,0.95233333333332,75
740001,2025-12-31,2025,4,0.9596666666666531,54
742,2020-06-30,2020,2,0.9415676855895059,115
742,2020-12-31,2020,4,0.9472434446462529,123
742,2021-06-30,2021,2,0.9407495172661415,170
742,2021-12-31,2021,4,0.9462037721174277,158
742,2022-06-30,2022,2,0.9542695162656167,117
742,2022-12-31,2022,4,0.964933532735113,104
742,2023-06-30,2023,2,0.9693152827918011,102
742,2023-12-31,2023,4,0.9738565920091722,105
742,2024-06-30,2024,2,0.9628477466504115,84
742,2024-12-31,2024,4,0.9662587601078021,81
742,2025-06-30,2025,2,0.9638530492284952,141
742,2025-12-31,2025,4,0.9691366571606375,87
7639,2020-06-30,2020,2,0.974606211696257,70
7639,2020-12-31,2020,4,0.9638297998811031,118
7639,2021-06-30,2021,2,0.9788949294003173,162
7639,2021-12-31,2021,4,0.964963053187156,290
7639,2022-06-30,2022,2,0.9729586902118226,325
7639,2022-12-31,2022,4,0.9724825160355751,371
7639,2023-06-30,2023,2,0.9820234799972308,127
7639,2023-12-31,2023,4,0.9769999999999853,50
7639,2024-06-30,2024,2,0.9793333333333184,47
7639,2024-12-31,2024,4,0.9786666666666519,44
7639,2025-06-30,2025,2,0.9696666666666516,49
7639,2025-12-31,2025,4,0.9746666666666516,46
8185,2020-06-30,2020,2,0.985999999999989,20
8185,2020-12-31,2020,4,0.9763289500719007,79
8185,2021-06-30,2021,2,0.9643720813262767,130
8185,2021-12-31,2021,4,0.9739082969432165,138
8185,2022-06-30,2022,2,0.9732087416394302,142
8185,2022-12-31,2022,4,0.9733966988685198,131
8185,2023-06-30,2023,2,0.976364094610301,182
8185,2023-12-31,2023,4,0.9771512367237866,179
8185,2024-06-30,2024,2,0.9792420729996202,137
8185,2024-12-31,2024,4,0.9779385250620858,103
8185,2025-06-30,2025,2,0.9729999999999859,62
8185,2025-12-31,2025,4,0.977933523898144,76
823,2020-06-30,2020,2,0.9571843393148314,74
823,2020-12-31,2020,4,0.9536478598877114,104
823,2021-06-30,2021,2,0.9568813413400354,107
823,2021-12-31,2021,4,0.952666666666653,107
823,2022-06-30,2022,2,0.95533333333332,59
823,2022-12-31,2022,4,0.9527809997238201,71
823,2023-06-30,2023,2,0.9566666666666529,58
823,2023-12-31,2023,4,0.947666666666654,79
823,2024-06-30,2024,2,0.9529999999999851,55
823,2024-12-31,2024,4,0.9606666666666516,54
823,2025-06-30,2025,2,0.9559999999999859,68
823,2025-12-31,2025,4,0.955439411155707,82
845,2020-06-30,2020,2,0.9650435342606776,72
845,2020-12-31,2020,4,0.9659061297287023,69
845,2021-06-30,2021,2,0.9533333333333192,67
845,2021-12-31,2021,4,0.9553333333333188,63
845,2022-06-30,2022,2,0.9719999999999867,62
845,2022-12-31,2022,4,0.970333333333319,63
845,2023-06-30,2023,2,0.9543333333333198,69
845,2023-12-31,2023,4,0.971999999999986,62
845,2024-06-30,2024,2,0.9749999999999863,51
845,2024-12-31,2024,4,0.9669999999999861,72
845,2025-06-30,2025,2,0.9599999999999865,67
845,2025-12-31,2025,4,0.9569999999999865,55
8528,2020-06-30,2020,2,0.971346538615432,64
8528,2020-12-31,2020,4,0.9666933848992552,92
8528,2021-06-30,2021,2,0.9617002683020177,131
8528,2021-12-31,2021,4,0.9532095094085878,228
8528,2022-06-30,2022,2,0.9617600262984741,210
8528,2022-12-31,2022,4,0.9740548757878985,115
8528,2023-06-30,2023,2,0.9588392521932202,156
8528,2023-12-31,2023,4,0.9595509015352905,143
8528,2024-06-30,2024,2,0.9499398279078023,75
8528,2024-12-31,2024,4,0.9430364627384502,104
8528,2025-06-30,2025,2,0.9665022512032161,101
8528,2025-12-31,2025,4,0.9656430558382391,104
8555,2020-06-30,2020,2,0.9786666666666531,20
8555,2020-12-31,2020,4,0.9680620309679729,202
8555,2021-06-30,2021,2,0.9516302706893666,217
8555,2021-12-31,2021,4,0.9651989185013375,283
8555,2022-06-30,2022,2,0.9583822121082698,294
8555,2022-12-31,2022,4,0.9543333333333198,64
8555,2023-06-30,2023,2,0.9678328458002373,94
8555,2023-12-31,2023,4,0.9623333333333205,93
8555,2024-06-30,2024,2,0.9483339163265736,101
8555,2024-12-31,2024,4,0.9513333333333196,70
8555,2025-06-30,2025,2,0.9599999999999868,72
8555,2025-12-31,2025,4,0.9616666666666532,59
8734,2020-06-30,2020,2,0.9621778606965036,93
8734,2020-12-31,2020,4,0.9499921894683667,126
8734,2021-06-30,2021,2,0.9573325393044175,137
8734,2021-12-31,2021,4,0.9547014458772823,128
8734,2022-06-30,2022,2,0.9519713717434416,118
8734,2022-12-31,2022,4,0.942765364518524,166
8734,2023-06-30,2023,2,0.9512441632775896,198
8734,2023-12-31,2023,4,0.951779160186611,226
8734,2024-06-30,2024,2,0.9413417935702052,194
8734,2024-12-31,2024,4,0.9536524761077186,93
8734,2025-06-30,2025,2,0.9628547269198644,86
8734,2025-12-31,2025,4,0.9691628448839117,93
8988,2020-06-30,2020,2,0.9668015267175436,72
8988,2020-12-31,2020,4,0.9677677076954335,182
8988,2021-06-30,2021,2,0.9551492124623374,383
8988,2021-12-31,2021,4,0.9503006040933926,523
8988,2022-06-30,2022,2,0.9619999999999853,126
8988,2022-12-31,2022,4,0.9640525580931334,161
8988,2023-06-30,2023,2,0.9624030231127387,162
8988,2023-12-31,2023,4,0.9631747290510054,191
8988,2024-06-30,2024,2,0.966937405044046,94
8988,2024-12-31,2024,4,0.9668861112692765,67
8988,2025-06-30,2025,2,0.9708879175072711,67
8988,2025-12-31,2025,4,0.9615617843970001,111
8989,2020-06-30,2020,2,0.9668015267175436,72
8989,2020-12-31,2020,4,0.9677677076954335,182
8989,2021-06-30,2021,2,0.9551492124623374,383
8989,2021-12-31,2021,4,0.9503006040933926,523
8989,2022-06-30,2022,2,0.9619999999999853,126
8989,2022-12-31,2022,4,0.9640525580931334,161
8989,2023-06-30,2023,2,0.9624030231127387,162
8989,2023-12-31,2023,4,0.9631747290510054,191
8989,2024-06-30,2024,2,0.966937405044046,94
8989,2024-12-31,2024,4,0.9668861112692765,67
8989,2025-06-30,2025,2,0.9708879175072711,67
8989,2025-12-31,2025,4,0.9615617843970001,111
9049,2020-06-30,2020,2,0.9679999999999863,59
9049,2020-12-31,2020,4,0.9674586090280702,131
9049,2021-06-30,2021,2,0.9632048920722955,140
9049,2021-12-31,2021,4,0.9666290177999608,137
9049,2022-06-30,2022,2,0.9738666977756926,111
9049,2022-12-31,2022,4,0.9567066803549057,150
9049,2023-06-30,2023,2,0.9542524075422716,154
9049,2023-12-31,2023,4,0.9566646075033781,161
9049,2024-06-30,2024,2,0.9557387548999928,109
9049,2024-12-31,2024,4,0.9576666666666535,112
9049,2025-06-30,2025,2,0.9526666666666538,115
9049,2025-12-31,2025,4,0.9472708528584689,132
9062,2020-06-30,2020,2,0.9720130258381249,55
9062,2020-12-31,2020,4,0.9633826605676242,96
9062,2021-06-30,2021,2,0.9702939305174835,142
9062,2021-12-31,2021,4,0.9746666666666525,129
9062,2022-06-30,2022,2,0.9841198102016452,82
9062,2022-12-31,2022,4,0.9806056612981788,107
9062,2023-06-30,2023,2,0.9793671399189141,142
9062,2023-12-31,2023,4,0.979550421389117,159
9062,2024-06-30,2024,2,0.9686666666666535,82
9062,2024-12-31,2024,4,0.9685604531775401,73
9062,2025-06-30,2025,2,0.9661993987826704,83
9062,2025-12-31,2025,4,0.9649315951052748,93
9063,2020-06-30,2020,2,0.9720130258381249,55
9063,2020-12-31,2020,4,0.9633826605676242,96
9063,2021-06-30,2021,2,0.9702939305174835,142
9063,2021-12-31,2021,4,0.9746666666666525,129
9063,2022-06-30,2022,2,0.9841198102016452,82
9063,2022-12-31,2022,4,0.9806056612981788,107
9063,2023-06-30,2023,2,0.9793671399189141,142
9063,2023-12-31,2023,4,0.979550421389117,159
9063,2024-06-30,2024,2,0.9686666666666535,82
9063,2024-12-31,2024,4,0.9685604531775401,73
9063,2025-06-30,2025,2,0.9661993987826704,83
9063,2025-12-31,2025,4,0.9649315951052748,93
9242,2020-06-30,2020,2,0.9923333333333192,20
9242,2020-12-31,2020,4,0.9853834072954882,59
9242,2021-06-30,2021,2,0.9866666666666515,82
9242,2021-12-31,2021,4,0.9756343992078601,87
9242,2022-06-30,2022,2,0.9733333333333176,73
9242,2022-12-31,2022,4,0.9740738874894899,70
9242,2023-06-30,2023,2,0.9579999999999861,69
9242,2023-12-31,2023,4,0.9613333333333195,58
9242,2024-06-30,2024,2,0.9609999999999869,62
9242,2024-12-31,2024,4,0.9600673259414513,67
9242,2025-06-30,2025,2,0.968999999999986,57
9242,2025-12-31,2025,4,0.9699999999999861,53
9243,2020-06-30,2020,2,0.9923333333333192,20
9243,2020-12-31,2020,4,0.9853834072954882,59
9243,2021-06-30,2021,2,0.9866666666666515,82
9243,2021-12-31,2021,4,0.9756343992078601,87
9243,2022-06-30,2022,2,0.9733333333333176,73
9243,2022-12-31,2022,4,0.9740738874894899,70
9243,2023-06-30,2023,2,0.9579999999999861,69
9243,2023-12-31,2023,4,0.9613333333333195,58
9243,2024-06-30,2024,2,0.9609999999999869,62
9243,2024-12-31,2024,4,0.9600673259414513,67
9243,2025-06-30,2025,2,0.968999999999986,57
9243,2025-12-31,2025,4,0.9699999999999861,53
959991,2020-06-30,2020,2,0.9596612520471802,53
959991,2020-12-31,2020,4,0.9630728824251941,88
959991,2021-06-30,2021,2,0.9567544621321603,131
959991,2021-12-31,2021,4,0.94119765732762,146
959991,2022-06-30,2022,2,0.9588089601738145,120
959991,2022-12-31,2022,4,0.948709217795857,116
959991,2023-06-30,2023,2,0.9529334616441988,122
959991,2023-12-31,2023,4,0.9454201065246203,153
959991,2024-06-30,2024,2,0.9419273572569969,80
959991,2024-12-31,2024,4,0.9232697888203893,101
959991,2025-06-30,2025,2,0.9430255816198365,81
959991,2025-12-31,2025,4,0.9487393570807878,93
9707,2020-06-30,2020,2,0.9933333333333183,10
9707,2020-12-31,2020,4,0.9658870694522729,61
9707,2021-06-30,2021,2,0.9398738640494235,130
9707,2021-12-31,2021,4,0.9190811971864103,234
9707,2022-06-30,2022,2,0.9284635916100761,170
9707,2022-12-31,2022,4,0.9434819897083898,169
9707,2023-06-30,2023,2,0.9454713927774958,200
9707,2023-12-31,2023,4,0.9356934748588008,191
9707,2024-06-30,2024,2,0.9371043423929893,112
9707,2024-12-31,2024,4,0.94667598922725,118
9707,2025-06-30,2025,2,0.9620603874982182,160
9707,2025-12-31,2025,4,0.9634436586515657,114
9708,2020-06-30,2020,2,0.9933333333333183,10
9708,2020-12-31,2020,4,0.9658870694522729,61
9708,2021-06-30,2021,2,0.9398738640494235,130
9708,2021-12-31,2021,4,0.9190811971864103,234
9708,2022-06-30,2022,2,0.9284635916100761,170
9708,2022-12-31,2022,4,0.9434819897083898,169
9708,2023-06-30,2023,2,0.9454713927774958,200
9708,2023-12-31,2023,4,0.9356934748588008,191
9708,2024-06-30,2024,2,0.9371043423929893,112
9708,2024-12-31,2024,4,0.94667598922725,118
9708,2025-06-30,2025,2,0.9620603874982182,160
9708,2025-12-31,2025,4,0.9634436586515657,114
9808,2020-06-30,2020,2,0.9876666666666528,20
9808,2020-12-31,2020,4,0.9778368412465187,78
9808,2021-06-30,2021,2,0.9735885088010483,128
9808,2021-12-31,2021,4,0.9724436054367558,127
9808,2022-06-30,2022,2,0.9614295115874447,99
9808,2022-12-31,2022,4,0.9556905366095064,123
9808,2023-06-30,2023,2,0.9633690910051088,152
9808,2023-12-31,2023,4,0.9586666666666519,166
9808,2024-06-30,2024,2,0.965934569501199,142
9808,2024-12-31,2024,4,0.9593547866763313,110
9808,2025-06-30,2025,2,0.9676666666666531,106
9808,2025-12-31,2025,4,0.96433333333332,106
9855,2020-06-30,2020,2,0.9839999999999876,10
9855,2020-12-31,2020,4,0.9425169491525291,62
9855,2021-06-30,2021,2,0.9477379191823129,137
9855,2021-12-31,2021,4,0.9369999999999873,107
9855,2022-06-30,2022,2,0.9473333333333197,89
9855,2022-12-31,2022,4,0.9410141843971498,85
9855,2023-06-30,2023,2,0.9623333333333194,62
9855,2023-12-31,2023,4,0.9626666666666535,65
9855,2024-06-30,2024,2,0.9596666666666535,63
9855,2024-12-31,2024,4,0.9663333333333198,72
9855,2025-06-30,2025,2,0.9719999999999865,59
9855,2025-12-31,2025,4,0.9693333333333198,55
9856,2020-06-30,2020,2,0.9839999999999876,10
9856,2020-12-31,2020,4,0.9425169491525291,62
9856,2021-06-30,2021,2,0.9477379191823129,137
9856,2021-12-31,2021,4,0.9369999999999873,107
9856,2022-06-30,2022,2,0.9473333333333197,89
9856,2022-12-31,2022,4,0.9410141843971498,85
9856,2023-06-30,2023,2,0.9623333333333194,62
9856,2023-12-31,2023,4,0.9626666666666535,65
9856,2024-06-30,2024,2,0.9596666666666535,63
9856,2024-12-31,2024,4,0.9663333333333198,72
9856,2025-06-30,2025,2,0.9719999999999865,59
9856,2025-12-31,2025,4,0.9693333333333198,55
9913,2020-06-30,2020,2,0.985666666666654,10
9913,2020-12-31,2020,4,0.9571315577078172,57
9913,2021-06-30,2021,2,0.958935370900976,132
9913,2021-12-31,2021,4,0.9289435457246505,183
9913,2022-06-30,2022,2,0.9486666666666536,98
9913,2022-12-31,2022,4,0.9501300420355832,71
9913,2023-06-30,2023,2,0.9396007340497866,80
9913,2023-12-31,2023,4,0.9483333333333183,59
9913,2024-06-30,2024,2,0.9532654170062348,62
9913,2024-12-31,2024,4,0.9457305308542041,90
9913,2025-06-30,2025,2,0.9644174933254812,74
9913,2025-12-31,2025,4,0.9670089197224834,81
9993,2020-06-30,2020,2,0.991333333333319,10
9993,2020-12-31,2020,4,0.9787944240856368,55
9993,2021-06-30,2021,2,0.9695402135903849,190
9993,2021-12-31,2021,4,0.961362366776907,172
9993,2022-06-30,2022,2,0.957878627302534,242
9993,2022-12-31,2022,4,0.9513039973127188,207
9993,2023-06-30,2023,2,0.9563507890240085,229
9993,2023-12-31,2023,4,0.9699161342131754,275
9993,2024-06-30,2024,2,0.9721855038275509,264
9993,2024-12-31,2024,4,0.9668304813492412,72
9993,2025-06-30,2025,2,0.9608322864000681,94
9993,2025-12-31,2025,4,0.9691353170385975,99
