序号,stock_code,stock_name,hold_ratio,hold_shares,hold_value,report_period,fund_code,year
1,00700,腾讯控股,9.88,265.5,92231.71,2020年1季度股票投资明细,005827,2020
2,600519,贵州茅台,9.82,82.49,91650.72,2020年1季度股票投资明细,005827,2020
3,000568,泸州老窖,9.55,1210.33,89140.82,2020年1季度股票投资明细,005827,2020
4,000858,五粮液,9.54,773.35,89089.83,2020年1季度股票投资明细,005827,2020
5,01177,中国生物制药,9.07,9070.5,84700.46,2020年1季度股票投资明细,005827,2020
6,00388,香港交易所,8.53,372.6,79595.95,2020年1季度股票投资明细,005827,2020
7,002007,华兰生物,7.75,1509.99,72358.62,2020年1季度股票投资明细,005827,2020
8,02269,药明生物,7.18,730.0,67033.6,2020年1季度股票投资明细,005827,2020
9,01093,石药集团,6.94,4565.0,64734.55,2020年1季度股票投资明细,005827,2020
10,600009,上海机场,4.26,653.99,39769.23,2020年1季度股票投资明细,005827,2020
11,00388,香港交易所,9.62,581.68,175338.83,2020年2季度股票投资明细,005827,2020
12,00700,腾讯控股,9.57,382.9,174388.43,2020年2季度股票投资明细,005827,2020
13,000858,五粮液,9.48,1009.01,172661.29,2020年2季度股票投资明细,005827,2020
14,600519,贵州茅台,9.45,117.7,172182.59,2020年2季度股票投资明细,005827,2020
15,000568,泸州老窖,9.43,1885.0,171761.49,2020年2季度股票投资明细,005827,2020
16,03690,美团-W,7.19,834.72,131068.01,2020年2季度股票投资明细,005827,2020
17,01177,中国生物制药,6.22,8500.5,113364.57,2020年2季度股票投资明细,005827,2020
18,02269,药明生物,4.05,570.0,73829.7,2020年2季度股票投资明细,005827,2020
19,600161,天坛生物,3.98,1600.0,72528.22,2020年2季度股票投资明细,005827,2020
20,300015,爱尔眼科,3.94,1650.01,71692.78,2020年2季度股票投资明细,005827,2020
21,000568,泸州老窖,9.76,2307.85,331292.0,2020年3季度股票投资明细,005827,2020
22,002304,洋河股份,9.52,2585.0,323099.45,2020年3季度股票投资明细,005827,2020
23,600519,贵州茅台,9.52,193.56,322950.69,2020年3季度股票投资明细,005827,2020
24,00700,腾讯控股,9.51,718.4,322895.86,2020年3季度股票投资明细,005827,2020
25,00388,香港交易所,9.48,1012.26,321818.61,2020年3季度股票投资明细,005827,2020
26,000858,五粮液,9.47,1454.71,321491.24,2020年3季度股票投资明细,005827,2020
27,03690,美团-W,5.32,850.0,180603.32,2020年3季度股票投资明细,005827,2020
28,300015,爱尔眼科,4.85,3200.0,164544.03,2020年3季度股票投资明细,005827,2020
29,01177,中国生物制药,4.37,20000.0,148327.94,2020年3季度股票投资明细,005827,2020
30,002415,海康威视,4.27,3800.01,144818.49,2020年3季度股票投资明细,005827,2020
31,600519,贵州茅台,9.64,326.55,652453.29,2020年4季度股票投资明细,005827,2020
32,03690,美团-W,9.59,2619.23,649430.6,2020年4季度股票投资明细,005827,2020
33,002304,洋河股份,9.48,2720.0,641892.8,2020年4季度股票投资明细,005827,2020
34,00700,腾讯控股,9.48,1352.0,641774.07,2020年4季度股票投资明细,005827,2020
35,000858,五粮液,9.42,2185.85,637940.29,2020年4季度股票投资明细,005827,2020
36,00388,香港交易所,9.4,1779.67,636582.62,2020年4季度股票投资明细,005827,2020
37,000568,泸州老窖,9.25,2770.0,626463.2,2020年4季度股票投资明细,005827,2020
38,002415,海康威视,5.02,7000.0,339570.12,2020年4季度股票投资明细,005827,2020
39,300015,爱尔眼科,3.54,3200.0,239648.04,2020年4季度股票投资明细,005827,2020
40,01579,颐海国际,3.07,2150.0,208095.49,2020年4季度股票投资明细,005827,2020
1,000858,五粮液,10.05,3300.0,884334.0,2021年1季度股票投资明细,005827,2021
2,00388,香港交易所,10.04,2286.0,883734.07,2021年1季度股票投资明细,005827,2021
3,600519,贵州茅台,9.86,432.0,867888.0,2021年1季度股票投资明细,005827,2021
4,03690,美团-W,9.65,3370.43,849458.49,2021年1季度股票投资明细,005827,2021
5,00700,腾讯控股,9.43,1610.0,830051.28,2021年1季度股票投资明细,005827,2021
6,000568,泸州老窖,7.62,2980.0,670560.59,2021年1季度股票投资明细,005827,2021
7,600036,招商银行,6.56,11300.0,577430.0,2021年1季度股票投资明细,005827,2021
8,002415,海康威视,5.72,9000.02,503100.89,2021年1季度股票投资明细,005827,2021
9,002304,洋河股份,4.68,2500.02,411753.21,2021年1季度股票投资明细,005827,2021
10,000001,平安银行,3.25,13000.0,286130.0,2021年1季度股票投资明细,005827,2021
11,00388,香港交易所,9.9,2310.0,889550.1,2021年2季度股票投资明细,005827,2021
12,000858,五粮液,9.88,2980.0,887712.2,2021年2季度股票投资明细,005827,2021
13,00700,腾讯控股,9.78,1810.0,879541.84,2021年2季度股票投资明细,005827,2021
14,600519,贵州茅台,9.75,426.0,876154.2,2021年2季度股票投资明细,005827,2021
15,000568,泸州老窖,9.71,3700.01,872980.71,2021年2季度股票投资明细,005827,2021
16,002304,洋河股份,9.68,4200.01,870241.47,2021年2季度股票投资明细,005827,2021
17,03690,美团-W,8.3,2800.0,746475.61,2021年2季度股票投资明细,005827,2021
18,600036,招商银行,6.81,11300.0,612347.0,2021年2季度股票投资明细,005827,2021
19,002415,海康威视,6.46,9000.02,580501.03,2021年2季度股票投资明细,005827,2021
20,03968,招商银行,3.07,5000.0,275626.5,2021年2季度股票投资明细,005827,2021
21,000568,泸州老窖,9.93,3130.0,693545.4,2021年3季度股票投资明细,005827,2021
22,600519,贵州茅台,9.9,378.0,691740.0,2021年3季度股票投资明细,005827,2021
23,000858,五粮液,9.83,3130.0,686690.7,2021年3季度股票投资明细,005827,2021
24,002415,海康威视,9.76,12400.0,682000.0,2021年3季度股票投资明细,005827,2021
25,00388,香港交易所,9.49,1658.0,662706.23,2021年3季度股票投资明细,005827,2021
26,002304,洋河股份,9.48,3988.66,662436.65,2021年3季度股票投资明细,005827,2021
27,00700,腾讯控股,9.37,1703.0,654588.72,2021年3季度股票投资明细,005827,2021
28,600036,招商银行,8.31,11500.01,580175.5,2021年3季度股票投资明细,005827,2021
29,600887,伊利股份,5.72,10600.02,399620.58,2021年3季度股票投资明细,005827,2021
30,000001,平安银行,5.13,20000.01,358600.13,2021年3季度股票投资明细,005827,2021
31,00700,腾讯控股,10.12,1832.62,684446.33,2021年4季度股票投资明细,005827,2021
32,002415,海康威视,9.83,12700.0,664464.19,2021年4季度股票投资明细,005827,2021
33,000568,泸州老窖,9.76,2600.0,660062.0,2021年4季度股票投资明细,005827,2021
34,600519,贵州茅台,9.7,320.0,656000.0,2021年4季度股票投资明细,005827,2021
35,000858,五粮液,9.35,2840.0,632354.4,2021年4季度股票投资明细,005827,2021
36,002304,洋河股份,9.18,3770.0,621032.1,2021年4季度股票投资明细,005827,2021
37,00388,香港交易所,9.13,1658.0,617331.5,2021年4季度股票投资明细,005827,2021
38,600036,招商银行,8.28,11500.01,560165.49,2021年4季度股票投资明细,005827,2021
39,600887,伊利股份,7.11,11600.01,480936.57,2021年4季度股票投资明细,005827,2021
40,000001,平安银行,4.58,18800.0,309824.0,2021年4季度股票投资明细,005827,2021
1,600519,贵州茅台,9.81,315.3,542000.7,2022年1季度股票投资明细,005827,2022
2,600036,招商银行,9.74,11500.01,538200.47,2022年1季度股票投资明细,005827,2022
3,00700,腾讯控股,9.66,1760.0,534124.7,2022年1季度股票投资明细,005827,2022
4,002415,海康威视,9.35,12600.0,516600.0,2022年1季度股票投资明细,005827,2022
5,000568,泸州老窖,9.08,2700.0,501876.0,2022年1季度股票投资明细,005827,2022
6,000858,五粮液,9.08,3236.01,501775.45,2022年1季度股票投资明细,005827,2022
7,00388,香港交易所,9.04,1658.0,499404.71,2022年1季度股票投资明细,005827,2022
8,002304,洋河股份,8.91,3630.0,492336.9,2022年1季度股票投资明细,005827,2022
9,600887,伊利股份,7.74,11600.0,427924.0,2022年1季度股票投资明细,005827,2022
10,03690,美团-W,5.02,2200.0,277624.94,2022年1季度股票投资明细,005827,2022
11,000858,五粮液,9.94,3090.0,623963.7,2022年2季度股票投资明细,005827,2022
12,002304,洋河股份,9.92,3400.0,622710.0,2022年2季度股票投资明细,005827,2022
13,000568,泸州老窖,9.89,2518.0,620787.72,2022年2季度股票投资明细,005827,2022
14,600519,贵州茅台,9.84,302.0,617590.0,2022年2季度股票投资明细,005827,2022
15,00700,腾讯控股,8.74,1810.0,548573.6,2022年2季度股票投资明细,005827,2022
16,00388,香港交易所,8.68,1650.0,544670.51,2022年2季度股票投资明细,005827,2022
17,600036,招商银行,7.73,11500.01,485300.42,2022年2季度股票投资明细,005827,2022
18,600887,伊利股份,7.2,11600.0,451820.0,2022年2季度股票投资明细,005827,2022
19,03690,美团-W,5.82,2200.0,365371.38,2022年2季度股票投资明细,005827,2022
20,02269,药明生物,2.64,2700.0,165787.13,2022年2季度股票投资明细,005827,2022
21,000568,泸州老窖,9.94,2293.0,528903.38,2022年3季度股票投资明细,005827,2022
22,600519,贵州茅台,9.92,282.0,528045.0,2022年3季度股票投资明细,005827,2022
23,000858,五粮液,9.92,3120.0,527997.6,2022年3季度股票投资明细,005827,2022
24,002304,洋河股份,9.86,3320.0,525058.0,2022年3季度股票投资明细,005827,2022
25,00700,腾讯控股,9.05,2000.0,481885.63,2022年3季度股票投资明细,005827,2022
26,600036,招商银行,7.27,11500.01,386975.34,2022年3季度股票投资明细,005827,2022
27,600887,伊利股份,7.19,11600.0,382568.0,2022年3季度股票投资明细,005827,2022
28,00388,香港交易所,7.15,1560.0,380385.76,2022年3季度股票投资明细,005827,2022
29,03690,美团-W,6.19,2200.0,329505.58,2022年3季度股票投资明细,005827,2022
30,02269,药明生物,4.37,5420.0,232357.87,2022年3季度股票投资明细,005827,2022
31,00700,腾讯控股,9.88,1890.0,563885.62,2022年4季度股票投资明细,005827,2022
32,000858,五粮液,9.72,3070.0,554718.3,2022年4季度股票投资明细,005827,2022
33,002304,洋河股份,9.34,3320.0,532860.0,2022年4季度股票投资明细,005827,2022
34,600519,贵州茅台,9.17,303.0,523281.0,2022年4季度股票投资明细,005827,2022
35,000568,泸州老窖,9.01,2293.0,514274.04,2022年4季度股票投资明细,005827,2022
36,00388,香港交易所,8.23,1560.0,469888.6,2022年4季度股票投资明细,005827,2022
37,600036,招商银行,7.51,11500.01,428490.37,2022年4季度股票投资明细,005827,2022
38,600887,伊利股份,6.3,11600.0,359600.0,2022年4季度股票投资明细,005827,2022
39,03690,美团-W,6.02,2200.0,343319.39,2022年4季度股票投资明细,005827,2022
40,02269,药明生物,5.25,5600.0,299388.37,2022年4季度股票投资明细,005827,2022
1,600519,贵州茅台,9.97,307.8,560196.0,2023年1季度股票投资明细,005827,2023
2,000568,泸州老窖,9.93,2190.0,557990.1,2023年1季度股票投资明细,005827,2023
3,00700,腾讯控股,9.91,1650.0,557259.74,2023年1季度股票投资明细,005827,2023
4,000858,五粮液,9.71,2770.0,545690.0,2023年1季度股票投资明细,005827,2023
5,002304,洋河股份,9.67,3285.0,543536.1,2023年1季度股票投资明细,005827,2023
6,600036,招商银行,7.01,11500.01,394105.34,2023年1季度股票投资明细,005827,2023
7,00388,香港交易所,6.05,1115.0,339871.8,2023年1季度股票投资明细,005827,2023
8,600887,伊利股份,6.01,11600.0,337792.0,2023年1季度股票投资明细,005827,2023
9,03690,美团-W,5.59,2500.0,314053.34,2023年1季度股票投资明细,005827,2023
10,00883,中国海洋石油,5.54,30500.0,311322.06,2023年1季度股票投资明细,005827,2023
11,00700,腾讯控股,9.94,1600.0,489165.71,2023年2季度股票投资明细,005827,2023
12,600519,贵州茅台,9.93,289.0,488699.0,2023年2季度股票投资明细,005827,2023
13,000568,泸州老窖,9.29,2180.0,456862.6,2023年2季度股票投资明细,005827,2023
14,000858,五粮液,9.21,2770.0,453088.9,2023年2季度股票投资明细,005827,2023
15,002304,洋河股份,8.77,3285.0,431484.75,2023年2季度股票投资明细,005827,2023
16,600036,招商银行,7.66,11500.01,376740.33,2023年2季度股票投资明细,005827,2023
17,600887,伊利股份,6.68,11600.0,328512.0,2023年2季度股票投资明细,005827,2023
18,00883,中国海洋石油,6.4,30500.0,314948.37,2023年2季度股票投资明细,005827,2023
19,00388,香港交易所,6.17,1115.0,303467.87,2023年2季度股票投资明细,005827,2023
20,03690,美团-W,5.73,2500.0,281895.39,2023年2季度股票投资明细,005827,2023
21,600519,贵州茅台,9.84,269.0,483809.95,2023年3季度股票投资明细,005827,2023
22,000858,五粮液,9.61,3026.07,472369.73,2023年3季度股票投资明细,005827,2023
23,000568,泸州老窖,9.47,2150.0,465797.5,2023年3季度股票投资明细,005827,2023
24,002304,洋河股份,9.44,3585.54,463968.95,2023年3季度股票投资明细,005827,2023
25,00700,腾讯控股,8.97,1570.0,441135.94,2023年3季度股票投资明细,005827,2023
26,600036,招商银行,7.71,11500.01,379155.33,2023年3季度股票投资明细,005827,2023
27,00883,中国海洋石油,7.25,28200.0,356587.35,2023年3季度股票投资明细,005827,2023
28,02269,药明生物,6.29,7380.0,309146.79,2023年3季度股票投资明细,005827,2023
29,00388,香港交易所,6.09,1115.0,299375.87,2023年3季度股票投资明细,005827,2023
30,03690,美团-W,5.13,2400.0,252384.96,2023年3季度股票投资明细,005827,2023
31,600519,贵州茅台,9.92,240.0,414240.0,2023年4季度股票投资明细,005827,2023
32,000858,五粮液,9.88,2938.0,412230.78,2023年4季度股票投资明细,005827,2023
33,002304,洋河股份,9.48,3600.0,395640.07,2023年4季度股票投资明细,005827,2023
34,000568,泸州老窖,9.23,2147.0,385214.74,2023年4季度股票投资明细,005827,2023
35,00700,腾讯控股,9.12,1430.0,380474.65,2023年4季度股票投资明细,005827,2023
36,00883,中国海洋石油,7.96,28200.0,332220.25,2023年4季度股票投资明细,005827,2023
37,00388,香港交易所,6.4,1100.0,267153.66,2023年4季度股票投资明细,005827,2023
38,600036,招商银行,6.33,9500.0,264290.0,2023年4季度股票投资明细,005827,2023
39,02269,药明生物,5.01,7800.0,209228.07,2023年4季度股票投资明细,005827,2023
40,03690,美团-W,4.27,2400.0,178126.6,2023年4季度股票投资明细,005827,2023
1,00883,中国海洋石油,9.9,24800.0,407381.81,2024年1季度股票投资明细,005827,2024
2,000858,五粮液,9.85,2640.0,405266.4,2024年1季度股票投资明细,005827,2024
3,000568,泸州老窖,9.63,2147.0,396314.73,2024年1季度股票投资明细,005827,2024
4,00700,腾讯控股,9.57,1430.0,393836.14,2024年1季度股票投资明细,005827,2024
5,600519,贵州茅台,9.31,225.05,383237.65,2024年1季度股票投资明细,005827,2024
6,002304,洋河股份,8.54,3600.0,351540.06,2024年1季度股票投资明细,005827,2024
7,00388,香港交易所,5.52,1100.0,227163.3,2024年1季度股票投资明细,005827,2024
8,03690,美团-W,5.12,2400.0,210609.7,2024年1季度股票投资明细,005827,2024
9,600809,山西汾酒,4.47,750.0,183810.0,2024年1季度股票投资明细,005827,2024
10,600036,招商银行,4.21,5380.0,173236.0,2024年1季度股票投资明细,005827,2024
11,00700,腾讯控股,9.93,1140.0,387465.52,2024年2季度股票投资明细,005827,2024
12,00883,中国海洋石油,9.92,18950.0,387414.41,2024年2季度股票投资明细,005827,2024
13,000858,五粮液,8.66,2640.0,338025.6,2024年2季度股票投资明细,005827,2024
14,600519,贵州茅台,8.46,225.05,330236.12,2024年2季度股票投资明细,005827,2024
15,000568,泸州老窖,7.89,2147.0,308073.03,2024年2季度股票投资明细,005827,2024
16,002304,洋河股份,7.45,3600.0,290664.05,2024年2季度股票投资明细,005827,2024
17,00388,香港交易所,6.43,1100.0,251187.79,2024年2季度股票投资明细,005827,2024
18,03690,美团-W,6.23,2400.0,243357.0,2024年2季度股票投资明细,005827,2024
19,01910,新秀丽,4.59,8430.0,179267.69,2024年2季度股票投资明细,005827,2024
20,600809,山西汾酒,4.13,765.0,161323.2,2024年2季度股票投资明细,005827,2024
21,000858,五粮液,9.79,2640.0,429026.4,2024年3季度股票投资明细,005827,2024
22,09988,阿里巴巴-W,9.14,4040.0,400755.48,2024年3季度股票投资明细,005827,2024
23,600519,贵州茅台,8.97,225.05,393387.4,2024年3季度股票投资明细,005827,2024
24,00700,腾讯控股,8.87,970.0,388907.76,2024年3季度股票投资明细,005827,2024
25,002304,洋河股份,8.15,3600.0,357084.06,2024年3季度股票投资明细,005827,2024
26,000568,泸州老窖,7.6,2225.0,333082.5,2024年3季度股票投资明细,005827,2024
27,600809,山西汾酒,7.39,1480.01,323959.17,2024年3季度股票投资明细,005827,2024
28,00883,中国海洋石油,7.11,17800.0,311727.16,2024年3季度股票投资明细,005827,2024
29,03690,美团-W,7.08,2000.0,310215.76,2024年3季度股票投资明细,005827,2024
30,09987,百胜中国,4.39,580.0,192582.67,2024年3季度股票投资明细,005827,2024
31,00700,腾讯控股,9.86,957.0,369553.86,2024年4季度股票投资明细,005827,2024
32,09988,阿里巴巴-W,9.81,4818.56,367683.57,2024年4季度股票投资明细,005827,2024
33,000858,五粮液,9.71,2600.0,364104.0,2024年4季度股票投资明细,005827,2024
34,600519,贵州茅台,9.15,225.05,342976.2,2024年4季度股票投资明细,005827,2024
35,002304,洋河股份,8.02,3600.0,300708.05,2024年4季度股票投资明细,005827,2024
36,000568,泸州老窖,7.43,2225.0,278570.0,2024年4季度股票投资明细,005827,2024
37,600809,山西汾酒,7.27,1480.01,272632.46,2024年4季度股票投资明细,005827,2024
38,00883,中国海洋石油,6.75,14300.0,253194.15,2024年4季度股票投资明细,005827,2024
39,03690,美团-W,6.29,1680.0,236006.85,2024年4季度股票投资明细,005827,2024
40,09987,百胜中国,5.36,580.0,200984.02,2024年4季度股票投资明细,005827,2024
1,600519,贵州茅台,14.9,160.96,178821.23,2020年1季度股票投资明细,161725,2020
2,000568,泸州老窖,13.98,2278.5,167811.79,2020年1季度股票投资明细,161725,2020
3,000858,五粮液,13.81,1439.05,165778.32,2020年1季度股票投资明细,161725,2020
4,002304,洋河股份,13.13,1878.84,157578.23,2020年1季度股票投资明细,161725,2020
5,000860,顺鑫农业,9.19,1797.4,110342.48,2020年1季度股票投资明细,161725,2020
6,600809,山西汾酒,6.77,900.68,81223.03,2020年1季度股票投资明细,161725,2020
7,603589,口子窖,4.28,1243.27,51421.84,2020年1季度股票投资明细,161725,2020
8,603369,今世缘,4.05,1726.41,48598.42,2020年1季度股票投资明细,161725,2020
9,000596,古井贡酒,3.78,397.51,45407.91,2020年1季度股票投资明细,161725,2020
10,600779,水井坊,2.41,673.06,28975.25,2020年1季度股票投资明细,161725,2020
11,000858,五粮液,14.47,1093.09,187049.44,2020年2季度股票投资明细,161725,2020
12,600519,贵州茅台,14.13,124.84,182632.23,2020年2季度股票投资明细,161725,2020
13,000568,泸州老窖,13.02,1847.45,168339.59,2020年2季度股票投资明细,161725,2020
14,002304,洋河股份,12.81,1574.6,165553.12,2020年2季度股票投资明细,161725,2020
15,600809,山西汾酒,7.9,703.93,102070.4,2020年2季度股票投资明细,161725,2020
16,000860,顺鑫农业,6.16,1398.03,79659.57,2020年2季度股票投资明细,161725,2020
17,603369,今世缘,5.2,1688.82,67198.28,2020年2季度股票投资明细,161725,2020
18,603589,口子窖,3.82,969.33,49338.98,2020年2季度股票投资明细,161725,2020
19,000799,酒鬼酒,3.62,612.34,46850.26,2020年2季度股票投资明细,161725,2020
20,000596,古井贡酒,3.6,309.8,46543.75,2020年2季度股票投资明细,161725,2020
21,000568,泸州老窖,17.01,2878.25,413173.13,2020年3季度股票投资明细,161725,2020
22,000858,五粮液,15.5,1703.32,376433.72,2020年3季度股票投资明细,161725,2020
23,600519,贵州茅台,13.36,194.49,324503.56,2020年3季度股票投资明细,161725,2020
24,002304,洋河股份,12.62,2452.58,306547.79,2020年3季度股票投资明细,161725,2020
25,600809,山西汾酒,8.95,1096.3,217275.97,2020年3季度股票投资明细,161725,2020
26,000860,顺鑫农业,5.39,2177.47,130996.34,2020年3季度股票投资明细,161725,2020
27,603369,今世缘,4.81,2630.35,116839.92,2020年3季度股票投资明细,161725,2020
28,000596,古井贡酒,4.31,482.47,104589.22,2020年3季度股票投资明细,161725,2020
29,000799,酒鬼酒,3.23,953.91,78554.41,2020年3季度股票投资明细,161725,2020
30,603589,口子窖,3.15,1510.27,76600.91,2020年3季度股票投资明细,161725,2020
31,600809,山西汾酒,14.61,1888.95,708905.13,2020年4季度股票投资明细,161725,2020
32,002304,洋河股份,14.05,2888.21,681588.84,2020年4季度股票投资明细,161725,2020
33,000568,泸州老窖,13.91,2983.7,674793.25,2020年4季度股票投资明细,161725,2020
34,600519,贵州茅台,12.99,315.53,630433.14,2020年4季度股票投资明细,161725,2020
35,000858,五粮液,12.7,2111.65,616285.67,2020年4季度股票投资明细,161725,2020
36,000860,顺鑫农业,4.17,2792.41,202561.56,2020年4季度股票投资明细,161725,2020
37,603369,今世缘,4.0,3385.64,194267.89,2020年4季度股票投资明细,161725,2020
38,000799,酒鬼酒,3.99,1236.3,193480.51,2020年4季度股票投资明细,161725,2020
39,000596,古井贡酒,3.45,616.08,167572.92,2020年4季度股票投资明细,161725,2020
40,603589,口子窖,2.77,1948.34,134240.45,2020年4季度股票投资明细,161725,2020
1,000568,泸州老窖,15.98,3543.92,797452.16,2021年1季度股票投资明细,161725,2021
2,600519,贵州茅台,15.02,373.18,749715.61,2021年1季度股票投资明细,161725,2021
3,600809,山西汾酒,14.86,2228.36,741596.61,2021年1季度股票投资明细,161725,2021
4,000858,五粮液,13.43,2502.09,670509.62,2021年1季度股票投资明细,161725,2021
5,002304,洋河股份,11.41,3458.27,569577.79,2021年1季度股票投资明细,161725,2021
6,000799,酒鬼酒,4.43,1452.8,221057.42,2021年1季度股票投资明细,161725,2021
7,603369,今世缘,3.94,4006.75,196531.27,2021年1季度股票投资明细,161725,2021
8,000860,顺鑫农业,3.12,3316.96,155664.75,2021年1季度股票投资明细,161725,2021
9,000596,古井贡酒,3.1,735.17,154511.6,2021年1季度股票投资明细,161725,2021
10,603589,口子窖,2.86,2299.78,142586.32,2021年1季度股票投资明细,161725,2021
11,000858,五粮液,14.88,3484.59,1038023.26,2021年2季度股票投资明细,161725,2021
12,600519,贵州茅台,14.16,480.32,987865.3,2021年2季度股票投资明细,161725,2021
13,600809,山西汾酒,14.03,2184.24,978541.63,2021年2季度股票投资明细,161725,2021
14,000568,泸州老窖,13.02,3849.03,908139.36,2021年2季度股票投资明细,161725,2021
15,002304,洋河股份,12.72,4282.54,887341.4,2021年2季度股票投资明细,161725,2021
16,000799,酒鬼酒,5.77,1575.8,402774.43,2021年2季度股票投资明细,161725,2021
17,603369,今世缘,3.46,4460.04,241555.53,2021年2季度股票投资明细,161725,2021
18,000596,古井贡酒,2.81,817.82,195868.11,2021年2季度股票投资明细,161725,2021
19,600779,水井坊,2.52,1388.98,175497.35,2021年2季度股票投资明细,161725,2021
20,603589,口子窖,2.48,2559.68,173264.57,2021年2季度股票投资明细,161725,2021
21,600809,山西汾酒,16.4,4827.57,1523098.97,2021年3季度股票投资明细,161725,2021
22,000568,泸州老窖,14.89,6241.92,1383084.3,2021年3季度股票投资明细,161725,2021
23,600519,贵州茅台,14.79,751.0,1374322.86,2021年3季度股票投资明细,161725,2021
24,000858,五粮液,13.22,5599.62,1228501.58,2021年3季度股票投资明细,161725,2021
25,002304,洋河股份,12.01,6718.64,1115831.85,2021年3季度股票投资明细,161725,2021
26,000799,酒鬼酒,4.22,1581.08,391680.9,2021年3季度股票投资明细,161725,2021
27,000596,古井贡酒,4.2,1650.52,390484.88,2021年3季度股票投资明细,161725,2021
28,600779,水井坊,3.26,2385.27,303287.67,2021年3季度股票投资明细,161725,2021
29,603369,今世缘,2.98,6120.46,277256.87,2021年3季度股票投资明细,161725,2021
30,603198,迎驾贡酒,1.8,3272.61,167655.64,2021年3季度股票投资明细,161725,2021
31,000568,泸州老窖,15.46,4726.86,1200008.81,2021年4季度股票投资明细,161725,2021
32,600519,贵州茅台,15.42,583.84,1196862.57,2021年4季度股票投资明细,161725,2021
33,600809,山西汾酒,14.68,3607.43,1139154.88,2021年4季度股票投资明细,161725,2021
34,000858,五粮液,14.09,4912.37,1093787.86,2021年4季度股票投资明细,161725,2021
35,002304,洋河股份,10.67,5028.75,828385.31,2021年4季度股票投资明细,161725,2021
36,000799,酒鬼酒,4.31,1573.2,334304.77,2021年4季度股票投资明细,161725,2021
37,603369,今世缘,3.79,5406.15,294094.72,2021年4季度股票投资明细,161725,2021
38,000596,古井贡酒,3.51,1122.35,272738.61,2021年4季度股票投资明细,161725,2021
39,600779,水井坊,2.85,1843.25,221171.95,2021年4季度股票投资明细,161725,2021
40,603589,口子窖,2.68,2934.65,207978.31,2021年4季度股票投资明细,161725,2021
1,600519,贵州茅台,16.78,672.21,1155536.73,2022年1季度股票投资明细,161725,2022
2,600809,山西汾酒,15.2,4106.65,1046784.01,2022年1季度股票投资明细,161725,2022
3,000568,泸州老窖,14.57,5398.17,1003412.03,2022年1季度股票投资明细,161725,2022
4,000858,五粮液,12.83,5699.35,883740.48,2022年1季度股票投资明细,161725,2022
5,002304,洋河股份,11.58,5880.82,797616.25,2022年1季度股票投资明细,161725,2022
6,603369,今世缘,3.75,6131.5,258136.05,2022年1季度股票投资明细,161725,2022
7,000799,酒鬼酒,3.4,1581.94,233968.76,2022年1季度股票投资明细,161725,2022
8,000596,古井贡酒,3.27,1313.38,225059.96,2022年1季度股票投资明细,161725,2022
9,600779,水井坊,2.59,2166.22,178431.4,2022年1季度股票投资明细,161725,2022
10,603589,口子窖,2.3,2931.84,158436.37,2022年1季度股票投资明细,161725,2022
11,600809,山西汾酒,14.5,3432.66,1114929.17,2022年2季度股票投资明细,161725,2022
12,000858,五粮液,14.33,5458.03,1102139.45,2022年2季度股票投资明细,161725,2022
13,000568,泸州老窖,14.14,4409.78,1087185.98,2022年2季度股票投资明细,161725,2022
14,600519,贵州茅台,14.08,529.56,1082949.79,2022年2季度股票投资明细,161725,2022
15,002304,洋河股份,11.53,4842.49,886901.38,2022年2季度股票投资明细,161725,2022
16,000596,古井贡酒,4.27,1316.47,328670.75,2022年2季度股票投资明细,161725,2022
17,000799,酒鬼酒,3.85,1591.52,295719.68,2022年2季度股票投资明细,161725,2022
18,603369,今世缘,3.48,5249.53,267725.89,2022年2季度股票投资明细,161725,2022
19,600779,水井坊,2.18,1812.43,167722.51,2022年2季度股票投资明细,161725,2022
20,603589,口子窖,2.15,2820.94,165335.35,2022年2季度股票投资明细,161725,2022
21,600809,山西汾酒,15.62,3620.62,1096649.86,2022年3季度股票投资明细,161725,2022
22,000568,泸州老窖,15.33,4666.15,1076293.01,2022年3季度股票投资明细,161725,2022
23,600519,贵州茅台,14.98,561.9,1052151.38,2022年3季度股票投资明细,161725,2022
24,000858,五粮液,14.03,5822.82,985396.51,2022年3季度股票投资明细,161725,2022
25,002304,洋河股份,11.6,5149.07,814325.59,2022年3季度股票投资明细,161725,2022
26,000596,古井贡酒,5.38,1389.65,377916.08,2022年3季度股票投资明细,161725,2022
27,603369,今世缘,3.58,5481.49,251490.99,2022年3季度股票投资明细,161725,2022
28,000799,酒鬼酒,2.85,1591.52,199974.05,2022年3季度股票投资明细,161725,2022
29,603589,口子窖,1.96,2934.28,137881.88,2022年3季度股票投资明细,161725,2022
30,603198,迎驾贡酒,1.78,2222.04,124812.19,2022年3季度股票投资明细,161725,2022
31,000568,泸州老窖,15.11,4607.62,1033397.6,2022年4季度股票投资明细,161725,2022
32,600809,山西汾酒,14.29,3429.28,977309.51,2022年4季度股票投资明细,161725,2022
33,000858,五粮液,14.22,5381.31,972348.25,2022年4季度股票投资明细,161725,2022
34,600519,贵州茅台,13.75,544.58,940490.18,2022年4季度股票投资明细,161725,2022
35,002304,洋河股份,10.28,4378.7,702782.01,2022年4季度股票投资明细,161725,2022
36,000596,古井贡酒,4.6,1178.92,314653.96,2022年4季度股票投资明细,161725,2022
37,600702,舍得酒业,3.63,1561.28,248525.19,2022年4季度股票投资明细,161725,2022
38,603369,今世缘,3.44,4624.35,235379.61,2022年4季度股票投资明细,161725,2022
39,000799,酒鬼酒,3.21,1591.52,219533.79,2022年4季度股票投资明细,161725,2022
40,603589,口子窖,2.17,2578.54,148704.39,2022年4季度股票投资明细,161725,2022
1,000568,泸州老窖,15.77,3296.29,839862.16,2023年1季度股票投资明细,161725,2023
2,000858,五粮液,14.23,3846.27,757714.72,2023年1季度股票投资明细,161725,2023
3,600519,贵州茅台,13.31,389.35,708609.9,2023年1季度股票投资明细,161725,2023
4,600809,山西汾酒,12.54,2451.46,667778.93,2023年1季度股票投资明细,161725,2023
5,002304,洋河股份,9.76,3140.08,519558.36,2023年1季度股票投资明细,161725,2023
6,000596,古井贡酒,4.73,851.46,252032.54,2023年1季度股票投资明细,161725,2023
7,600702,舍得酒业,4.48,1210.6,238488.67,2023年1季度股票投资明细,161725,2023
8,603369,今世缘,3.98,3267.31,211885.24,2023年1季度股票投资明细,161725,2023
9,000799,酒鬼酒,2.88,1184.98,153253.98,2023年1季度股票投资明细,161725,2023
10,600559,老白干酒,2.65,3812.6,141295.1,2023年1季度股票投资明细,161725,2023
11,600519,贵州茅台,14.73,425.17,718958.58,2023年2季度股票投资明细,161725,2023
12,000568,泸州老窖,14.7,3424.27,717624.54,2023年2季度股票投资明细,161725,2023
13,000858,五粮液,14.36,4286.09,701075.09,2023年2季度股票投资明细,161725,2023
14,600809,山西汾酒,11.37,2998.69,554966.69,2023年2季度股票投资明细,161725,2023
15,002304,洋河股份,9.97,3704.06,486527.91,2023年2季度股票投资明细,161725,2023
16,000596,古井贡酒,5.09,1004.31,248446.31,2023年2季度股票投资明细,161725,2023
17,603369,今世缘,4.17,3854.16,203499.48,2023年2季度股票投资明细,161725,2023
18,600702,舍得酒业,3.64,1433.3,177657.11,2023年2季度股票投资明细,161725,2023
19,000799,酒鬼酒,2.58,1397.74,126005.89,2023年2季度股票投资明细,161725,2023
20,600559,老白干酒,2.26,4495.13,110175.71,2023年2季度股票投资明细,161725,2023
21,600519,贵州茅台,15.01,436.74,785504.84,2023年3季度股票投资明细,161725,2023
22,000568,泸州老窖,14.56,3515.67,761670.82,2023年3季度股票投资明细,161725,2023
23,600809,山西汾酒,14.1,3080.13,737692.12,2023年3季度股票投资明细,161725,2023
24,000858,五粮液,13.13,4401.88,687134.11,2023年3季度股票投资明细,161725,2023
25,002304,洋河股份,9.41,3804.25,492270.42,2023年3季度股票投资明细,161725,2023
26,000596,古井贡酒,5.36,1031.67,280407.34,2023年3季度股票投资明细,161725,2023
27,603369,今世缘,4.44,3958.96,232271.98,2023年3季度股票投资明细,161725,2023
28,600702,舍得酒业,3.52,1472.08,184009.39,2023年3季度股票投资明细,161725,2023
29,000799,酒鬼酒,2.42,1435.72,126644.67,2023年3季度股票投资明细,161725,2023
30,603589,口子窖,2.25,2272.62,117607.97,2023年3季度股票投资明细,161725,2023
31,600809,山西汾酒,15.43,3762.39,868095.18,2023年4季度股票投资明细,161725,2023
32,600519,贵州茅台,15.1,492.27,849660.95,2023年4季度股票投资明细,161725,2023
33,000858,五粮液,14.24,5711.8,801422.36,2023年4季度股票投资明细,161725,2023
34,000568,泸州老窖,13.74,4307.2,772797.45,2023年4季度股票投资明细,161725,2023
35,002304,洋河股份,9.26,4740.64,520996.02,2023年4季度股票投资明细,161725,2023
36,000596,古井贡酒,5.32,1285.75,299321.55,2023年4季度股票投资明细,161725,2023
37,603369,今世缘,4.28,4934.93,240577.92,2023年4季度股票投资明细,161725,2023
38,600702,舍得酒业,2.83,1646.07,159174.93,2023年4季度股票投资明细,161725,2023
39,603589,口子窖,2.27,2818.38,127672.7,2023年4季度股票投资明细,161725,2023
40,603198,迎驾贡酒,2.23,1888.48,125187.43,2023年4季度股票投资明细,161725,2023
1,600809,山西汾酒,16.04,3400.3,833344.91,2024年1季度股票投资明细,161725,2024
2,000858,五粮液,15.51,5249.43,805839.88,2024年1季度股票投资明细,161725,2024
3,600519,贵州茅台,14.61,445.65,758896.19,2024年1季度股票投资明细,161725,2024
4,000568,泸州老窖,13.96,3928.77,725211.58,2024年1季度股票投资明细,161725,2024
5,002304,洋河股份,8.19,4356.68,425429.74,2024年1季度股票投资明细,161725,2024
6,000596,古井贡酒,5.91,1181.69,307239.97,2024年1季度股票投资明细,161725,2024
7,603369,今世缘,5.22,4623.08,271235.93,2024年1季度股票投资明细,161725,2024
8,600702,舍得酒业,2.36,1596.18,122698.1,2024年1季度股票投资明细,161725,2024
9,603198,迎驾贡酒,2.19,1736.32,113624.87,2024年1季度股票投资明细,161725,2024
10,603589,口子窖,2.02,2603.31,105147.53,2024年1季度股票投资明细,161725,2024
11,600519,贵州茅台,14.79,452.59,664131.76,2024年2季度股票投资明细,161725,2024
12,600809,山西汾酒,14.69,3127.12,659446.6,2024年2季度股票投资明细,161725,2024
13,000858,五粮液,14.68,5148.14,659167.36,2024年2季度股票投资明细,161725,2024
14,000568,泸州老窖,14.0,4382.75,628881.07,2024年2季度股票投资明细,161725,2024
15,002304,洋河股份,8.68,4825.3,389594.91,2024年2季度股票投资明细,161725,2024
16,000596,古井贡酒,6.2,1318.44,278283.13,2024年2季度股票投资明细,161725,2024
17,603369,今世缘,5.21,5068.3,234155.32,2024年2季度股票投资明细,161725,2024
18,603589,口子窖,2.52,2882.2,112953.55,2024年2季度股票投资明细,161725,2024
19,603198,迎驾贡酒,2.46,1921.65,110494.95,2024年2季度股票投资明细,161725,2024
20,600702,舍得酒业,2.07,1642.2,93063.22,2024年2季度股票投资明细,161725,2024
21,000858,五粮液,16.08,5325.38,865427.02,2024年3季度股票投资明细,161725,2024
22,600519,贵州茅台,15.39,473.73,828079.87,2024年3季度股票投资明细,161725,2024
23,600809,山西汾酒,13.19,3243.87,710049.81,2024年3季度股票投资明细,161725,2024
24,000568,泸州老窖,12.58,4522.26,676981.72,2024年3季度股票投资明细,161725,2024
25,002304,洋河股份,9.24,5012.73,497212.57,2024年3季度股票投资明细,161725,2024
26,000596,古井贡酒,5.05,1338.32,271705.02,2024年3季度股票投资明细,161725,2024
27,603369,今世缘,4.93,5145.71,265209.93,2024年3季度股票投资明细,161725,2024
28,603198,迎驾贡酒,2.67,1973.5,143907.71,2024年3季度股票投资明细,161725,2024
29,603589,口子窖,2.64,2963.54,142101.91,2024年3季度股票投资明细,161725,2024
30,600559,老白干酒,1.95,4526.9,105114.56,2024年3季度股票投资明细,161725,2024
31,600519,贵州茅台,15.33,460.76,702192.14,2024年4季度股票投资明细,161725,2024
32,000858,五粮液,14.68,4804.17,672776.26,2024年4季度股票投资明细,161725,2024
33,600809,山西汾酒,14.05,3495.55,643915.71,2024年4季度股票投资明细,161725,2024
34,000568,泸州老窖,13.89,5083.58,636463.83,2024年4季度股票投资明细,161725,2024
35,002304,洋河股份,8.56,4694.52,392133.2,2024年4季度股票投资明细,161725,2024
36,603369,今世缘,5.79,5864.54,265253.31,2024年4季度股票投资明细,161725,2024
37,000596,古井贡酒,4.82,1273.14,220635.87,2024年4季度股票投资明细,161725,2024
38,603589,口子窖,2.4,2804.23,110037.99,2024年4季度股票投资明细,161725,2024
39,600702,舍得酒业,2.37,1645.38,108479.61,2024年4季度股票投资明细,161725,2024
40,603198,迎驾贡酒,2.2,1869.41,100836.23,2024年4季度股票投资明细,161725,2024
1,601012,隆基绿能,10.26,2971.81,73819.86,2020年1季度股票投资明细,163406,2020
2,600048,保利发展,4.58,2214.86,32934.99,2020年1季度股票投资明细,163406,2020
3,000002,万科A,4.4,1235.64,31694.19,2020年1季度股票投资明细,163406,2020
4,601318,中国平安,4.01,417.44,28874.28,2020年1季度股票投资明细,163406,2020
5,603707,健友股份,3.9,555.24,28028.41,2020年1季度股票投资明细,163406,2020
6,600309,万华化学,3.72,649.1,26775.46,2020年1季度股票投资明细,163406,2020
7,300413,芒果超媒,3.51,583.96,25269.58,2020年1季度股票投资明细,163406,2020
8,002821,凯莱英,3.23,135.42,23249.99,2020年1季度股票投资明细,163406,2020
9,000739,普洛药业,3.0,1087.68,21579.47,2020年1季度股票投资明细,163406,2020
10,603899,晨光股份,2.98,478.15,21477.77,2020年1季度股票投资明细,163406,2020
11,601012,隆基绿能,9.13,2210.38,90028.92,2020年2季度股票投资明细,163406,2020
12,300413,芒果超媒,4.76,723.12,46934.63,2020年2季度股票投资明细,163406,2020
13,601318,中国平安,4.72,651.94,46548.52,2020年2季度股票投资明细,163406,2020
14,600309,万华化学,4.25,838.86,41934.68,2020年2季度股票投资明细,163406,2020
15,600031,三一重工,3.39,1782.36,33437.13,2020年2季度股票投资明细,163406,2020
16,603707,健友股份,3.31,505.42,32635.0,2020年2季度股票投资明细,163406,2020
17,300124,汇川技术,3.21,837.14,31703.14,2020年2季度股票投资明细,163406,2020
18,002332,仙琚制药,3.13,1832.22,30854.64,2020年2季度股票投资明细,163406,2020
19,600521,华海药业,2.94,853.88,28972.1,2020年2季度股票投资明细,163406,2020
20,603259,药明康德,2.79,285.11,27542.03,2020年2季度股票投资明细,163406,2020
21,601012,隆基绿能,7.18,1303.14,97748.73,2020年3季度股票投资明细,163406,2020
22,600309,万华化学,4.74,929.77,64432.93,2020年3季度股票投资明细,163406,2020
23,002594,比亚迪,4.56,533.96,62067.27,2020年3季度股票投资明细,163406,2020
24,601318,中国平安,4.2,749.42,57150.79,2020年3季度股票投资明细,163406,2020
25,002600,领益智造,3.61,4493.85,49125.45,2020年3季度股票投资明细,163406,2020
26,000333,美的集团,3.54,663.93,48201.58,2020年3季度股票投资明细,163406,2020
27,600690,海尔智家,3.52,2194.86,47891.91,2020年3季度股票投资明细,163406,2020
28,600031,三一重工,3.23,1779.71,43919.06,2020年3季度股票投资明细,163406,2020
29,300413,芒果超媒,3.19,644.62,43350.95,2020年3季度股票投资明细,163406,2020
30,300124,汇川技术,3.12,735.13,42460.5,2020年3季度股票投资明细,163406,2020
31,601318,中国平安,6.7,1587.69,138097.7,2020年4季度股票投资明细,163406,2020
32,600690,海尔智家,6.4,4514.13,131857.78,2020年4季度股票投资明细,163406,2020
33,600031,三一重工,5.49,3239.26,113160.73,2020年4季度股票投资明细,163406,2020
34,000333,美的集团,3.91,817.16,80440.83,2020年4季度股票投资明细,163406,2020
35,600309,万华化学,3.51,794.85,72363.57,2020年4季度股票投资明细,163406,2020
36,002594,比亚迪,3.38,358.14,69586.02,2020年4季度股票投资明细,163406,2020
37,300413,芒果超媒,3.31,939.45,68110.46,2020年4季度股票投资明细,163406,2020
38,000895,双汇发展,3.13,1391.38,64399.26,2020年4季度股票投资明细,163406,2020
39,688099,晶晨股份,2.86,757.52,58879.65,2020年4季度股票投资明细,163406,2020
40,601012,隆基绿能,2.83,670.72,58358.5,2020年4季度股票投资明细,163406,2020
1,600690,海尔智家,7.24,6255.87,195058.07,2021年1季度股票投资明细,163406,2021
2,601166,兴业银行,5.83,6520.33,157074.72,2021年1季度股票投资明细,163406,2021
3,000001,平安银行,5.62,6877.21,151367.41,2021年1季度股票投资明细,163406,2021
4,601318,中国平安,4.74,1622.31,127675.46,2021年1季度股票投资明细,163406,2021
5,002415,海康威视,3.83,1847.69,103285.71,2021年1季度股票投资明细,163406,2021
6,600031,三一重工,3.73,2940.04,100402.31,2021年1季度股票投资明细,163406,2021
7,600754,锦江酒店,3.46,1799.87,93128.69,2021年1季度股票投资明细,163406,2021
8,000739,普洛药业,3.15,2984.17,84899.55,2021年1季度股票投资明细,163406,2021
9,603707,健友股份,3.07,2066.67,82666.84,2021年1季度股票投资明细,163406,2021
10,300413,芒果超媒,3.05,1412.77,82109.99,2021年1季度股票投资明细,163406,2021
11,600690,海尔智家,8.35,10329.09,267626.78,2021年2季度股票投资明细,163406,2021
12,000001,平安银行,6.15,8713.38,197096.54,2021年2季度股票投资明细,163406,2021
13,002415,海康威视,5.89,2925.05,188665.83,2021年2季度股票投资明细,163406,2021
14,601166,兴业银行,4.34,6771.9,139162.55,2021年2季度股票投资明细,163406,2021
15,600309,万华化学,3.88,1143.46,124431.1,2021年2季度股票投资明细,163406,2021
16,600754,锦江酒店,3.4,1975.88,108930.7,2021年2季度股票投资明细,163406,2021
17,300413,芒果超媒,3.22,1504.53,103210.45,2021年2季度股票投资明细,163406,2021
18,688099,晶晨股份,3.12,891.37,100011.33,2021年2季度股票投资明细,163406,2021
19,000739,普洛药业,2.96,3226.4,94856.04,2021年2季度股票投资明细,163406,2021
20,603707,健友股份,2.89,2217.22,92568.81,2021年2季度股票投资明细,163406,2021
21,600690,海尔智家,8.35,9178.07,240006.41,2021年3季度股票投资明细,163406,2021
22,600309,万华化学,5.87,1582.05,168883.61,2021年3季度股票投资明细,163406,2021
23,002415,海康威视,4.78,2500.32,137517.35,2021年3季度股票投资明细,163406,2021
24,600703,三安光电,4.1,3723.91,118010.73,2021年3季度股票投资明细,163406,2021
25,601166,兴业银行,3.99,6272.34,114783.86,2021年3季度股票投资明细,163406,2021
26,300413,芒果超媒,3.75,2490.12,107748.26,2021年3季度股票投资明细,163406,2021
27,000739,普洛药业,3.74,2818.99,107629.14,2021年3季度股票投资明细,163406,2021
28,603707,健友股份,3.67,2934.39,105637.9,2021年3季度股票投资明细,163406,2021
29,688099,晶晨股份,3.36,928.38,96718.53,2021年3季度股票投资明细,163406,2021
30,600754,锦江酒店,3.23,2041.08,92766.91,2021年3季度股票投资明细,163406,2021
31,600690,海尔智家,6.38,7130.24,213123.0,2021年4季度股票投资明细,163406,2021
32,600703,三安光电,4.72,4199.6,157737.1,2021年4季度股票投资明细,163406,2021
33,600309,万华化学,4.57,1512.94,152806.63,2021年4季度股票投资明细,163406,2021
34,300413,芒果超媒,3.81,2235.94,127245.73,2021年4季度股票投资明细,163406,2021
35,600745,闻泰科技,3.74,971.29,125089.56,2021年4季度股票投资明细,163406,2021
36,688099,晶晨股份,3.48,892.56,116211.82,2021年4季度股票投资明细,163406,2021
37,603707,健友股份,3.47,2756.82,115786.41,2021年4季度股票投资明细,163406,2021
38,600754,锦江酒店,3.42,1946.92,114089.78,2021年4季度股票投资明细,163406,2021
39,002415,海康威视,3.11,1987.58,103990.2,2021年4季度股票投资明细,163406,2021
40,000739,普洛药业,3.07,2926.71,102698.12,2021年4季度股票投资明细,163406,2021
1,600690,海尔智家,7.41,8698.78,200941.75,2022年1季度股票投资明细,163406,2022
2,600703,三安光电,4.44,5061.69,120366.95,2022年1季度股票投资明细,163406,2022
3,688099,晶晨股份,3.95,949.06,107148.83,2022年1季度股票投资明细,163406,2022
4,000739,普洛药业,3.94,3421.47,106955.23,2022年1季度股票投资明细,163406,2022
5,300413,芒果超媒,3.94,3425.33,106733.23,2022年1季度股票投资明细,163406,2022
6,600745,闻泰科技,3.84,1279.5,104023.66,2022年1季度股票投资明细,163406,2022
7,603707,健友股份,3.82,3301.8,103610.58,2022年1季度股票投资明细,163406,2022
8,600754,锦江酒店,3.41,1859.16,92474.85,2022年1季度股票投资明细,163406,2022
9,002555,三七互娱,2.88,3334.29,78189.12,2022年1季度股票投资明细,163406,2022
10,600873,梅花生物,2.56,7631.76,69296.38,2022年1季度股票投资明细,163406,2022
11,600690,海尔智家,7.19,7801.87,214239.46,2022年2季度股票投资明细,163406,2022
12,600703,三安光电,4.44,5380.75,132258.81,2022年2季度股票投资明细,163406,2022
13,600745,闻泰科技,4.01,1402.94,119404.53,2022年2季度股票投资明细,163406,2022
14,300413,芒果超媒,3.96,3534.97,117926.7,2022年2季度股票投资明细,163406,2022
15,600754,锦江酒店,3.44,1631.09,102595.33,2022年2季度股票投资明细,163406,2022
16,688099,晶晨股份,3.36,992.77,100270.05,2022年2季度股票投资明细,163406,2022
17,603707,健友股份,3.35,3546.19,100002.51,2022年2季度股票投资明细,163406,2022
18,600438,通威股份,3.24,1612.38,96517.11,2022年2季度股票投资明细,163406,2022
19,600873,梅花生物,3.04,8046.3,90762.29,2022年2季度股票投资明细,163406,2022
20,603816,顾家家居,2.85,1499.1,84893.94,2022年2季度股票投资明细,163406,2022
21,600690,海尔智家,7.57,7720.97,191248.33,2022年3季度股票投资明细,163406,2022
22,002120,韵达股份,3.97,6481.62,100180.9,2022年3季度股票投资明细,163406,2022
23,600703,三安光电,3.89,5616.11,98169.65,2022年3季度股票投资明细,163406,2022
24,002475,立讯精密,3.83,3286.97,96636.81,2022年3季度股票投资明细,163406,2022
25,600873,梅花生物,3.56,8879.65,89950.88,2022年3季度股票投资明细,163406,2022
26,300413,芒果超媒,3.49,3534.97,88126.87,2022年3季度股票投资明细,163406,2022
27,002938,鹏鼎控股,3.36,3277.13,84910.4,2022年3季度股票投资明细,163406,2022
28,300454,深信服,3.35,845.69,84568.67,2022年3季度股票投资明细,163406,2022
29,603707,健友股份,3.23,4906.83,81649.57,2022年3季度股票投资明细,163406,2022
30,600309,万华化学,3.18,883.11,80406.17,2022年3季度股票投资明细,163406,2022
31,600690,海尔智家,6.06,6645.33,162544.77,2022年4季度股票投资明细,163406,2022
32,600703,三安光电,3.96,6351.98,106218.0,2022年4季度股票投资明细,163406,2022
33,002120,韵达股份,3.95,7393.05,105855.2,2022年4季度股票投资明细,163406,2022
34,002475,立讯精密,3.4,2867.36,91038.82,2022年4季度股票投资明细,163406,2022
35,603707,健友股份,3.35,4977.53,89794.73,2022年4季度股票投资明细,163406,2022
36,002938,鹏鼎控股,3.32,3239.89,88902.54,2022年4季度股票投资明细,163406,2022
37,600309,万华化学,3.27,945.39,87590.24,2022年4季度股票投资明细,163406,2022
38,300413,芒果超媒,3.16,2820.67,84676.42,2022年4季度股票投资明细,163406,2022
39,000739,普洛药业,2.94,3655.48,78739.08,2022年4季度股票投资明细,163406,2022
40,600873,梅花生物,2.91,7661.52,77994.27,2022年4季度股票投资明细,163406,2022
1,600703,三安光电,6.76,9072.4,190044.24,2023年1季度股票投资明细,163406,2023
2,002415,海康威视,4.95,3263.22,139208.83,2023年1季度股票投资明细,163406,2023
3,600690,海尔智家,4.7,5827.65,132171.04,2023年1季度股票投资明细,163406,2023
4,688008,澜起科技,3.64,1493.3,102530.48,2023年1季度股票投资明细,163406,2023
5,002120,韵达股份,3.2,7605.63,89974.62,2023年1季度股票投资明细,163406,2023
6,600309,万华化学,3.14,922.47,88446.28,2023年1季度股票投资明细,163406,2023
7,300308,中际旭创,3.02,1443.99,85050.78,2023年1季度股票投资明细,163406,2023
8,688099,晶晨股份,2.8,950.26,78752.94,2023年1季度股票投资明细,163406,2023
9,603707,健友股份,2.78,4794.57,78151.5,2023年1季度股票投资明细,163406,2023
10,600873,梅花生物,2.63,7571.42,74048.48,2023年1季度股票投资明细,163406,2023
11,600703,三安光电,6.05,9332.16,160886.43,2023年2季度股票投资明细,163406,2023
12,000063,中兴通讯,5.16,3014.42,137276.84,2023年2季度股票投资明细,163406,2023
13,600690,海尔智家,4.87,5514.23,129474.06,2023年2季度股票投资明细,163406,2023
14,601138,工业富联,4.44,4829.44,117994.32,2023年2季度股票投资明细,163406,2023
15,002415,海康威视,4.37,3507.95,116148.08,2023年2季度股票投资明细,163406,2023
16,688099,晶晨股份,3.82,1208.65,101627.75,2023年2季度股票投资明细,163406,2023
17,688008,澜起科技,3.55,1655.2,94363.28,2023年2季度股票投资明细,163406,2023
18,600309,万华化学,2.77,839.97,73782.69,2023年2季度股票投资明细,163406,2023
19,002120,韵达股份,2.73,7605.63,72709.84,2023年2季度股票投资明细,163406,2023
20,600873,梅花生物,2.47,7363.44,65755.52,2023年2季度股票投资明细,163406,2023
21,600703,三安光电,5.61,8887.08,137038.75,2023年3季度股票投资明细,163406,2023
22,600690,海尔智家,4.87,5038.53,118909.21,2023年3季度股票投资明细,163406,2023
23,000063,中兴通讯,4.4,3291.96,107581.35,2023年3季度股票投资明细,163406,2023
24,002415,海康威视,4.3,3105.33,104960.01,2023年3季度股票投资明细,163406,2023
25,688008,澜起科技,4.01,1998.31,97858.87,2023年3季度股票投资明细,163406,2023
26,601138,工业富联,3.85,4855.93,94121.9,2023年3季度股票投资明细,163406,2023
27,688099,晶晨股份,3.65,1412.15,89036.25,2023年3季度股票投资明细,163406,2023
28,603195,公牛集团,3.11,740.21,75926.84,2023年3季度股票投资明细,163406,2023
29,002120,韵达股份,3.07,7605.63,74991.53,2023年3季度股票投资明细,163406,2023
30,600873,梅花生物,2.9,7363.44,70836.29,2023年3季度股票投资明细,163406,2023
31,600703,三安光电,5.43,9043.64,125254.44,2023年4季度股票投资明细,163406,2023
32,688008,澜起科技,5.27,2081.04,121636.93,2023年4季度股票投资明细,163406,2023
33,600690,海尔智家,4.89,5375.19,112878.9,2023年4季度股票投资明细,163406,2023
34,688099,晶晨股份,4.17,1537.51,96294.05,2023年4季度股票投资明细,163406,2023
35,002415,海康威视,3.69,2454.69,85226.95,2023年4季度股票投资明细,163406,2023
36,600873,梅花生物,3.14,7596.23,72543.99,2023年4季度股票投资明细,163406,2023
37,603195,公牛集团,3.06,740.21,70636.34,2023年4季度股票投资明细,163406,2023
38,002156,通富微电,3.05,3040.06,70286.07,2023年4季度股票投资明细,163406,2023
39,300832,新产业,3.03,894.9,69980.8,2023年4季度股票投资明细,163406,2023
40,601138,工业富联,2.79,4257.21,64368.96,2023年4季度股票投资明细,163406,2023
1,600690,海尔智家,6.07,5276.92,131659.1,2024年1季度股票投资明细,163406,2024
2,688008,澜起科技,5.67,2679.67,123130.89,2024年1季度股票投资明细,163406,2024
3,600703,三安光电,5.06,9043.64,109789.81,2024年1季度股票投资明细,163406,2024
4,300750,宁德时代,4.82,550.46,104675.57,2024年1季度股票投资明细,163406,2024
5,688099,晶晨股份,3.87,1766.94,84071.04,2024年1季度股票投资明细,163406,2024
6,600873,梅花生物,3.36,7075.4,72876.67,2024年1季度股票投资明细,163406,2024
7,603195,公牛集团,3.27,686.8,70911.64,2024年1季度股票投资明细,163406,2024
8,002156,通富微电,3.21,3096.0,69629.1,2024年1季度股票投资明细,163406,2024
9,688012,中微公司,2.37,344.88,51490.85,2024年1季度股票投资明细,163406,2024
10,300832,新产业,2.36,774.78,51243.62,2024年1季度股票投资明细,163406,2024
11,688008,澜起科技,7.67,2868.3,163333.23,2024年2季度股票投资明细,163406,2024
12,600690,海尔智家,7.44,5579.78,158354.16,2024年2季度股票投资明细,163406,2024
13,688099,晶晨股份,5.01,1797.17,106608.0,2024年2季度股票投资明细,163406,2024
14,600703,三安光电,4.86,8832.53,103517.27,2024年2季度股票投资明细,163406,2024
15,002475,立讯精密,4.59,2486.24,97734.14,2024年2季度股票投资明细,163406,2024
16,300750,宁德时代,4.32,511.16,92023.5,2024年2季度股票投资明细,163406,2024
17,002273,水晶光电,3.68,4608.91,78259.32,2024年2季度股票投资明细,163406,2024
18,603195,公牛集团,3.27,903.87,69706.82,2024年2季度股票投资明细,163406,2024
19,600160,巨化股份,3.07,2710.84,65412.69,2024年2季度股票投资明细,163406,2024
20,002371,北方华创,2.62,174.6,55853.24,2024年2季度股票投资明细,163406,2024
21,600690,海尔智家,6.15,4529.49,145623.22,2024年3季度股票投资明细,163406,2024
22,002475,立讯精密,5.77,3146.03,136726.46,2024年3季度股票投资明细,163406,2024
23,688099,晶晨股份,5.4,1823.27,127992.5,2024年3季度股票投资明细,163406,2024
24,688008,澜起科技,5.18,1855.67,122785.44,2024年3季度股票投资明细,163406,2024
25,300750,宁德时代,4.39,412.77,103972.48,2024年3季度股票投资明细,163406,2024
26,601318,中国平安,3.74,1550.6,88523.57,2024年3季度股票投资明细,163406,2024
27,002273,水晶光电,3.62,4532.39,85798.09,2024年3季度股票投资明细,163406,2024
28,600160,巨化股份,3.54,3768.38,83921.93,2024年3季度股票投资明细,163406,2024
29,603195,公牛集团,2.99,850.0,70771.12,2024年3季度股票投资明细,163406,2024
30,600873,梅花生物,2.75,5972.21,65097.1,2024年3季度股票投资明细,163406,2024
31,002475,立讯精密,7.27,4078.46,166237.92,2024年4季度股票投资明细,163406,2024
32,300750,宁德时代,5.73,492.31,130953.77,2024年4季度股票投资明细,163406,2024
33,688099,晶晨股份,5.71,1903.41,130679.25,2024年4季度股票投资明细,163406,2024
34,600690,海尔智家,5.55,4458.56,126935.15,2024年4季度股票投资明细,163406,2024
35,600160,巨化股份,4.62,4378.92,105619.51,2024年4季度股票投资明细,163406,2024
36,688608,恒玄科技,3.68,258.59,84138.34,2024年4季度股票投资明细,163406,2024
37,300433,蓝思科技,3.1,3233.52,70814.18,2024年4季度股票投资明细,163406,2024
38,002938,鹏鼎控股,2.82,1768.64,64519.81,2024年4季度股票投资明细,163406,2024
39,002311,海大集团,2.81,1311.15,64311.78,2024年4季度股票投资明细,163406,2024
40,600873,梅花生物,2.42,5524.78,55413.55,2024年4季度股票投资明细,163406,2024
1,300760,迈瑞医疗,5.9,350.0,88416.84,2020年1季度股票投资明细,270002,2020
2,002557,洽洽食品,2.95,980.0,44207.8,2020年1季度股票投资明细,270002,2020
3,300357,我武生物,2.86,960.0,42806.4,2020年1季度股票投资明细,270002,2020
4,600009,上海机场,2.68,660.38,40157.72,2020年1季度股票投资明细,270002,2020
5,000895,双汇发展,2.65,1012.0,39771.6,2020年1季度股票投资明细,270002,2020
6,600511,国药股份,2.42,1280.0,36198.4,2020年1季度股票投资明细,270002,2020
7,603939,益丰药房,2.36,380.0,35378.0,2020年1季度股票投资明细,270002,2020
8,600031,三一重工,2.29,1980.0,34254.0,2020年1季度股票投资明细,270002,2020
9,600132,重庆啤酒,2.28,750.0,34132.5,2020年1季度股票投资明细,270002,2020
10,600547,山东黄金,2.2,960.0,32966.4,2020年1季度股票投资明细,270002,2020
11,300760,迈瑞医疗,4.93,350.0,106995.0,2020年2季度股票投资明细,270002,2020
12,000895,双汇发展,4.16,1960.0,90336.4,2020年2季度股票投资明细,270002,2020
13,300357,我武生物,2.75,960.0,59760.0,2020年2季度股票投资明细,270002,2020
14,600009,上海机场,2.59,780.0,56214.6,2020年2季度股票投资明细,270002,2020
15,600547,山东黄金,2.53,1500.0,54930.0,2020年2季度股票投资明细,270002,2020
16,600132,重庆啤酒,2.52,750.0,54750.0,2020年2季度股票投资明细,270002,2020
17,002557,洽洽食品,2.44,980.0,53106.2,2020年2季度股票投资明细,270002,2020
18,603939,益丰药房,2.09,500.0,45500.0,2020年2季度股票投资明细,270002,2020
19,300012,华测检测,1.91,2100.0,41496.0,2020年2季度股票投资明细,270002,2020
20,600031,三一重工,1.71,1980.0,37144.8,2020年2季度股票投资明细,270002,2020
21,000895,双汇发展,4.82,2520.0,133383.6,2020年3季度股票投资明细,270002,2020
22,300760,迈瑞医疗,4.4,350.0,121800.0,2020年3季度股票投资明细,270002,2020
23,600132,重庆啤酒,2.8,750.0,77392.5,2020年3季度股票投资明细,270002,2020
24,603939,益丰药房,2.79,800.0,77314.8,2020年3季度股票投资明细,270002,2020
25,600031,三一重工,2.25,2500.0,62225.0,2020年3季度股票投资明细,270002,2020
26,600547,山东黄金,2.03,2200.0,56100.0,2020年3季度股票投资明细,270002,2020
27,300357,我武生物,1.95,960.0,53971.2,2020年3季度股票投资明细,270002,2020
28,600009,上海机场,1.94,780.0,53648.4,2020年3季度股票投资明细,270002,2020
29,300012,华测检测,1.85,2100.0,51303.0,2020年3季度股票投资明细,270002,2020
30,601899,紫金矿业,1.78,8000.0,49200.0,2020年3季度股票投资明细,270002,2020
31,300760,迈瑞医疗,5.29,350.0,149100.0,2020年4季度股票投资明细,270002,2020
32,000895,双汇发展,4.3,2580.99,121151.54,2020年4季度股票投资明细,270002,2020
33,600031,三一重工,3.72,3000.0,104940.0,2020年4季度股票投资明细,270002,2020
34,300408,三环集团,3.59,2800.0,101276.74,2020年4季度股票投资明细,270002,2020
35,600132,重庆啤酒,3.16,750.0,89242.5,2020年4季度股票投资明细,270002,2020
36,002027,分众传媒,3.11,8900.0,87843.0,2020年4季度股票投资明细,270002,2020
37,601899,紫金矿业,2.64,8000.0,74320.0,2020年4季度股票投资明细,270002,2020
38,300357,我武生物,2.61,960.0,73632.0,2020年4季度股票投资明细,270002,2020
39,603939,益丰药房,2.46,780.0,69288.9,2020年4季度股票投资明细,270002,2020
40,300012,华测检测,2.06,2120.0,58024.4,2020年4季度股票投资明细,270002,2020
1,300760,迈瑞医疗,4.79,320.0,127715.2,2021年1季度股票投资明细,270002,2021
2,300408,三环集团,4.43,2880.0,118230.68,2021年1季度股票投资明细,270002,2021
3,000895,双汇发展,3.93,2560.0,104960.0,2021年1季度股票投资明细,270002,2021
4,600031,三一重工,3.58,2800.0,95620.0,2021年1季度股票投资明细,270002,2021
5,002027,分众传媒,3.34,9600.0,89088.0,2021年1季度股票投资明细,270002,2021
6,600132,重庆啤酒,3.13,750.0,83467.5,2021年1季度股票投资明细,270002,2021
7,601899,紫金矿业,2.45,6800.0,65416.0,2021年1季度股票投资明细,270002,2021
8,603939,益丰药房,2.26,680.0,60316.0,2021年1季度股票投资明细,270002,2021
9,300012,华测检测,2.14,2000.0,57000.0,2021年1季度股票投资明细,270002,2021
10,300357,我武生物,2.12,960.0,56601.6,2021年1季度股票投资明细,270002,2021
11,300408,三环集团,4.63,2860.0,121321.2,2021年2季度股票投资明细,270002,2021
12,002027,分众传媒,4.31,12000.0,112920.0,2021年2季度股票投资明细,270002,2021
13,601899,紫金矿业,3.18,8600.0,83334.0,2021年2季度股票投资明细,270002,2021
14,300357,我武生物,2.35,960.0,61555.2,2021年2季度股票投资明细,270002,2021
15,300012,华测检测,2.35,1930.0,61528.4,2021年2季度股票投资明细,270002,2021
16,002444,巨星科技,2.31,1780.0,60662.4,2021年2季度股票投资明细,270002,2021
17,000895,双汇发展,2.28,1880.0,59784.0,2021年2季度股票投资明细,270002,2021
18,603833,欧派家居,2.08,385.18,54680.27,2021年2季度股票投资明细,270002,2021
19,300760,迈瑞医疗,2.01,110.0,52805.5,2021年2季度股票投资明细,270002,2021
20,600132,重庆啤酒,2.0,265.0,52456.75,2021年2季度股票投资明细,270002,2021
21,002027,分众传媒,4.14,12300.0,90036.0,2021年3季度股票投资明细,270002,2021
22,600519,贵州茅台,4.11,48.8,89304.0,2021年3季度股票投资明细,270002,2021
23,300408,三环集团,3.93,2300.0,85330.0,2021年3季度股票投资明细,270002,2021
24,603833,欧派家居,3.31,550.22,72007.78,2021年3季度股票投资明细,270002,2021
25,601899,紫金矿业,3.2,6900.0,69621.0,2021年3季度股票投资明细,270002,2021
26,002444,巨星科技,2.78,2200.0,60456.0,2021年3季度股票投资明细,270002,2021
27,300357,我武生物,2.59,960.0,56256.0,2021年3季度股票投资明细,270002,2021
28,300012,华测检测,2.27,1950.0,49432.5,2021年3季度股票投资明细,270002,2021
29,600323,瀚蓝环境,2.19,1800.0,47700.0,2021年3季度股票投资明细,270002,2021
30,300979,华利集团,1.71,420.0,37136.16,2021年3季度股票投资明细,270002,2021
31,002027,分众传媒,4.84,12300.0,100737.0,2021年4季度股票投资明细,270002,2021
32,300408,三环集团,4.5,2100.0,93660.0,2021年4季度股票投资明细,270002,2021
33,603833,欧派家居,3.89,550.0,81125.0,2021年4季度股票投资明细,270002,2021
34,600519,贵州茅台,3.44,35.0,71750.0,2021年4季度股票投资明细,270002,2021
35,002444,巨星科技,3.22,2200.0,67122.0,2021年4季度股票投资明细,270002,2021
36,601899,紫金矿业,3.21,6900.0,66930.0,2021年4季度股票投资明细,270002,2021
37,300357,我武生物,2.64,960.0,55008.0,2021年4季度股票投资明细,270002,2021
38,300012,华测检测,2.58,2000.0,53740.0,2021年4季度股票投资明细,270002,2021
39,002415,海康威视,1.91,760.0,39763.2,2021年4季度股票投资明细,270002,2021
40,300979,华利集团,1.83,428.6,38166.83,2021年4季度股票投资明细,270002,2021
1,603833,欧派家居,4.1,627.28,73392.26,2022年1季度股票投资明细,270002,2022
2,601899,紫金矿业,3.3,5200.0,58968.0,2022年1季度股票投资明细,270002,2022
3,300408,三环集团,3.28,2100.0,58779.0,2022年1季度股票投资明细,270002,2022
4,002027,分众传媒,3.0,8800.0,53768.0,2022年1季度股票投资明细,270002,2022
5,600547,山东黄金,2.46,2050.0,44075.0,2022年1季度股票投资明细,270002,2022
6,300012,华测检测,2.31,2100.0,41307.0,2022年1季度股票投资明细,270002,2022
7,002415,海康威视,2.13,930.0,38130.0,2022年1季度股票投资明细,270002,2022
8,600519,贵州茅台,2.11,22.0,37818.0,2022年1季度股票投资明细,270002,2022
9,300233,金城医药,1.86,900.0,33246.0,2022年1季度股票投资明细,270002,2022
10,300979,华利集团,1.74,428.6,31150.65,2022年1季度股票投资明细,270002,2022
11,603833,欧派家居,5.72,680.0,102462.4,2022年2季度股票投资明细,270002,2022
12,300408,三环集团,3.53,2100.0,63210.0,2022年2季度股票投资明细,270002,2022
13,002027,分众传媒,3.3,8800.0,59224.0,2022年2季度股票投资明细,270002,2022
14,300012,华测检测,2.72,2100.0,48741.0,2022年2季度股票投资明细,270002,2022
15,300979,华利集团,2.6,650.0,46576.2,2022年2季度股票投资明细,270002,2022
16,605499,东鹏饮料,2.28,239.25,40877.55,2022年2季度股票投资明细,270002,2022
17,300233,金城医药,2.26,1420.0,40512.6,2022年2季度股票投资明细,270002,2022
18,300357,我武生物,2.18,750.0,39022.5,2022年2季度股票投资明细,270002,2022
19,600547,山东黄金,2.12,2050.0,38048.0,2022年2季度股票投资明细,270002,2022
20,600519,贵州茅台,2.05,18.0,36810.0,2022年2季度股票投资明细,270002,2022
21,603833,欧派家居,4.71,675.0,76686.75,2022年3季度股票投资明细,270002,2022
22,300408,三环集团,3.36,2100.0,54684.0,2022年3季度股票投资明细,270002,2022
23,300012,华测检测,2.85,2280.0,46398.0,2022年3季度股票投资明细,270002,2022
24,605499,东鹏饮料,2.81,322.0,45685.36,2022年3季度股票投资明细,270002,2022
25,300357,我武生物,2.35,785.0,38253.05,2022年3季度股票投资明细,270002,2022
26,300233,金城医药,2.2,1420.0,35855.0,2022年3季度股票投资明细,270002,2022
27,600519,贵州茅台,2.07,18.0,33705.0,2022年3季度股票投资明细,270002,2022
28,300979,华利集团,1.89,650.0,30789.8,2022年3季度股票投资明细,270002,2022
29,002027,分众传媒,1.87,5500.0,30360.0,2022年3季度股票投资明细,270002,2022
30,002832,比音勒芬,1.56,1150.0,25311.5,2022年3季度股票投资明细,270002,2022
31,603833,欧派家居,4.98,680.0,82640.4,2022年4季度股票投资明细,270002,2022
32,300408,三环集团,3.66,1980.0,60805.8,2022年4季度股票投资明细,270002,2022
33,605499,东鹏饮料,3.49,326.0,57995.4,2022年4季度股票投资明细,270002,2022
34,300012,华测检测,3.06,2280.0,50844.0,2022年4季度股票投资明细,270002,2022
35,300357,我武生物,2.59,780.0,42978.0,2022年4季度股票投资明细,270002,2022
36,300979,华利集团,2.24,650.0,37121.5,2022年4季度股票投资明细,270002,2022
37,002027,分众传媒,2.13,5300.0,35404.0,2022年4季度股票投资明细,270002,2022
38,600519,贵州茅台,1.87,18.0,31086.0,2022年4季度股票投资明细,270002,2022
39,002832,比音勒芬,1.82,1180.0,30219.8,2022年4季度股票投资明细,270002,2022
40,600933,爱柯迪,1.49,1360.0,24765.6,2022年4季度股票投资明细,270002,2022
1,603833,欧派家居,4.96,680.0,82130.4,2023年1季度股票投资明细,270002,2023
2,605499,东鹏饮料,3.87,333.0,64072.53,2023年1季度股票投资明细,270002,2023
3,300408,三环集团,3.51,1930.0,58093.0,2023年1季度股票投资明细,270002,2023
4,300012,华测检测,2.97,2400.0,49200.0,2023年1季度股票投资明细,270002,2023
5,002832,比音勒芬,2.29,1180.0,37996.0,2023年1季度股票投资明细,270002,2023
6,300357,我武生物,2.24,780.0,37128.0,2023年1季度股票投资明细,270002,2023
7,002027,分众传媒,2.2,5300.0,36411.0,2023年1季度股票投资明细,270002,2023
8,300979,华利集团,2.06,650.0,34138.0,2023年1季度股票投资明细,270002,2023
9,600519,贵州茅台,1.98,18.0,32760.0,2023年1季度股票投资明细,270002,2023
10,600933,爱柯迪,1.84,1260.0,30466.8,2023年1季度股票投资明细,270002,2023
11,603833,欧派家居,4.25,680.0,65144.0,2023年2季度股票投资明细,270002,2023
12,605499,东鹏饮料,3.78,335.0,57921.5,2023年2季度股票投资明细,270002,2023
13,300408,三环集团,3.29,1720.0,50482.0,2023年2季度股票投资明细,270002,2023
14,300012,华测检测,3.05,2400.0,46800.0,2023年2季度股票投资明细,270002,2023
15,002832,比音勒芬,2.68,1160.0,41075.6,2023年2季度股票投资明细,270002,2023
16,600519,贵州茅台,1.98,18.0,30438.0,2023年2季度股票投资明细,270002,2023
17,300979,华利集团,1.91,600.0,29244.0,2023年2季度股票投资明细,270002,2023
18,600933,爱柯迪,1.82,1200.0,27948.0,2023年2季度股票投资明细,270002,2023
19,300357,我武生物,1.71,780.0,26231.4,2023年2季度股票投资明细,270002,2023
20,002027,分众传媒,1.69,3800.0,25878.0,2023年2季度股票投资明细,270002,2023
21,605499,东鹏饮料,4.66,390.0,70853.39,2023年3季度股票投资明细,270002,2023
22,603833,欧派家居,4.55,721.85,69218.2,2023年3季度股票投资明细,270002,2023
23,300408,三环集团,3.36,1650.0,51150.0,2023年3季度股票投资明细,270002,2023
24,300012,华测检测,2.95,2400.0,44832.0,2023年3季度股票投资明细,270002,2023
25,002832,比音勒芬,2.7,1221.11,41065.93,2023年3季度股票投资明细,270002,2023
26,000333,美的集团,2.48,680.0,37726.4,2023年3季度股票投资明细,270002,2023
27,600519,贵州茅台,2.25,19.0,34172.45,2023年3季度股票投资明细,270002,2023
28,600933,爱柯迪,2.01,1250.0,30612.5,2023年3季度股票投资明细,270002,2023
29,603730,岱美股份,1.99,1720.0,30220.4,2023年3季度股票投资明细,270002,2023
30,300760,迈瑞医疗,1.88,106.01,28602.56,2023年3季度股票投资明细,270002,2023
31,605499,东鹏饮料,4.82,380.0,69169.81,2023年4季度股票投资明细,270002,2023
32,603833,欧派家居,3.54,730.85,50874.47,2023年4季度股票投资明细,270002,2023
33,300408,三环集团,3.23,1575.0,46383.75,2023年4季度股票投资明细,270002,2023
34,000333,美的集团,3.04,799.0,43649.38,2023年4季度股票投资明细,270002,2023
35,002832,比音勒芬,2.69,1221.11,38709.19,2023年4季度股票投资明细,270002,2023
36,300012,华测检测,2.37,2400.0,34080.0,2023年4季度股票投资明细,270002,2023
37,600519,贵州茅台,2.28,19.0,32794.0,2023年4季度股票投资明细,270002,2023
38,002027,分众传媒,2.11,4800.0,30336.0,2023年4季度股票投资明细,270002,2023
39,600933,爱柯迪,1.96,1280.0,28083.2,2023年4季度股票投资明细,270002,2023
40,002003,伟星股份,1.95,2630.0,28071.41,2023年4季度股票投资明细,270002,2023
1,605499,东鹏饮料,4.73,350.0,65355.5,2024年1季度股票投资明细,270002,2024
2,000333,美的集团,3.7,795.0,51054.9,2024年1季度股票投资明细,270002,2024
3,603833,欧派家居,3.35,725.0,46313.0,2024年1季度股票投资明细,270002,2024
4,300408,三环集团,2.65,1480.0,36541.2,2024年1季度股票投资明细,270002,2024
5,002832,比音勒芬,2.58,1221.11,35644.2,2024年1季度股票投资明细,270002,2024
6,002027,分众传媒,2.36,5000.0,32600.0,2024年1季度股票投资明细,270002,2024
7,600519,贵州茅台,2.34,19.0,32355.1,2024年1季度股票投资明细,270002,2024
8,300012,华测检测,2.22,2400.0,30672.0,2024年1季度股票投资明细,270002,2024
9,002003,伟星股份,2.05,2720.0,28284.18,2024年1季度股票投资明细,270002,2024
10,601799,星宇股份,1.89,186.0,26051.16,2024年1季度股票投资明细,270002,2024
11,000333,美的集团,4.19,860.0,55470.0,2024年2季度股票投资明细,270002,2024
12,600547,山东黄金,3.43,1660.1,45453.51,2024年2季度股票投资明细,270002,2024
13,601899,紫金矿业,3.18,2400.0,42168.0,2024年2季度股票投资明细,270002,2024
14,002027,分众传媒,2.74,6000.0,36360.0,2024年2季度股票投资明细,270002,2024
15,002003,伟星股份,2.58,2720.0,34136.0,2024年2季度股票投资明细,270002,2024
16,605499,东鹏饮料,2.44,150.0,32362.5,2024年2季度股票投资明细,270002,2024
17,600750,江中药业,2.28,1308.0,30227.88,2024年2季度股票投资明细,270002,2024
18,002832,比音勒芬,2.21,1210.0,29245.7,2024年2季度股票投资明细,270002,2024
19,601168,西部矿业,2.03,1500.0,26925.01,2024年2季度股票投资明细,270002,2024
20,600519,贵州茅台,1.99,18.0,26413.02,2024年2季度股票投资明细,270002,2024
21,000333,美的集团,4.96,900.0,68454.0,2024年3季度股票投资明细,270002,2024
22,600547,山东黄金,4.2,1978.09,57938.15,2024年3季度股票投资明细,270002,2024
23,601899,紫金矿业,3.35,2550.0,46257.0,2024年3季度股票投资明细,270002,2024
24,002027,分众传媒,3.07,6000.0,42420.0,2024年3季度股票投资明细,270002,2024
25,002003,伟星股份,2.63,2600.0,36270.0,2024年3季度股票投资明细,270002,2024
26,300012,华测检测,2.49,2280.0,34291.2,2024年3季度股票投资明细,270002,2024
27,600750,江中药业,2.48,1450.0,34220.0,2024年3季度股票投资明细,270002,2024
28,600519,贵州茅台,2.28,18.0,31464.0,2024年3季度股票投资明细,270002,2024
29,601799,星宇股份,2.14,200.0,29534.0,2024年3季度股票投资明细,270002,2024
30,002832,比音勒芬,2.04,1160.0,28153.2,2024年3季度股票投资明细,270002,2024
31,000333,美的集团,5.82,900.0,67698.0,2024年4季度股票投资明细,270002,2024
32,601899,紫金矿业,4.55,3500.0,52920.0,2024年4季度股票投资明细,270002,2024
33,600547,山东黄金,4.09,2100.0,47523.0,2024年4季度股票投资明细,270002,2024
34,002003,伟星股份,3.05,2500.0,35425.0,2024年4季度股票投资明细,270002,2024
35,600750,江中药业,3.05,1560.0,35412.0,2024年4季度股票投资明细,270002,2024
36,002027,分众传媒,2.72,4500.0,31635.0,2024年4季度股票投资明细,270002,2024
37,600933,爱柯迪,2.47,1760.0,28688.0,2024年4季度股票投资明细,270002,2024
38,601799,星宇股份,2.3,200.0,26696.0,2024年4季度股票投资明细,270002,2024
39,002318,久立特材,2.28,1130.0,26453.3,2024年4季度股票投资明细,270002,2024
40,300012,华测检测,1.93,1800.0,22374.0,2024年4季度股票投资明细,270002,2024
1,002127,南极电商,9.9,3186.09,36958.64,2020年1季度股票投资明细,519066,2020
2,000858,五粮液,7.62,246.9,28442.88,2020年1季度股票投资明细,519066,2020
3,300144,宋城演艺,7.49,1120.03,27978.42,2020年1季度股票投资明细,519066,2020
4,600519,贵州茅台,7.14,24.0,26664.0,2020年1季度股票投资明细,519066,2020
5,000786,北新建材,4.11,650.38,15348.97,2020年1季度股票投资明细,519066,2020
6,300601,康泰生物,3.53,115.0,13179.0,2020年1季度股票投资明细,519066,2020
7,002714,牧原股份,3.45,105.42,12882.89,2020年1季度股票投资明细,519066,2020
8,600763,通策医疗,2.89,100.01,10778.92,2020年1季度股票投资明细,519066,2020
9,002706,良信股份,2.83,894.45,10572.41,2020年1季度股票投资明细,519066,2020
10,300760,迈瑞医疗,2.8,40.0,10468.0,2020年1季度股票投资明细,519066,2020
11,002127,南极电商,9.24,2709.46,57359.24,2020年2季度股票投资明细,519066,2020
12,601888,中国中免,8.69,350.0,53910.04,2020年2季度股票投资明细,519066,2020
13,000858,五粮液,7.1,257.49,44062.34,2020年2季度股票投资明细,519066,2020
14,300144,宋城演艺,5.99,2150.09,37196.52,2020年2季度股票投资明细,519066,2020
15,600519,贵州茅台,4.24,18.0,26331.84,2020年2季度股票投资明细,519066,2020
16,002706,良信股份,3.34,1241.22,20703.54,2020年2季度股票投资明细,519066,2020
17,300601,康泰生物,3.14,120.0,19459.2,2020年2季度股票投资明细,519066,2020
18,600763,通策医疗,2.78,103.4,17244.33,2020年2季度股票投资明细,519066,2020
19,300760,迈瑞医疗,2.71,55.01,16815.52,2020年2季度股票投资明细,519066,2020
20,603713,密尔克卫,2.51,150.01,15603.71,2020年2季度股票投资明细,519066,2020
21,601888,中国中免,7.72,327.58,73030.69,2020年3季度股票投资明细,519066,2020
22,000858,五粮液,7.0,300.0,66300.84,2020年3季度股票投资明细,519066,2020
23,002127,南极电商,5.84,3200.0,55232.0,2020年3季度股票投资明细,519066,2020
24,600519,贵州茅台,4.58,26.0,43381.0,2020年3季度股票投资明细,519066,2020
25,002706,良信股份,4.22,1500.0,39929.98,2020年3季度股票投资明细,519066,2020
26,300760,迈瑞医疗,3.97,108.0,37585.29,2020年3季度股票投资明细,519066,2020
27,300144,宋城演艺,3.94,2043.96,37281.83,2020年3季度股票投资明细,519066,2020
28,002568,百润股份,2.7,400.0,25547.73,2020年3季度股票投资明细,519066,2020
29,002847,盐津铺子,2.69,180.0,25417.22,2020年3季度股票投资明细,519066,2020
30,600298,安琪酵母,2.63,420.0,24911.75,2020年3季度股票投资明细,519066,2020
31,600519,贵州茅台,10.15,51.5,102902.0,2020年4季度股票投资明细,519066,2020
32,000858,五粮液,7.77,270.0,78798.3,2020年4季度股票投资明细,519066,2020
33,601888,中国中免,5.85,210.05,59327.8,2020年4季度股票投资明细,519066,2020
34,002706,良信股份,4.72,1562.04,47860.88,2020年4季度股票投资明细,519066,2020
35,002568,百润股份,4.11,400.0,41716.0,2020年4季度股票投资明细,519066,2020
36,300144,宋城演艺,4.11,2350.0,41642.0,2020年4季度股票投资明细,519066,2020
37,002127,南极电商,4.05,3000.0,41040.0,2020年4季度股票投资明细,519066,2020
38,688111,金山办公,3.37,90.0,34146.1,2020年4季度股票投资明细,519066,2020
39,300760,迈瑞医疗,3.36,80.0,34080.0,2020年4季度股票投资明细,519066,2020
40,603345,安井食品,3.23,170.0,32788.69,2020年4季度股票投资明细,519066,2020
1,000858,五粮液,9.32,300.0,80394.0,2021年1季度股票投资明细,519066,2021
2,600519,贵州茅台,9.09,39.0,78351.0,2021年1季度股票投资明细,519066,2021
3,601888,中国中免,9.05,255.0,78050.4,2021年1季度股票投资明细,519066,2021
4,002568,百润股份,6.0,475.0,51775.0,2021年1季度股票投资明细,519066,2021
5,002706,良信股份,5.57,1557.14,48006.6,2021年1季度股票投资明细,519066,2021
6,603345,安井食品,4.72,195.01,40670.87,2021年1季度股票投资明细,519066,2021
7,300760,迈瑞医疗,4.17,90.01,35922.21,2021年1季度股票投资明细,519066,2021
8,300274,阳光电源,3.33,400.0,28712.0,2021年1季度股票投资明细,519066,2021
9,600298,安琪酵母,3.21,501.0,27675.37,2021年1季度股票投资明细,519066,2021
10,603027,千禾味业,2.92,680.0,25160.06,2021年1季度股票投资明细,519066,2021
11,000858,五粮液,9.39,300.0,89367.0,2021年2季度股票投资明细,519066,2021
12,601888,中国中免,8.52,270.0,81027.0,2021年2季度股票投资明细,519066,2021
13,600519,贵州茅台,8.22,38.0,78154.6,2021年2季度股票投资明细,519066,2021
14,002568,百润股份,7.17,720.0,68248.8,2021年2季度股票投资明细,519066,2021
15,603345,安井食品,6.54,245.01,62236.93,2021年2季度股票投资明细,519066,2021
16,002271,东方雨虹,5.23,900.01,49788.3,2021年2季度股票投资明细,519066,2021
17,002475,立讯精密,4.84,1000.0,46000.0,2021年2季度股票投资明细,519066,2021
18,002706,良信股份,4.8,2024.28,45627.29,2021年2季度股票投资明细,519066,2021
19,300760,迈瑞医疗,3.78,75.0,36003.75,2021年2季度股票投资明细,519066,2021
20,603713,密尔克卫,2.72,240.0,25915.26,2021年2季度股票投资明细,519066,2021
21,601888,中国中免,7.2,229.0,59540.0,2021年3季度股票投资明细,519066,2021
22,000858,五粮液,6.88,259.39,56907.57,2021年3季度股票投资明细,519066,2021
23,600519,贵州茅台,6.64,30.0,54900.0,2021年3季度股票投资明细,519066,2021
24,002568,百润股份,6.48,720.0,53632.8,2021年3季度股票投资明细,519066,2021
25,603345,安井食品,5.69,245.01,47039.09,2021年3季度股票投资明细,519066,2021
26,300760,迈瑞医疗,3.73,80.0,30833.6,2021年3季度股票投资明细,519066,2021
27,002706,良信股份,3.33,2024.28,27509.98,2021年3季度股票投资明细,519066,2021
28,002714,牧原股份,3.14,500.0,25950.01,2021年3季度股票投资明细,519066,2021
29,600309,万华化学,2.77,215.0,22951.25,2021年3季度股票投资明细,519066,2021
30,603259,药明康德,2.77,150.07,22930.27,2021年3季度股票投资明细,519066,2021
31,600519,贵州茅台,7.84,30.0,61500.0,2021年4季度股票投资明细,519066,2021
32,601888,中国中免,7.55,270.0,59240.7,2021年4季度股票投资明细,519066,2021
33,002568,百润股份,5.49,720.0,43077.6,2021年4季度股票投资明细,519066,2021
34,002706,良信股份,4.6,2024.28,36072.69,2021年4季度股票投资明细,519066,2021
35,300750,宁德时代,4.5,60.0,35280.82,2021年4季度股票投资明细,519066,2021
36,600309,万华化学,4.05,314.55,31769.55,2021年4季度股票投资明细,519066,2021
37,603713,密尔克卫,3.5,203.93,27485.77,2021年4季度股票投资明细,519066,2021
38,300760,迈瑞医疗,3.4,70.0,26656.0,2021年4季度股票投资明细,519066,2021
39,000568,泸州老窖,3.3,102.0,25894.74,2021年4季度股票投资明细,519066,2021
40,300274,阳光电源,3.16,170.01,24786.82,2021年4季度股票投资明细,519066,2021
1,600519,贵州茅台,8.46,32.12,55220.12,2022年1季度股票投资明细,519066,2022
2,300750,宁德时代,5.17,65.8,33710.06,2022年1季度股票投资明细,519066,2022
3,603259,药明康德,5.1,296.07,33272.03,2022年1季度股票投资明细,519066,2022
4,601888,中国中免,4.93,195.8,32183.65,2022年1季度股票投资明细,519066,2022
5,000568,泸州老窖,3.93,137.8,25614.26,2022年1季度股票投资明细,519066,2022
6,300274,阳光电源,3.83,233.0,24991.76,2022年1季度股票投资明细,519066,2022
7,000858,五粮液,3.78,159.18,24682.45,2022年1季度股票投资明细,519066,2022
8,002706,良信股份,3.74,2024.28,24412.83,2022年1季度股票投资明细,519066,2022
9,002714,牧原股份,3.35,384.01,21834.8,2022年1季度股票投资明细,519066,2022
10,002271,东方雨虹,3.24,470.0,21121.8,2022年1季度股票投资明细,519066,2022
11,600519,贵州茅台,9.07,31.12,63647.35,2022年2季度股票投资明细,519066,2022
12,000858,五粮液,6.26,217.74,43968.24,2022年2季度股票投资明细,519066,2022
13,300750,宁德时代,5.59,73.55,39276.45,2022年2季度股票投资明细,519066,2022
14,000568,泸州老窖,5.21,148.29,36559.42,2022年2季度股票投资明细,519066,2022
15,603259,药明康德,4.8,324.1,33703.14,2022年2季度股票投资明细,519066,2022
16,601888,中国中免,3.58,108.04,25166.64,2022年2季度股票投资明细,519066,2022
17,002714,牧原股份,3.02,384.01,21224.22,2022年2季度股票投资明细,519066,2022
18,002706,良信股份,2.61,1107.48,18306.66,2022年2季度股票投资明细,519066,2022
19,600309,万华化学,2.36,170.55,16541.64,2022年2季度股票投资明细,519066,2022
20,603501,韦尔股份,2.35,95.26,16483.2,2022年2季度股票投资明细,519066,2022
21,600519,贵州茅台,9.35,31.12,58278.57,2022年3季度股票投资明细,519066,2022
22,000568,泸州老窖,5.79,156.49,36095.98,2022年3季度股票投资明细,519066,2022
23,000858,五粮液,5.04,185.74,31432.78,2022年3季度股票投资明细,519066,2022
24,600048,保利发展,4.43,1532.99,27593.85,2022年3季度股票投资明细,519066,2022
25,300750,宁德时代,4.38,68.05,27281.13,2022年3季度股票投资明细,519066,2022
26,603259,药明康德,4.05,352.1,25242.03,2022年3季度股票投资明细,519066,2022
27,002714,牧原股份,3.36,384.01,20936.21,2022年3季度股票投资明细,519066,2022
28,600309,万华化学,2.52,170.55,15707.66,2022年3季度股票投资明细,519066,2022
29,601888,中国中免,2.26,71.04,14084.43,2022年3季度股票投资明细,519066,2022
30,600160,巨化股份,2.21,992.0,13778.82,2022年3季度股票投资明细,519066,2022
31,600519,贵州茅台,9.71,34.1,58896.57,2022年4季度股票投资明细,519066,2022
32,000568,泸州老窖,8.86,239.72,53764.4,2022年4季度股票投资明细,519066,2022
33,603259,药明康德,4.7,352.1,28520.08,2022年4季度股票投资明细,519066,2022
34,600048,保利发展,4.03,1617.99,24480.21,2022年4季度股票投资明细,519066,2022
35,000858,五粮液,3.91,131.41,23743.99,2022年4季度股票投资明细,519066,2022
36,002714,牧原股份,3.09,384.01,18720.48,2022年4季度股票投资明细,519066,2022
37,300750,宁德时代,3.05,47.05,18510.96,2022年4季度股票投资明细,519066,2022
38,600160,巨化股份,2.88,1126.0,17464.2,2022年4季度股票投资明细,519066,2022
39,600309,万华化学,2.6,170.55,15801.46,2022年4季度股票投资明细,519066,2022
40,600399,抚顺特钢,2.05,868.0,12421.08,2022年4季度股票投资明细,519066,2022
1,000568,泸州老窖,10.17,239.72,61078.26,2023年1季度股票投资明细,519066,2023
2,600519,贵州茅台,9.82,32.42,59010.59,2023年1季度股票投资明细,519066,2023
3,000858,五粮液,5.12,156.15,30761.02,2023年1季度股票投资明细,519066,2023
4,603259,药明康德,4.66,352.1,27991.93,2023年1季度股票投资明细,519066,2023
5,600048,保利发展,3.81,1617.99,22862.22,2023年1季度股票投资明细,519066,2023
6,300750,宁德时代,3.18,47.05,19105.22,2023年1季度股票投资明细,519066,2023
7,600160,巨化股份,2.96,1006.0,17786.01,2023年1季度股票投资明细,519066,2023
8,002714,牧原股份,2.77,339.01,16611.48,2023年1季度股票投资明细,519066,2023
9,600309,万华化学,2.72,170.55,16352.33,2023年1季度股票投资明细,519066,2023
10,002484,江海股份,1.83,500.12,10967.57,2023年1季度股票投资明细,519066,2023
11,600519,贵州茅台,9.35,29.46,49822.61,2023年2季度股票投资明细,519066,2023
12,000568,泸州老窖,9.23,234.65,49175.6,2023年2季度股票投资明细,519066,2023
13,000858,五粮液,4.79,156.15,25541.01,2023年2季度股票投资明细,519066,2023
14,603259,药明康德,4.12,352.1,21939.34,2023年2季度股票投资明细,519066,2023
15,600048,保利发展,3.95,1617.99,21082.43,2023年2季度股票投资明细,519066,2023
16,300750,宁德时代,3.63,84.69,19376.8,2023年2季度股票投资明细,519066,2023
17,600160,巨化股份,2.6,1006.0,13862.62,2023年2季度股票投资明细,519066,2023
18,002714,牧原股份,2.36,299.01,12603.26,2023年2季度股票投资明细,519066,2023
19,600309,万华化学,2.12,128.55,11291.83,2023年2季度股票投资明细,519066,2023
20,002484,江海股份,1.69,422.12,8986.87,2023年2季度股票投资明细,519066,2023
21,600519,贵州茅台,9.9,28.49,51246.8,2023年3季度股票投资明细,519066,2023
22,000568,泸州老窖,9.3,222.35,48172.13,2023年3季度股票投资明细,519066,2023
23,603259,药明康德,4.99,300.1,25862.6,2023年3季度股票投资明细,519066,2023
24,000858,五粮液,4.71,156.15,24374.59,2023年3季度股票投资明细,519066,2023
25,600048,保利发展,3.98,1617.99,20613.21,2023年3季度股票投资明细,519066,2023
26,300750,宁德时代,3.32,84.69,17195.12,2023年3季度股票投资明细,519066,2023
27,600160,巨化股份,2.96,1006.0,15311.26,2023年3季度股票投资明细,519066,2023
28,600309,万华化学,2.19,128.55,11353.54,2023年3季度股票投资明细,519066,2023
29,603379,三美股份,1.73,312.0,8957.4,2023年3季度股票投资明细,519066,2023
30,600399,抚顺特钢,1.57,868.0,8133.16,2023年3季度股票投资明细,519066,2023
31,600519,贵州茅台,9.77,27.01,46625.13,2023年4季度股票投资明细,519066,2023
32,000568,泸州老窖,8.7,231.53,41541.11,2023年4季度股票投资明细,519066,2023
33,000858,五粮液,4.59,156.15,21909.03,2023年4季度股票投资明细,519066,2023
34,603259,药明康德,4.38,287.14,20892.29,2023年4季度股票投资明细,519066,2023
35,600160,巨化股份,3.47,1006.0,16588.87,2023年4季度股票投资明细,519066,2023
36,600048,保利发展,3.36,1617.99,16018.12,2023年4季度股票投资明细,519066,2023
37,300750,宁德时代,2.9,84.69,13826.9,2023年4季度股票投资明细,519066,2023
38,603379,三美股份,2.22,312.0,10607.85,2023年4季度股票投资明细,519066,2023
39,600309,万华化学,2.07,128.55,9875.21,2023年4季度股票投资明细,519066,2023
40,600399,抚顺特钢,1.77,868.0,8436.96,2023年4季度股票投资明细,519066,2023
1,600519,贵州茅台,9.31,25.23,42969.96,2024年1季度股票投资明细,519066,2024
2,000568,泸州老窖,8.66,216.53,39969.27,2024年1季度股票投资明细,519066,2024
3,000858,五粮液,5.19,156.15,23970.17,2024年1季度股票投资明细,519066,2024
4,600160,巨化股份,5.03,981.0,23210.37,2024年1季度股票投资明细,519066,2024
5,300750,宁德时代,3.51,85.23,16207.43,2024年1季度股票投资明细,519066,2024
6,603379,三美股份,2.37,252.0,10926.53,2024年1季度股票投资明细,519066,2024
7,600309,万华化学,2.31,128.55,10643.94,2024年1季度股票投资明细,519066,2024
8,600188,兖矿能源,2.27,441.31,10498.76,2024年1季度股票投资明细,519066,2024
9,600690,海尔智家,1.51,280.0,6986.0,2024年1季度股票投资明细,519066,2024
10,601899,紫金矿业,1.46,400.0,6728.0,2024年1季度股票投资明细,519066,2024
11,600519,贵州茅台,5.69,17.0,24950.62,2024年2季度股票投资明细,519066,2024
12,600160,巨化股份,4.52,821.0,19810.63,2024年2季度股票投资明细,519066,2024
13,300750,宁德时代,4.11,100.23,18044.14,2024年2季度股票投资明细,519066,2024
14,000858,五粮液,2.63,90.05,11529.66,2024年2季度股票投资明细,519066,2024
15,601138,工业富联,2.5,400.0,10960.0,2024年2季度股票投资明细,519066,2024
16,600150,中国船舶,2.32,250.0,10177.5,2024年2季度股票投资明细,519066,2024
17,002594,比亚迪,2.28,39.99,10007.67,2024年2季度股票投资明细,519066,2024
18,600690,海尔智家,2.13,330.0,9365.4,2024年2季度股票投资明细,519066,2024
19,601899,紫金矿业,2.0,500.0,8785.0,2024年2季度股票投资明细,519066,2024
20,300502,新易盛,1.92,80.0,8444.0,2024年2季度股票投资明细,519066,2024
21,300750,宁德时代,5.73,105.0,26448.07,2024年3季度股票投资明细,519066,2024
22,600519,贵州茅台,4.92,13.0,22716.66,2024年3季度股票投资明细,519066,2024
23,000858,五粮液,4.22,120.05,19508.89,2024年3季度股票投资明细,519066,2024
24,600160,巨化股份,3.86,801.0,17838.18,2024年3季度股票投资明细,519066,2024
25,002594,比亚迪,2.99,44.99,13826.09,2024年3季度股票投资明细,519066,2024
26,300502,新易盛,2.55,90.57,11771.38,2024年3季度股票投资明细,519066,2024
27,600690,海尔智家,2.44,350.0,11252.5,2024年3季度股票投资明细,519066,2024
28,601899,紫金矿业,2.36,600.0,10884.0,2024年3季度股票投资明细,519066,2024
29,300274,阳光电源,2.16,100.04,9961.64,2024年3季度股票投资明细,519066,2024
30,002475,立讯精密,2.07,220.0,9561.2,2024年3季度股票投资明细,519066,2024
31,300750,宁德时代,6.21,100.0,26599.6,2024年4季度股票投资明细,519066,2024
32,000858,五粮液,4.91,150.05,21012.62,2024年4季度股票投资明细,519066,2024
33,000333,美的集团,2.64,150.04,11286.01,2024年4季度股票投资明细,519066,2024
34,601899,紫金矿业,2.47,700.0,10584.0,2024年4季度股票投资明细,519066,2024
35,300502,新易盛,2.43,90.07,10410.29,2024年4季度股票投资明细,519066,2024
36,002475,立讯精密,2.38,250.0,10190.0,2024年4季度股票投资明细,519066,2024
37,600690,海尔智家,2.33,350.0,9964.5,2024年4季度股票投资明细,519066,2024
38,600160,巨化股份,2.09,371.0,8948.42,2024年4季度股票投资明细,519066,2024
39,002916,深南电路,2.04,70.01,8751.25,2024年4季度股票投资明细,519066,2024
40,600938,中国海油,1.77,257.32,7593.51,2024年4季度股票投资明细,519066,2024
