date,stock_code,monthly_return
2020-02-28,002007,0.16580516898608355
2020-03-31,002007,0.16814461118690316
2020-04-30,002007,0.06773722627737233
2020-05-29,002007,0.06316652994257588
2020-06-30,002007,0.22968106995884763
2020-07-31,002007,0.30997699226103315
2020-08-31,002007,-0.11703656394699036
2020-09-30,002007,-0.01103074141048821
2020-10-30,002007,-0.10586944596818426
2020-11-30,002007,-0.1668711656441717
2020-12-31,002007,-0.019636720667648655
2021-01-29,002007,0.09389083625438155
2021-02-26,002007,-0.07347219043259334
2021-03-31,002007,-0.07485177865612636
2021-04-30,002007,0.06221628838451254
2021-05-31,002007,-0.042232277526395134
2021-06-30,002007,-0.0897637795275591
2021-07-30,002007,0.003171856978085419
2021-08-31,002007,-0.21155504455303242
2021-09-30,002007,-0.05577834487787103
2021-10-29,002007,0.06949806949806958
2021-11-30,002007,-0.028880866425992857
2021-12-31,002007,0.008921933085501932
2022-01-28,002007,-0.14443625644804725
2022-02-28,002007,0.02067183462532296
2022-03-31,002007,-0.2274261603375528
2022-04-29,002007,-0.19770617149098846
2022-05-31,002007,0.1368277739959156
2022-06-30,002007,0.2574850299401199
2022-07-29,002007,-0.13333333333333341
2022-08-31,002007,-0.01318681318681314
2022-09-30,002007,-0.08908685968819607
2022-10-31,002007,-0.026283618581907087
2022-11-30,002007,0.1713747645951036
2022-12-30,002007,0.1162915326902465
2023-01-31,002007,-0.015842534805568853
2023-02-28,002007,-0.00536585365853659
2023-03-31,002007,-0.01765571358509066
2023-04-28,002007,0.07239141288067885
2023-05-31,002007,-0.03491620111731841
2023-06-30,002007,0.00868306801736618
2023-07-31,002007,0.02965088474414168
2023-08-31,002007,-0.08360427310729213
2023-09-28,002007,0.04916371008616305
2023-10-31,002007,0.061352657004830835
2023-11-30,002007,0.031861629494765786
2023-12-29,002007,-0.08998676665196303
2024-01-31,002007,-0.21958313136209395
2024-02-29,002007,0.13229813664596257
2024-03-29,002007,0.02413603949533738
2024-04-30,002007,-0.037493304767006075
2024-05-31,002007,-0.07234279354479678
2024-06-28,002007,-0.1247750449910019
2024-07-31,002007,0.04797806716929398
2024-08-30,002007,-0.09287115761935905
2024-09-30,002007,0.20475847152126914
2024-10-31,002007,-0.08557749850388996
2024-11-29,002007,0.02486910994764413
2024-12-31,002007,-0.0006385696040868138
2020-02-28,002415,-0.03316749585406298
2020-03-31,002415,-0.24356775300171518
2020-04-30,002415,0.18866213151927447
2020-05-29,002415,-0.14841663487218626
2020-06-30,002415,0.12903225806451601
2020-07-31,002415,0.26349206349206344
2020-08-31,002415,0.013505025125628345
2020-09-30,002415,0.021382088627207807
2020-10-30,002415,0.20600728155339798
2020-11-30,002415,0.019371069182390066
2020-12-31,002415,0.07008884501480739
2021-01-29,002415,0.33417896678966796
2021-02-26,002415,-0.128608470181504
2021-03-31,002415,0.006744693513191846
2021-04-30,002415,0.13556650246305413
2021-05-31,002415,0.04511539128925901
2021-06-30,002415,-0.0013282417399966828
2021-07-30,002415,-0.058187863674147966
2021-08-31,002415,-0.16946160635481022
2021-09-30,002415,0.07651434643995758
2021-10-29,002415,-0.05409674234945705
2021-11-30,002415,-0.07555833855145055
2021-12-31,002415,0.08308873334838562
2022-01-28,002415,-0.10131332082551592
2022-02-28,002415,0.017165390860589325
2022-03-31,002415,-0.16419612314709242
2022-04-29,002415,0.040654843110504935
2022-05-31,002415,-0.2147351861562664
2022-06-30,002415,0.09348914858096835
2022-07-29,002415,-0.1300763358778626
2022-08-31,002415,-0.07265707265707255
2022-09-30,002415,0.020817562452687177
2022-10-31,002415,-0.07415647015202076
2022-11-30,002415,0.1237484981978374
2022-12-30,002415,0.11297220242337858
2023-01-31,002415,0.03746397694524495
2023-02-28,002415,0.07808641975308639
2023-03-31,002415,0.12253077583738903
2023-04-28,002415,-0.12522315735781697
2023-05-31,002415,-0.06384839650145768
2023-06-30,002415,-0.05450015571473066
2023-07-31,002415,0.10573122529644263
2023-08-31,002415,-0.030980041703902228
2023-09-28,002415,-0.04549646480172154
2023-10-31,002415,0.08534621578099855
2023-11-30,002415,-0.049258160237388826
2023-12-29,002415,-0.002184769038701684
2024-01-31,002415,-0.08758210822646217
2024-02-29,002415,0.10387384298937263
2024-03-29,002415,-0.08664596273291936
2024-04-30,002415,0.03230193811628701
2024-05-31,002415,0.013175230566534912
2024-06-28,002415,-0.055266579973992314
2024-07-31,002415,-0.06331727460426706
2024-08-30,002415,-0.08633357825128574
2024-09-30,002415,0.2239646160032167
2024-10-31,002415,-0.07161629434954009
2024-11-29,002415,-0.0010615711252653925
2024-12-31,002415,0.021962451292950824
2020-02-28,000001,-0.08182533438237616
2020-03-31,000001,-0.14567266495287057
2020-04-30,000001,0.1133400200601804
2020-05-29,000001,-0.06486486486486476
2020-06-30,000001,-0.019267822736030893
2020-07-31,000001,0.05304518664047153
2020-08-31,000001,0.1623134328358209
2020-09-30,000001,0.007223113964687
2020-10-30,000001,0.20557768924302788
2020-11-30,000001,0.13152676801057495
2020-12-31,000001,-0.02336448598130858
2021-01-29,000001,0.22428229665071764
2021-02-26,000001,-0.08353688324377129
2021-03-31,000001,0.033582089552238736
2021-04-30,000001,0.0660134089736979
2021-05-31,000001,0.05273343009192066
2021-06-30,000001,-0.07261029411764719
2021-07-30,000001,-0.24430128840436072
2021-08-31,000001,0.00721311475409836
2021-09-30,000001,0.00846354166666674
2021-10-29,000001,0.10135571336346016
2021-11-30,000001,-0.1207502930832356
2021-12-31,000001,-0.06400000000000006
2022-01-28,000001,-0.04629629629629617
2022-02-28,000001,-0.005974607916355512
2022-03-31,000001,-0.027798647633358486
2022-04-29,000001,-0.004636785162287382
2022-05-31,000001,-0.09006211180124224
2022-06-30,000001,0.06996587030716706
2022-07-29,000001,-0.16507177033492815
2022-08-31,000001,0.006685768863419206
2022-09-30,000001,-0.0863377609108158
2022-10-31,000001,-0.15576323987538943
2022-11-30,000001,0.3308733087330873
2022-12-30,000001,0.012014787430683738
2023-01-31,000001,0.16712328767123297
2023-02-28,000001,-0.09467918622848193
2023-03-31,000001,-0.10803802938634399
2023-04-28,000001,0.0019379844961240345
2023-05-31,000001,-0.09187620889748538
2023-06-30,000001,-0.008519701810436597
2023-07-31,000001,0.11707841031149302
2023-08-31,000001,-0.11442307692307685
2023-09-28,000001,0.007600434310531812
2023-10-31,000001,-0.07974137931034486
2023-11-30,000001,-0.09133489461358302
2023-12-29,000001,-0.037371134020618535
2024-01-31,000001,0.009370816599732379
2024-02-29,000001,0.14986737400530492
2024-03-29,000001,-0.008073817762399127
2024-04-30,000001,0.03139534883720918
2024-05-31,000001,0.036076662908681056
2024-06-28,000001,-0.02611534276387384
2024-07-31,000001,0.013407821229050487
2024-08-30,000001,-0.012127894156560015
2024-09-30,000001,0.2287946428571428
2024-10-31,000001,-0.0535876475930972
2024-11-29,000001,0.0
2024-12-31,000001,0.030710172744721653
2020-02-28,600809,-0.09110119746419354
2020-03-31,600809,0.07259106174115226
2020-04-30,600809,0.2945568400770713
2020-05-29,600809,0.27646511627906967
2020-06-30,600809,0.18524996356216294
2020-07-31,600809,0.310378750614855
2020-08-31,600809,0.11317567567567566
2020-09-30,600809,0.005816894284269125
2020-10-30,600809,0.16126058167798174
2020-11-30,600809,0.08018765788523985
2020-12-31,600809,0.6424562341306963
2021-01-29,600809,-0.0025222733005166864
2021-02-26,600809,-0.17863697540682744
2021-03-31,600809,0.06986444212721588
2021-04-30,600809,0.25675299359509873
2021-05-31,600809,0.13882118324839365
2021-06-30,600809,-0.03443914777702117
2021-07-30,600809,-0.11371956339210754
2021-08-31,600809,-0.03213460153851977
2021-09-30,600809,0.1487020868407658
2021-10-29,600809,-0.0477180544667507
2021-11-30,600809,0.030495006979491146
2021-12-31,600809,0.0200062519537354
2022-01-28,600809,-0.13835257261552092
2022-02-28,600809,0.06749920961112865
2022-03-31,600809,-0.13819783799792684
2022-04-29,600809,0.07345676360668407
2022-05-31,600809,0.0020008803873703407
2022-06-30,600809,0.21606294181077534
2022-07-29,600809,-0.16627803868764157
2022-08-31,600809,0.07417474198377061
2022-09-30,600809,0.03626828999963316
2022-10-31,600809,-0.2495222591832401
2022-11-30,600809,0.11161408968736741
2022-12-30,600809,0.122762365317723
2023-01-31,600809,0.024784645609792877
2023-02-28,600809,-0.03281226957675876
2023-03-31,600809,-0.03907143401692448
2023-04-28,600809,-0.0949660835415923
2023-05-31,600809,-0.16931843085689235
2023-06-30,600809,-0.1131279020683833
2023-07-31,600809,0.31955021418372187
2023-08-31,600809,0.014743676450696741
2023-09-28,600809,-0.011330311916822211
2023-10-31,600809,0.034605186283762635
2023-11-30,600809,-0.03622779201598547
2023-12-29,600809,-0.036643079280659796
2024-01-31,600809,-0.14325816412463743
2024-02-29,600809,0.1799366535605067
2024-03-29,600809,0.055630119868561145
2024-04-30,600809,0.07554035687667149
2024-05-31,600809,-0.0854801891407142
2024-06-28,600809,-0.13577000222866065
2024-07-31,600809,-0.11439475991541581
2024-08-30,600809,-0.04367829479937102
2024-09-30,600809,0.2561354363315267
2024-10-31,600809,-0.08721578513598682
2024-11-29,600809,0.014818355640535241
2024-12-31,600809,-0.10195216412832986
2020-02-28,000860,0.05001923816852649
2020-03-31,000860,0.11707585196042514
2020-04-30,000860,-0.11497457766114483
2020-05-29,000860,0.007783543365455836
2020-06-30,000860,0.042846634792202964
2020-07-31,000860,0.08640451419502737
2020-08-31,000860,0.21701022561272532
2020-09-30,000860,-0.20125366764470531
2020-10-30,000860,-0.08715979295374854
2020-11-30,000860,0.15657581854764935
2020-12-31,000860,0.1429701091254152
2021-01-29,000860,-0.08911028089110273
2021-02-26,000860,-0.1746923894880753
2021-03-31,000860,-0.1411743051720965
2021-04-30,000860,0.05829404200600097
2021-05-31,000860,0.010935601458080146
2021-06-30,000860,-0.15845352564102566
2021-07-30,000860,-0.26089026422280404
2021-08-31,000860,0.04669887278582929
2021-09-30,000860,0.08215384615384624
2021-10-29,000860,-0.0784759738413422
2021-11-30,000860,-0.014810243751928298
2021-12-31,000860,0.19041653617287801
2022-01-28,000860,-0.29176532491449614
2022-02-28,000860,0.004086181277860312
2022-03-31,000860,-0.1420643729189789
2022-04-29,000860,-0.12031047865459266
2022-05-31,000860,0.13725490196078427
2022-06-30,000860,0.14956896551724141
2022-07-29,000860,-0.12598425196850405
2022-08-31,000860,0.018876018876018863
2022-09-30,000860,-0.16799999999999993
2022-10-31,000860,0.02783400809716574
2022-11-30,000860,0.42688330871491886
2022-12-30,000860,0.023809523809523947
2023-01-31,000860,-0.09032692955847665
2023-02-28,000860,0.24231196739533178
2023-03-31,000860,0.05427974947807934
2023-04-28,000860,-0.025176803394625247
2023-05-31,000860,-0.11085316308763782
2023-06-30,000860,0.09464751958224538
2023-07-31,000860,-0.139236732259988
2023-08-31,000860,-0.1506754416349152
2023-09-28,000860,-0.06239804241435565
2023-10-31,000860,-0.01565898216615913
2023-11-30,000860,0.07865665046398584
2023-12-29,000860,-0.1339614911921344
2024-01-31,000860,-0.21617786187322607
2024-02-29,000860,0.1152685576342789
2024-03-29,000860,-0.045995670995671034
2024-04-30,000860,0.052750992626205306
2024-05-31,000860,0.012931034482758674
2024-06-28,000860,-0.11755319148936172
2024-07-31,000860,0.02591922845087402
2024-08-30,000860,-0.11222091656874267
2024-09-30,000860,0.31767041694242226
2024-10-31,000860,-0.10949271722752385
2024-11-29,000860,0.07501410039481105
2024-12-31,000860,0.01364113326337879
2020-02-28,603589,-0.1483333333333332
2020-03-31,603589,-0.09533128319821094
2020-04-30,603589,-0.004635352286773697
2020-05-29,603589,0.19062402980440862
2020-06-30,603589,0.13168187744458915
2020-07-31,603589,-0.021198156682027736
2020-08-31,603589,0.23822975517890788
2020-09-30,603589,-0.17832699619771863
2020-10-30,603589,0.09393799167052297
2020-11-30,603589,0.11040609137055846
2020-12-31,603589,0.1695238095238094
2021-01-29,603589,-0.08094462540716607
2021-02-26,603589,-0.1146553251816409
2021-03-31,603589,0.09087269815852683
2021-04-30,603589,0.004403669724770687
2021-05-31,603589,0.08969674826452323
2021-06-30,603589,0.02917015926236388
2021-07-30,603589,-0.20752565564424175
2021-08-31,603589,-0.1120246659815004
2021-09-30,603589,0.02268518518518503
2021-10-29,603589,0.22974196468990482
2021-11-30,603589,0.10196944597828095
2021-12-31,603589,0.07850342408551847
2022-01-28,603589,-0.01873935264054505
2022-02-28,603589,0.09296085858585856
2022-03-31,603589,-0.3106137184115523
2022-04-29,603589,-0.058860494344365355
2022-05-31,603589,0.03538838192744276
2022-06-30,603589,0.15670679277730004
2022-07-29,603589,-0.15796320386545248
2022-08-31,603589,0.009710880600309002
2022-09-30,603589,-0.07781420765027325
2022-10-31,603589,-0.15382792130836676
2022-11-30,603589,0.18207282913165268
2022-12-30,603589,0.2528436018957345
2023-01-31,603589,-0.0372612067334972
2023-02-28,603589,0.25933202357563845
2023-03-31,603589,0.023400936037441422
2023-04-28,603589,-0.15685975609756087
2023-05-31,603589,-0.10866027843066361
2023-06-30,603589,-0.06592292089249496
2023-07-31,603589,0.25059717698154205
2023-08-31,603589,-0.06806737280777919
2023-09-28,603589,-0.09726103968697597
2023-10-31,603589,-0.03240454076367394
2023-11-30,603589,-0.06313993174061439
2023-12-29,603589,-0.04371584699453557
2024-01-31,603589,-0.15166666666666662
2024-02-29,603589,0.10328374964917209
2024-03-29,603589,-0.056474179598066665
2024-04-30,603589,0.03855486654084661
2024-05-31,603589,0.004672897196261738
2024-06-28,603589,-0.07260981912144704
2024-07-31,603589,0.013931457230426325
2024-08-30,603589,-0.04781533388293491
2024-09-30,603589,0.3318903318903319
2024-10-31,603589,-0.19891657638136506
2024-11-29,603589,0.04841763592101711
2024-12-31,603589,-0.03405572755417963
2020-02-28,603369,-0.05377619612495055
2020-03-31,603369,-0.056414542415378244
2020-04-30,603369,0.19707705934455277
2020-05-29,603369,0.1502034776174621
2020-06-30,603369,0.11386297844966231
2020-07-31,603369,0.10626624314178446
2020-08-31,603369,0.28739232576350826
2020-09-30,603369,-0.20397404703974054
2020-10-30,603369,0.18925114620478856
2020-11-30,603369,-0.06917969586635242
2020-12-31,603369,0.20156465715600547
2021-01-29,603369,-0.030831099195710476
2021-02-26,603369,-0.12922347362181386
2021-03-31,603369,-0.004084411164057222
2021-04-30,603369,0.0997949419002051
2021-05-31,603369,0.1269939921276153
2021-06-30,603369,-0.09099264705882348
2021-07-30,603369,-0.26370070778564214
2021-08-31,603369,0.024718483932985702
2021-09-30,603369,0.08791208791208804
2021-10-29,603369,0.09903917220990377
2021-11-30,603369,0.1598296346110739
2021-12-31,603369,-0.03962118283726335
2022-01-28,603369,-0.07003421211511363
2022-02-28,603369,0.026617615234797665
2022-03-31,603369,-0.21184654300168626
2022-04-29,603369,0.07435143086386731
2022-05-31,603369,0.04232013940751789
2022-06-30,603369,0.11965607833771208
2022-07-29,603369,-0.15422354948805472
2022-08-31,603369,0.06128625472887772
2022-09-30,603369,-0.0076045627376425395
2022-10-31,603369,-0.203544061302682
2022-11-30,603369,0.13830426939266394
2022-12-30,603369,0.23560486001056535
2023-01-31,603369,0.14664386489952963
2023-02-28,603369,0.11819537658463819
2023-03-31,603369,0.012504168056018727
2023-04-28,603369,-0.08315494813107194
2023-05-31,603369,-0.07381465517241381
2023-06-30,603369,-0.041884816753926746
2023-07-31,603369,0.1689941307427647
2023-08-31,603369,-0.02164127423822715
2023-09-28,603369,-0.02176605910458318
2023-10-31,603369,-0.0030752532561505452
2023-11-30,603369,-0.08473961168571953
2023-12-29,603369,-0.10071371927042028
2024-01-31,603369,-0.10008818342151671
2024-02-29,603369,0.23248407643312108
2024-03-29,603369,0.09878751739216862
2024-04-30,603369,-0.022612156295224284
2024-05-31,603369,-0.08106607440310942
2024-06-28,603369,-0.1178247734138973
2024-07-31,603369,-0.045662100456621
2024-08-30,603369,-0.12057416267942578
2024-09-30,603369,0.3367791077257889
2024-10-31,603369,-0.15506715506715496
2024-11-29,603369,0.025048169556840083
2024-12-31,603369,0.006343984962405846
2020-02-28,000596,-0.17402164862614478
2020-03-31,000596,-0.08135080645161297
2020-04-30,000596,0.22670909689454644
2020-05-29,000596,0.13301726451382057
2020-06-30,000596,0.003789673140691674
2020-07-31,000596,0.5046405537203085
2020-08-31,000596,0.23763721902770496
2020-09-30,000596,-0.17562088190572722
2020-10-30,000596,-0.03371247054001436
2020-11-30,000596,0.005302226935312904
2020-12-31,000596,0.32067510548523215
2021-01-29,000596,-0.11182108626198084
2021-02-26,000596,-0.043705035971222994
2021-03-31,000596,-0.11336279857062259
2021-04-30,000596,0.09100068939916217
2021-05-31,000596,0.08540319836679156
2021-06-30,000596,-0.017465293327362352
2021-07-30,000596,-0.24434822242479493
2021-08-31,000596,0.15748838892574946
2021-09-30,000596,0.13819697759249605
2021-10-29,000596,-0.04976650489881873
2021-11-30,000596,0.12536738135389047
2021-12-31,000596,-0.04140086483709371
2022-01-28,000596,-0.15408664582402853
2022-02-28,000596,0.060718057022175254
2022-03-31,000596,-0.2470881035340966
2022-04-29,000596,0.15965886552955189
2022-05-31,000596,0.1851661820876802
2022-06-30,000596,0.11482033767858013
2022-07-29,000596,-0.15671384190541937
2022-08-31,000596,0.21392754809660253
2022-09-30,000596,0.07081138040042156
2022-10-31,000596,-0.29478449124188155
2022-11-30,000596,0.23024112525117224
2022-12-30,000596,0.12971280794882256
2023-01-31,000596,0.0445783132530122
2023-02-28,000596,-0.0160707420222993
2023-03-31,000596,0.08666770865895601
2023-04-28,000596,-0.08004314994606265
2023-05-31,000596,-0.08528767979987495
2023-06-30,000596,-0.01940005127766864
2023-07-31,000596,0.1208384172912671
2023-08-31,000596,0.061972707126472626
2023-09-28,000596,-0.05949112209408747
2023-10-31,000596,0.02810432074737257
2023-11-30,000596,-0.07746478873239437
2023-12-29,000596,-0.10572108676023961
2024-01-31,000596,-0.1545663148233135
2024-02-29,000596,0.10862012810769728
2024-03-29,000596,0.20011751456690985
2024-04-30,000596,0.04585883312933481
2024-05-31,000596,-0.08012795505968617
2024-06-28,000596,-0.14898218829516552
2024-07-31,000596,-0.11391837344894595
2024-08-30,000596,-0.09105224678027102
2024-09-30,000596,0.19180794456131656
2024-10-31,000596,-0.07584882151386152
2024-11-29,000596,0.00685354755350831
2024-12-31,000596,-0.09111197902136914
2020-02-28,600779,-0.14128278598192634
2020-03-31,600779,-0.049537987679671436
2020-04-30,600779,0.08236564947339997
2020-05-29,600779,0.10703592814371254
2020-06-30,600779,0.2711291413116972
2020-07-31,600779,0.04840425531914905
2020-08-31,600779,0.20953830542871632
2020-09-30,600779,-0.16205257270693507
2020-10-30,600779,0.028867011513432184
2020-11-30,600779,0.061141745053519436
2020-12-31,600779,0.1989912883998166
2021-01-29,600779,0.08769917144678141
2021-02-26,600779,-0.233446619008555
2021-03-31,600779,0.023696682464454888
2021-04-30,600779,0.45952807646356053
2021-05-31,600779,0.25836488284047876
2021-06-30,600779,-0.009757684176288861
2021-07-30,600779,-0.18812612908523563
2021-08-31,600779,0.1424092242338424
2021-09-30,600779,0.09588313413014604
2021-10-29,600779,-0.003958636290192219
2021-11-30,600779,0.029604996350068857
2021-12-31,600779,-0.08129825114227185
2022-01-28,600779,-0.18341622363231003
2022-02-28,600779,0.010500892575868948
2022-03-31,600779,-0.17905019224773977
2022-04-29,600779,-0.14607594936708868
2022-05-31,600779,0.06907797213163369
2022-06-30,600779,0.23641153632834166
2022-07-29,600779,-0.22888863967702133
2022-08-31,600779,0.02326934264107039
2022-09-30,600779,-0.1458214894826606
2022-10-31,600779,-0.10216306156405985
2022-11-30,600779,0.11341734618235733
2022-12-30,600779,0.36151797603195734
2023-01-31,600779,-0.03508557457212702
2023-02-28,600779,0.01583681743316867
2023-03-31,600779,-0.09316537789972579
2023-04-28,600779,-0.13450694539953234
2023-05-31,600779,-0.11504846655013512
2023-06-30,600779,0.012210450709283505
2023-07-31,600779,0.29004789781798834
2023-08-31,600779,-0.11592409240924084
2023-09-28,600779,-0.09083838855187432
2023-10-31,600779,0.014200171086398594
2023-11-30,600779,-0.044871794871794934
2023-12-29,600779,0.004945249028611709
2024-01-31,600779,-0.19402460456942006
2024-02-29,600779,0.054295682511993126
2024-03-29,600779,-0.047983453981385704
2024-04-30,600779,-0.061047143167499485
2024-05-31,600779,0.003239241092086953
2024-06-28,600779,-0.17527675276752774
2024-07-31,600779,-0.002796420581655523
2024-08-30,600779,-0.09506449803701611
2024-09-30,600779,0.3935543848775951
2024-10-31,600779,-0.09584167222592843
2024-11-29,600779,0.45105755041810136
2024-12-31,600779,-0.1091525423728813
2020-02-28,000799,-0.1574952561669829
2020-03-31,000799,-0.13475975975975973
2020-04-30,000799,0.1561822125813448
2020-05-29,000799,0.4484052532833023
2020-06-30,000799,0.8474093264248705
2020-07-31,000799,-0.1096620389847146
2020-08-31,000799,0.37974484170735545
2020-09-30,000799,-0.11929223744292228
2020-10-30,000799,0.23046014257939085
2020-11-30,000799,0.06836616454229416
2020-12-31,000799,0.4918162098205483
2021-01-29,000799,0.13668208856576314
2021-02-26,000799,-0.2266542621235027
2021-03-31,000799,0.10496240601503759
2021-04-30,000799,0.3168209036472509
2021-05-31,000799,0.24741628772219926
2021-06-30,000799,0.03728251864125931
2021-07-30,000799,-0.25171725239616616
2021-08-31,000799,0.09398516304637883
2021-09-30,000799,0.18660357108010528
2021-10-29,000799,-0.13493401307404507
2021-11-30,000799,0.04595789173518372
2021-12-31,000799,-0.05488913122500916
2022-01-28,000799,-0.23317307692307687
2022-02-28,000799,0.04319749216300939
2022-03-31,000799,-0.1381693611394914
2022-04-29,000799,0.01331938633193852
2022-05-31,000799,0.04934278439198936
2022-06-30,000799,0.18907397691500538
2022-07-29,000799,-0.20429099332634715
2022-08-31,000799,0.012407291883274274
2022-09-30,000799,-0.16164589894563874
2022-10-31,000799,-0.1927317272356064
2022-11-30,000799,0.16722306525037944
2022-12-30,000799,0.16779337840180286
2023-01-31,000799,0.018405818613626224
2023-02-28,000799,0.08431715493368319
2023-03-31,000799,-0.15229518112776397
2023-04-28,000799,-0.139062871640371
2023-05-31,000799,-0.15728888479602177
2023-06-30,000799,-0.049830619604414816
2023-07-31,000799,0.17366302472685446
2023-08-31,000799,-0.14061734443900042
2023-09-28,000799,-0.015849486887115183
2023-10-31,000799,-0.13590545707334034
2023-11-30,000799,-0.06811477607937788
2023-12-29,000799,0.02517985611510798
2024-01-31,000799,-0.15550877192982449
2024-02-29,000799,-0.015290011633704581
2024-03-29,000799,-0.07645569620253168
2024-04-30,000799,-0.10105994152046782
2024-05-31,000799,0.043708070746086625
2024-06-28,000799,-0.18250876509544223
2024-07-31,000799,-0.04693828925422916
2024-08-30,000799,-0.10450000000000004
2024-09-30,000799,0.4179229480737019
2024-10-31,000799,-0.021854695806261093
2024-11-29,000799,0.18880837359098224
2024-12-31,000799,-0.07348459194039969
2020-02-28,603198,-0.2173515981735159
2020-03-31,603198,-0.011668611435239118
2020-04-30,603198,0.009445100354191327
2020-05-29,603198,0.4573099415204678
2020-06-30,603198,0.1853932584269662
2020-07-31,603198,0.0027081922816520887
2020-08-31,603198,0.1411208642808912
2020-09-30,603198,-0.21360946745562126
2020-10-30,603198,0.20842738901429647
2020-11-30,603198,0.5155666251556663
2020-12-31,603198,0.14626129827444534
2021-01-29,603198,0.04480286738351258
2021-02-26,603198,-0.2607204116638079
2021-03-31,603198,0.31136890951276097
2021-04-30,603198,0.081033262561925
2021-05-31,603198,0.15973813420621918
2021-06-30,603198,0.07253739768557721
2021-07-30,603198,-0.2171052631578947
2021-08-31,603198,0.28537815126050425
2021-09-30,603198,0.1749476987447698
2021-10-29,603198,0.2138882706432228
2021-11-30,603198,0.13641364136413636
2021-12-31,603198,0.01887705711519838
2022-01-28,603198,-0.02913697545526517
2022-02-28,603198,0.10406132767900833
2022-03-31,603198,-0.2939872950214212
2022-04-29,603198,0.07784055241682353
2022-05-31,603198,0.05319355464958275
2022-06-30,603198,0.1011981566820277
2022-07-29,603198,-0.17760294609976568
2022-08-31,603198,-0.019947079177691895
2022-09-30,603198,0.054413291796469476
2022-10-31,603198,-0.17864880835138863
2022-11-30,603198,0.01678657074340517
2022-12-30,603198,0.3533018867924529
2023-01-31,603198,0.04740327640292774
2023-02-28,603198,0.07720465890183026
2023-03-31,603198,-0.05452579548965086
2023-04-28,603198,-0.042476719490279424
2023-05-31,603198,-0.12932946596144002
2023-06-30,603198,0.1659807956104251
2023-07-31,603198,0.10084033613445387
2023-08-31,603198,0.1042748091603054
2023-09-28,603198,-0.0425826074934329
2023-10-31,603198,0.04548736462093861
2023-11-30,603198,-0.02113259668508294
2023-12-29,603198,-0.12529984478622835
2024-01-31,603198,-0.25859009517664144
2024-02-29,603198,0.2978677110530896
2024-03-29,603198,0.02497904442581733
2024-04-30,603198,0.09093882891723926
2024-05-31,603198,-0.021439280359820234
2024-06-28,603198,-0.16500689443848626
2024-07-31,603198,-0.09633027522935778
2024-08-30,603198,-0.039593908629441676
2024-09-30,603198,0.47822410147991556
2024-10-31,603198,-0.18220823798627006
2024-11-29,603198,0.02553340328786291
2024-12-31,603198,-0.13130968622100958
2020-02-28,600702,-0.21335646140503028
2020-03-31,600702,-0.05292171995589856
2020-04-30,600702,0.07101280558789291
2020-05-29,600702,0.20434782608695667
2020-06-30,600702,0.4318592057761732
2020-07-31,600702,-0.01166088874881821
2020-08-31,600702,0.062181122448979664
2020-09-30,600702,-0.2305613929750826
2020-10-30,600702,0.5360905189231369
2020-11-30,600702,0.3751587503175007
2020-12-31,600702,0.47801994828223116
2021-01-29,600702,-0.16195951012246934
2021-02-26,600702,-0.021025946913212024
2021-03-31,600702,0.17837014470677826
2021-04-30,600702,0.5722595656670113
2021-05-31,600702,0.5597303296883993
2021-06-30,600702,0.09830794370354745
2021-07-30,600702,-0.15607602226914963
2021-08-31,600702,0.028378070973612335
2021-09-30,600702,0.11281313941270787
2021-10-29,600702,-0.10888038562838542
2021-11-30,600702,0.2482154807048853
2021-12-31,600702,-0.00759504981459147
2022-01-28,600702,-0.18930356097780576
2022-02-28,600702,0.0556974677920925
2022-03-31,600702,-0.19136289516595661
2022-04-29,600702,-0.07740844337474784
2022-05-31,600702,0.1486991468659662
2022-06-30,600702,0.22526393321875782
2022-07-29,600702,-0.20408776675683804
2022-08-31,600702,0.028512084592144937
2022-09-30,600702,-0.1750198886237072
2022-10-31,600702,-0.16371189080928716
2022-11-30,600702,0.26805038140855086
2022-12-30,600702,0.08289031897034138
2023-01-31,600702,0.12473354434468065
2023-02-28,600702,0.1194578451642545
2023-03-31,600702,-0.01174840960394008
2023-04-28,600702,-0.0734049732648081
2023-05-31,600702,-0.13927951145722461
2023-06-30,600702,-0.21187268111696933
2023-07-31,600702,0.24983481995374968
2023-08-31,600702,-0.13024515958501293
2023-09-28,600702,-0.07210150433064888
2023-10-31,600702,-0.08097928436911483
2023-11-30,600702,-0.1318602993585174
2023-12-29,600702,-0.03704844006568142
2024-01-31,600702,-0.1492060108707236
2024-02-29,600702,-0.017537266691719844
2024-03-29,600702,-0.056483488461048115
2024-04-30,600702,-0.0504054054054055
2024-05-31,600702,0.01423082396470754
2024-06-28,600702,-0.21509751648660025
2024-07-31,600702,-0.032177332856632046
2024-08-30,600702,-0.19708164019209462
2024-09-30,600702,0.36047849091327366
2024-10-31,600702,0.05918160297598907
2024-11-29,600702,0.24377394636015315
2024-12-31,600702,-0.16313695289436525
2020-02-28,600559,-0.14835787089467734
2020-03-31,600559,-0.12367021276595747
2020-04-30,600559,0.018209408194233667
2020-05-29,600559,0.1684053651266766
2020-06-30,600559,0.42219387755102056
2020-07-31,600559,-0.004484304932735439
2020-08-31,600559,0.04684684684684681
2020-09-30,600559,-0.19879518072289148
2020-10-30,600559,0.1729323308270676
2020-11-30,600559,0.5924908424908426
2020-12-31,600559,0.706728004600345
2021-01-29,600559,-0.2264150943396226
2021-02-26,600559,-0.14721254355400704
2021-03-31,600559,-0.01889683350357496
2021-04-30,600559,0.07444039562727744
2021-05-31,600559,0.3284883720930234
2021-06-30,600559,-0.10102115244347198
2021-07-30,600559,-0.21217038539553745
2021-08-31,600559,-0.032955715756951665
2021-09-30,600559,0.09637912673056426
2021-10-29,600559,-0.034482758620689724
2021-11-30,600559,0.06589537223340058
2021-12-31,600559,0.24067956583293992
2022-01-28,600559,-0.18181818181818177
2022-02-28,600559,0.04230590423059044
2022-03-31,600559,-0.1770740410347904
2022-04-29,600559,0.07642276422764227
2022-05-31,600559,0.136455186304129
2022-06-30,600559,0.20469649977846704
2022-07-29,600559,-0.10040456050018387
2022-08-31,600559,0.008585445625511001
2022-09-30,600559,-0.09485204702067296
2022-10-31,600559,-0.11643528884908183
2022-11-30,600559,0.10694374049670552
2022-12-30,600559,0.19184981684981683
2023-01-31,600559,0.07568190549366105
2023-02-28,600559,0.2928571428571429
2023-03-31,600559,-0.0176795580110497
2023-04-28,600559,-0.1358267716535434
2023-05-31,600559,-0.1767002928734136
2023-06-30,600559,-0.07865612648221354
2023-07-31,600559,0.1643071643071643
2023-08-31,600559,-0.17612380250552695
2023-09-28,600559,-0.01610017889087656
2023-10-31,600559,0.027272727272727337
2023-11-30,600559,-0.03407079646017708
2023-12-29,600559,-0.021988089784699794
2024-01-31,600559,-0.2365339578454333
2024-02-29,600559,0.08404907975460119
2024-03-29,600559,-0.028862478777589184
2024-04-30,600559,0.1917249417249416
2024-05-31,600559,0.034718826405867986
2024-06-28,600559,-0.1762759924385634
2024-07-31,600559,-0.0304073436603558
2024-08-30,600559,0.0242603550295859
2024-09-30,600559,0.2980935875216637
2024-10-31,600559,-0.12105028927458827
2024-11-29,600559,0.05164556962025313
2024-12-31,600559,-0.025517573423206596
2020-02-28,601012,0.06186317321688506
2020-03-31,601012,-0.20493488690884165
2020-04-30,601012,0.26206896551724146
2020-05-29,601012,0.05601092896174875
2020-06-30,601012,0.28137128072444995
2020-07-31,601012,0.4134275618374559
2020-08-31,601012,0.1182142857142856
2020-09-30,601012,0.19131267965506216
2020-10-30,601012,0.015817694369973267
2020-11-30,601012,-0.09817893903404584
2020-12-31,601012,0.35089259584430765
2021-01-29,601012,0.1696273830155981
2021-02-26,601012,-0.029264678644193465
2021-03-31,601012,-0.1602747567258157
2021-04-30,601012,0.13224267211997276
2021-05-31,601012,0.02769416014449133
2021-06-30,601012,0.22437024018746343
2021-07-30,601012,-0.03317384370015952
2021-08-31,601012,0.04157043879907629
2021-09-30,601012,-0.07887234716503011
2021-10-29,601012,0.18672627235213213
2021-11-30,601012,-0.10620110113010717
2021-12-31,601012,-0.014102771924136781
2022-01-28,601012,-0.1890825386386057
2022-02-28,601012,0.10948905109489049
2022-03-31,601012,-0.07145467836257302
2022-04-29,601012,-0.05943711867742574
2022-05-31,601012,0.168026783845993
2022-06-30,601012,0.1834467932640631
2022-07-29,601012,-0.07765667574931878
2022-08-31,601012,-0.16904644674216307
2022-09-30,601012,-0.06498123642109421
2022-10-31,601012,0.0014786649767637439
2022-11-30,601012,-0.0464037122969837
2022-12-30,601012,-0.07785888077858882
2023-01-31,601012,0.14128088270568484
2023-02-28,601012,-0.08217738545607389
2023-03-31,601012,-0.08770322876116321
2023-04-28,601012,-0.13905622489959857
2023-05-31,601012,-0.17638483965014573
2023-06-30,601012,0.008849557522123908
2023-07-31,601012,0.041403508771929776
2023-08-31,601012,-0.11118598382749334
2023-09-28,601012,0.027672479150871787
2023-10-31,601012,-0.11619328661010697
2023-11-30,601012,-0.12103505843071793
2023-12-29,601012,0.07929724596391274
2024-01-31,601012,-0.1561812582490102
2024-02-29,601012,0.0985401459854014
2024-03-29,601012,-0.08210726150925485
2024-04-30,601012,-0.06773526370217164
2024-05-31,601012,0.021630615640598982
2024-06-28,601012,-0.2480998914223671
2024-07-31,601012,0.04693140794223827
2024-08-30,601012,-0.047586206896551686
2024-09-30,601012,0.27154236060825476
2024-10-31,601012,0.12414578587699321
2024-11-29,601012,-0.06281661600810529
2024-12-31,601012,-0.1508108108108107
2020-02-28,600048,0.07084019769357486
2020-03-31,600048,-0.10153846153846158
2020-04-30,600048,0.1172945205479452
2020-05-29,600048,-0.0812260536398468
2020-06-30,600048,0.0350291909924938
2020-07-31,600048,0.06607574536663985
2020-08-31,600048,0.037792894935752
2020-09-30,600048,-0.015294974508375914
2020-10-30,600048,-0.03920118343195267
2020-11-30,600048,0.14318706697459582
2020-12-31,600048,-0.09427609427609429
2021-01-29,600048,-0.14944237918215608
2021-02-26,600048,0.15122377622377625
2021-03-31,600048,-0.09946848899012917
2021-04-30,600048,-0.019392917369308482
2021-05-31,600048,-0.041272570937231357
2021-06-30,600048,-0.1327354260089686
2021-07-30,600048,-0.20992761116856262
2021-08-31,600048,0.27617801047120416
2021-09-30,600048,0.2707692307692309
2021-10-29,600048,-0.11864406779661019
2021-11-30,600048,0.11813186813186816
2021-12-31,600048,0.14578214578214577
2022-01-28,600048,0.005003573981415377
2022-02-28,600048,0.008534850640113723
2022-03-31,600048,0.13258110014104374
2022-04-29,600048,0.026151930261519407
2022-05-31,600048,-0.15837378640776711
2022-06-30,600048,0.14059120403749104
2022-07-29,600048,-0.013274336283185861
2022-08-31,600048,0.04035874439461873
2022-09-30,600048,0.04310344827586232
2022-10-31,600048,-0.24793388429752072
2022-11-30,600048,0.22370486656200939
2022-12-30,600048,-0.09749839640795377
2023-01-31,600048,0.04264392324093813
2023-02-28,600048,-0.04362644853442399
2023-03-31,600048,-0.06842480399144679
2023-04-28,600048,-0.016832440703902107
2023-05-31,600048,-0.09105058365758756
2023-06-30,600048,0.06335616438356162
2023-07-31,600048,0.09661835748792269
2023-08-31,600048,-0.018355359765051427
2023-09-28,600048,-0.09274495138369476
2023-10-31,600048,-0.14179719703215177
2023-11-30,600048,-0.07300672430355426
2023-12-29,600048,-0.03730569948186546
2024-01-31,600048,-0.038751345532830994
2024-02-29,600048,0.025755879059350617
2024-03-29,600048,-0.06986899563318782
2024-04-30,600048,-0.025821596244131273
2024-05-31,600048,0.1578313253012047
2024-06-28,600048,-0.15192507804370436
2024-07-31,600048,0.05766871165644161
2024-08-30,600048,-0.08120649651972145
2024-09-30,600048,0.36742424242424243
2024-10-31,600048,-0.02123730378578026
2024-11-29,600048,-0.05283018867924538
2024-12-31,600048,-0.13745019920318713
2020-02-28,000002,0.02434158020750221
2020-03-31,000002,-0.1534865601869887
2020-04-30,000002,0.0529222273354808
2020-05-29,000002,-0.04807692307692302
2020-06-30,000002,0.02020202020202011
2020-07-31,000002,0.03150315031503159
2020-08-31,000002,0.0628272251308899
2020-09-30,000002,0.030788177339901468
2020-10-30,000002,-0.01871764237355633
2020-11-30,000002,0.12784090909090895
2020-12-31,000002,-0.07196833393306945
2021-01-29,000002,-0.03528499418379216
2021-02-26,000002,0.21342443729903549
2021-03-31,000002,-0.10268300761841676
2021-04-30,000002,-0.06755260243632333
2021-05-31,000002,-0.05819477434679343
2021-06-30,000002,-0.12147961328289203
2021-07-30,000002,-0.15071770334928225
2021-08-31,000002,0.021971830985915597
2021-09-30,000002,0.08324145534729865
2021-10-29,000002,-0.15776081424936372
2021-11-30,000002,0.0030211480362538623
2021-12-31,000002,0.09036144578313254
2022-01-28,000002,0.03149171270718232
2022-02-28,000002,-0.06052490626673823
2022-03-31,000002,-0.002850627137970352
2022-04-29,000002,0.013150371640937797
2022-05-31,000002,-0.08860045146726869
2022-06-30,000002,0.16656346749226025
2022-07-29,000002,-0.17462845010615702
2022-08-31,000002,0.025723472668810254
2022-09-30,000002,0.07523510971786829
2022-10-31,000002,-0.2513119533527697
2022-11-30,000002,0.39953271028037385
2022-12-30,000002,-0.025041736227045086
2023-01-31,000002,0.005136986301369939
2023-02-28,000002,-0.06530380465644514
2023-03-31,000002,-0.11543134872417982
2023-04-28,000002,-0.006868131868131844
2023-05-31,000002,-0.06224066390041494
2023-06-30,000002,-0.016224188790560534
2023-07-31,000002,0.09220389805097451
2023-08-31,000002,-0.06382978723404253
2023-09-28,000002,-0.04105571847507339
2023-10-31,000002,-0.13379204892966357
2023-11-30,000002,0.009708737864077666
2023-12-29,000002,-0.08566433566433551
2024-01-31,000002,-0.08221797323135771
2024-02-29,000002,0.04583333333333339
2024-03-29,000002,-0.10358565737051784
2024-04-30,000002,-0.17666666666666664
2024-05-31,000002,0.11336032388663964
2024-06-28,000002,-0.16000000000000003
2024-07-31,000002,0.023088023088023046
2024-08-30,000002,-0.046544428772919644
2024-09-30,000002,0.43786982248520734
2024-10-31,000002,-0.04526748971193428
2024-11-29,000002,-0.07327586206896552
2024-12-31,000002,-0.15581395348837213
2020-02-28,601318,-0.08541820873427086
2020-03-31,601318,-0.13839430236322436
2020-04-30,601318,0.09938004884463658
2020-05-29,601318,-0.04186602870813405
2020-06-30,601318,0.012306046013911054
2020-07-31,601318,0.07928118393234662
2020-08-31,601318,0.011753183153770719
2020-09-30,601318,0.0070990642142627625
2020-10-30,601318,0.025152194809356043
2020-11-30,601318,0.1906547898109079
2020-12-31,601318,-0.04003150019687618
2021-01-29,601318,-0.10801203171998919
2021-02-26,601318,0.09350091968117735
2021-03-31,601318,-0.09083263246425577
2021-04-30,601318,-0.07400555041628121
2021-05-31,601318,-0.011655011655011704
2021-06-30,601318,-0.12668463611859837
2021-07-30,601318,-0.20466820987654333
2021-08-31,601318,-0.09143827310211006
2021-09-30,601318,-0.041110517885744824
2021-10-29,601318,0.05818485523385286
2021-11-30,601318,-0.03551696921862668
2021-12-31,601318,0.05973813420621954
2022-01-28,601318,-0.011325611325611495
2022-02-28,601318,0.02056756053111175
2022-03-31,601318,-0.05892857142857144
2022-04-29,601318,-0.10544863106532942
2022-05-31,601318,-0.010909090909090868
2022-06-30,601318,0.1222426470588236
2022-07-29,601318,-0.12476112476112478
2022-08-31,601318,0.05364940736119772
2022-09-30,601318,-0.06690349319123745
2022-10-31,601318,-0.14308375634517756
2022-11-30,601318,0.32580525731210663
2022-12-30,601318,0.05724657916783005
2023-01-31,601318,0.10512414157422101
2023-02-28,601318,-0.06644359464627159
2023-03-31,601318,-0.06656426011264727
2023-04-28,601318,0.1700493691716949
2023-05-31,601318,-0.11251758087201125
2023-06-30,601318,0.023771790808240878
2023-07-31,601318,0.1599587203302375
2023-08-31,601318,-0.08474199288256234
2023-09-28,601318,-0.01190765492102075
2023-10-31,601318,-0.04697491392031472
2023-11-30,601318,-0.12025806451612897
2023-12-29,601318,-0.01466705778820765
2024-01-31,601318,0.006251860672819021
2024-02-29,601318,0.07071005917159767
2024-03-29,601318,-0.05775075987841938
2024-04-30,601318,0.016129032258064502
2024-05-31,601318,0.04935064935064948
2024-06-28,601318,-0.04702970297029707
2024-07-31,601318,0.07734487734487727
2024-08-30,601318,0.03937851593892305
2024-09-30,601318,0.33659793814433003
2024-10-31,601318,-0.004627844195912112
2024-11-29,601318,-0.051724137931034364
2024-12-31,601318,-0.012257405515832542
2020-02-28,603707,0.00594149908592323
2020-03-31,603707,0.009541117673784516
2020-04-30,603707,0.15076507650765092
2020-05-29,603707,0.08330074305827129
2020-06-30,603707,0.03357400722021664
2020-07-31,603707,-0.04575619979042955
2020-08-31,603707,0.04319180087847729
2020-09-30,603707,-0.09122807017543866
2020-10-30,603707,-0.128957528957529
2020-11-30,603707,-0.051861702127659504
2020-12-31,603707,-0.05703599812996718
2021-01-29,603707,-0.09172037679722367
2021-02-26,603707,0.30349344978165926
2021-03-31,603707,-0.034757118927973174
2021-04-30,603707,0.15531453362255965
2021-05-31,603707,-0.07209913631242948
2021-06-30,603707,-0.025091056252529387
2021-07-30,603707,-0.07970112079701108
2021-08-31,603707,-0.02571041948579167
2021-09-30,603707,0.2574074074074073
2021-10-29,603707,0.03129602356406491
2021-11-30,603707,0.12531238843270254
2021-12-31,603707,0.008248730964466988
2022-01-28,603707,-0.1409691629955947
2022-02-28,603707,-0.03772893772893782
2022-03-31,603707,-0.10125618576322803
2022-04-29,603707,-0.18085556967386696
2022-05-31,603707,0.0713547052740433
2022-06-30,603707,0.021235521235521304
2022-07-29,603707,-0.13657844990548207
2022-08-31,603707,-0.04050355774493697
2022-09-30,603707,-0.07415858528237307
2022-10-31,603707,-0.022797288971041385
2022-11-30,603707,0.08070617906683486
2022-12-30,603707,0.028588098016335994
2023-01-31,603707,0.055019852524106794
2023-02-28,603707,-0.09354838709677427
2023-03-31,603707,-0.05753262158956107
2023-04-28,603707,-0.11327879169288868
2023-05-31,603707,-0.0681334279630943
2023-06-30,603707,-0.0030464584920031346
2023-07-31,603707,0.013750954927425507
2023-08-31,603707,-0.13112283345892994
2023-09-28,603707,0.07458803122289681
2023-10-31,603707,-0.0032284100080710587
2023-11-30,603707,0.24210526315789482
2023-12-29,603707,-0.041720990873533315
2024-01-31,603707,-0.13401360544217678
2024-02-29,603707,0.10447761194029859
2024-03-29,603707,-0.22403982930298727
2024-04-30,603707,0.22823098075160408
2024-05-31,603707,-0.08731343283582094
2024-06-28,603707,-0.05314799672935411
2024-07-31,603707,0.03886010362694292
2024-08-30,603707,-0.07647547797173737
2024-09-30,603707,0.2916291629162917
2024-10-31,603707,0.01184668989547033
2024-11-29,603707,-0.00688705234159781
2024-12-31,603707,-0.09361997226074892
2020-02-28,600309,-0.11852032124604539
2020-03-31,600309,-0.1598564329099944
2020-04-30,600309,0.12323365100230044
2020-05-29,600309,0.08133411351667652
2020-06-30,600309,0.09496753246753231
2020-07-31,600309,0.43489004200642456
2020-08-31,600309,0.09815739624591013
2020-09-30,600309,-0.0625686059275522
2020-10-30,600309,0.1537303445968552
2020-11-30,600309,0.03929244599101067
2020-12-31,600309,0.1372767857142856
2021-01-29,600309,0.25466143277723274
2021-02-26,600309,0.1857645678529527
2021-03-31,600309,-0.20778364116094994
2021-04-30,600309,-0.016236469608659432
2021-05-31,600309,0.0639018197206942
2021-06-30,600309,0.0003977724741446309
2021-07-30,600309,0.04870775347912537
2021-08-31,600309,-0.06654028436018955
2021-09-30,600309,0.0005077173030056947
2021-10-29,600309,-0.01299096721810622
2021-11-30,600309,-0.09994858611825197
2021-12-31,600309,0.05997943562207242
2022-01-28,600309,-0.11478766975641308
2022-02-28,600309,0.054182393765980885
2022-03-31,600309,-0.16066066066066065
2022-04-29,600309,-0.007430851795789284
2022-05-31,600309,0.08692638291972843
2022-06-30,600309,0.16415816326530597
2022-07-29,600309,-0.14561192067492046
2022-08-31,600309,0.06245191074634504
2022-09-30,600309,0.04260712130356059
2022-10-31,600309,-0.13591109053021533
2022-11-30,600309,0.122454448017149
2022-12-30,600309,0.037598472189066756
2023-01-31,600309,0.04555389393765097
2023-02-28,600309,0.08416767521179458
2023-03-31,600309,-0.08504160746904821
2023-04-28,600309,-0.04103815439219172
2023-05-31,600309,-0.09622947027527173
2023-06-30,600309,0.07141028922446879
2023-07-31,600309,0.11849020544672717
2023-08-31,600309,-0.042823579666809164
2023-09-28,600309,-0.060582394287626795
2023-10-31,600309,0.005700712589073786
2023-11-30,600309,-0.09624468587624002
2023-12-29,600309,-0.050045733699202954
2024-01-31,600309,-0.09807427785419542
2024-02-29,600309,0.150373646484673
2024-03-29,600309,0.04308630518361389
2024-04-30,600309,0.10066090493136737
2024-05-31,600309,-0.017898383371824478
2024-06-28,600309,-0.07865961199294536
2024-07-31,600309,-0.041602858601327286
2024-08-30,600309,-0.061251664447403376
2024-09-30,600309,0.2672340425531916
2024-10-31,600309,-0.1798746362211776
2024-11-29,600309,-0.013102224648560035
2024-12-31,600309,-0.04065827686350432
2020-02-28,300413,-0.04281891168599472
2020-03-31,300413,-0.011183597390494016
2020-04-30,300413,0.06762488218661655
2020-05-29,300413,0.14433899801368355
2020-06-30,300413,0.23529411764705865
2020-07-31,300413,0.04496487119437953
2020-08-31,300413,0.04512176901240106
2020-09-30,300413,-0.05146533238027173
2020-10-30,300413,0.09947249434815397
2020-11-30,300413,-0.0745716244002741
2020-12-31,300413,0.05836172418900909
2021-01-29,300413,0.11896431070678792
2021-02-26,300413,-0.2107567229518449
2021-03-31,300413,-0.09556259904912834
2021-04-30,300413,0.17399684597862275
2021-05-31,300413,0.08582089552238803
2021-06-30,300413,-0.06969072164948442
2021-07-30,300413,-0.1996158392434989
2021-08-31,300413,-0.17149713863762228
2021-09-30,300413,-0.04924242424242431
2021-10-29,300413,-0.10077337707991574
2021-11-30,300413,0.10998175658066223
2021-12-31,300413,0.3219065508335288
2022-01-28,300413,-0.3989342806394315
2022-02-28,300413,-0.018617021276595813
2022-03-31,300413,-0.08943089430894313
2022-04-29,300413,0.1534391534391535
2022-05-31,300413,0.011754587155963225
2022-06-30,300413,-0.0807594219325588
2022-07-29,300413,-0.057644882860665825
2022-08-31,300413,-0.11645403990840686
2022-09-30,300413,-0.1062569418733803
2022-10-31,300413,-0.12427506213753103
2022-11-30,300413,0.15373699148533593
2022-12-30,300413,0.19844198441984418
2023-01-31,300413,0.01573725624358535
2023-02-28,300413,0.1023913775682046
2023-03-31,300413,0.11365719523373063
2023-04-28,300413,-0.03731138545953361
2023-05-31,300413,-0.18865773724707902
2023-06-30,300413,0.1738672286617493
2023-07-31,300413,0.00837821663674454
2023-08-31,300413,-0.14302670623145408
2023-09-28,300413,-0.04259002770083109
2023-10-31,300413,-0.10922242314647379
2023-11-30,300413,0.02111246447421844
2023-12-29,300413,-0.024254473161033796
2024-01-31,300413,-0.15484922575387128
2024-02-29,300413,0.1629701060752171
2024-03-29,300413,-0.019485903814262073
2024-04-30,300413,-0.03678646934460872
2024-05-31,300413,-0.014047410008779626
2024-06-28,300413,-0.09884238646482646
2024-07-31,300413,-0.007411067193675791
2024-08-30,300413,-0.060228969636635155
2024-09-30,300413,0.3686440677966103
2024-10-31,300413,-0.047987616099071095
2024-11-29,300413,0.1520325203252031
2024-12-31,300413,-0.06810162314749468
2020-02-28,002311,0.005020080321285203
2020-03-31,002311,0.1998001998001997
2020-04-30,002311,0.08187621426588931
2020-05-29,002311,0.1436634171369935
2020-06-30,002311,-0.018169582772543658
2020-07-31,002311,0.37148732008224794
2020-08-31,002311,0.11527569548559047
2020-09-30,002311,-0.14100074682598962
2020-10-30,002311,0.0045209528777605534
2020-11-30,002311,-0.09174311926605516
2020-12-31,002311,0.17552887364208125
2021-01-29,002311,0.005025940337224366
2021-02-26,002311,0.22084207130182287
2021-03-31,002311,-0.019820295983086655
2021-04-30,002311,0.07279590186033968
2021-05-31,002311,-0.05390801708972093
2021-06-30,002311,0.03307212113162428
2021-07-30,002311,-0.2375932116225251
2021-08-31,002311,0.024451939291737057
2021-09-30,002311,0.051851851851851816
2021-10-29,002311,-0.027386541471048464
2021-11-30,002311,-0.023974255832662994
2021-12-31,002311,0.1506758984503791
2022-01-28,002311,-0.02077363896848139
2022-02-28,002311,-0.08734455010972919
2022-03-31,002311,-0.1760179544725874
2022-04-29,002311,0.1319066147859922
2022-05-31,002311,-0.03093846682708834
2022-06-30,002311,0.0023057821922667365
2022-07-29,002311,0.10281366129888525
2022-08-31,002311,-0.07493581514762515
2022-09-30,002311,-0.012489158716392001
2022-10-31,002311,-0.04444054101528194
2022-11-30,002311,-0.02169117647058827
2022-12-30,002311,0.0969560315670801
2023-01-31,002311,0.010448783830078856
2023-02-28,002311,0.02000339040515331
2023-03-31,002311,-0.08625560910752872
2023-04-28,002311,-0.06256820662058926
2023-05-31,002311,-0.16783081102056652
2023-06-30,002311,0.013989274889251613
2023-07-31,002311,0.09128535295470219
2023-08-31,002311,-0.04466919511167289
2023-09-28,002311,-0.06594618438464939
2023-10-31,002311,-0.0049586776859504855
2023-11-30,002311,-0.019933554817275878
2023-12-29,002311,0.017191283292978143
2024-01-31,002311,-0.16924541775767676
2024-02-29,002311,0.1524355300859599
2024-03-29,002311,0.02436598707110904
2024-04-30,002311,0.14004854368932018
2024-05-31,002311,0.016819246327443027
2024-06-28,002311,-0.07558626465661644
2024-07-31,002311,-0.0593431483578708
2024-08-30,002311,-0.12617385022875038
2024-09-30,002311,0.2570956186277211
2024-10-31,002311,-0.09118807540552387
2024-11-29,002311,0.06126386878919443
2024-12-31,002311,0.060227272727272796
2020-02-28,300760,0.3248512469932905
2020-03-31,300760,0.10845676063067367
2020-04-30,300760,-0.02327586206896559
2020-05-29,300760,0.10591350397175647
2020-06-30,300760,0.10734237829209903
2020-07-31,300760,0.14879279279279278
2020-08-31,300760,-0.014241350105084871
2020-09-30,300760,0.01766109785202863
2020-10-30,300760,0.12132582864290176
2020-11-30,300760,-0.1378973786949248
2020-12-31,300760,0.28675400291120834
2021-01-29,300760,0.05628456510809454
2021-02-26,300760,-0.07232442466503242
2021-03-31,300760,-0.04846074910210363
2021-04-30,300760,0.1812838694022807
2021-05-31,300760,0.043706493210087904
2021-06-30,300760,-0.006450907500546665
2021-07-30,300760,-0.19742489270386276
2021-08-31,300760,-0.17098587686822975
2021-09-30,300760,0.18994376447237848
2021-10-29,300760,-0.0259368397642612
2021-11-30,300760,-0.05040098176317809
2021-12-31,300760,0.0672316893577376
2022-01-28,300760,-0.16198254012954105
2022-02-28,300760,0.012870488608105468
2022-03-31,300760,-0.06589031551706981
2022-04-29,300760,0.018646776771443774
2022-05-31,300760,-0.022663877266387744
2022-06-30,300760,0.03817338565822337
2022-07-29,300760,-0.0814432989690721
2022-08-31,300760,0.03367003367003374
2022-09-30,300760,0.0018096272167933414
2022-10-31,300760,0.09552023121387276
2022-11-30,300760,-0.0027700831024931594
2022-12-30,300760,-0.028538359788359724
2023-01-31,300760,0.0567450726759029
2023-02-28,300760,-0.059979384099987154
2023-03-31,300760,-0.007915838530601071
2023-04-28,300760,0.0006562813028911929
2023-05-31,300760,-0.02354159475319295
2023-06-30,300760,-0.0027573529411764053
2023-07-31,300760,-0.013470400567174745
2023-08-31,300760,-0.0934243621990658
2023-09-28,300760,-0.0007530717399920617
2023-10-31,300760,0.06429733053032405
2023-11-30,300760,0.03410107334525958
2023-12-29,300760,-0.0009730781706132063
2024-01-31,300760,-0.08033910533910527
2024-02-29,300760,0.08178715725885533
2024-03-29,300760,-0.027993328015084362
2024-04-30,300760,0.08628665224203536
2024-05-31,300760,-0.044472681067344255
2024-06-28,300760,0.002767395054628974
2024-07-31,300760,-0.1211426113759363
2024-08-30,300760,-0.025733045144977762
2024-09-30,300760,0.19363750523231493
2024-10-31,300760,-0.09257960443259938
2024-11-29,300760,-0.017236048848353613
2024-12-31,300760,-0.021588674793550977
2020-02-28,600511,-0.13480392156862753
2020-03-31,600511,0.09348441926345608
2020-04-30,600511,0.1260794473229705
2020-05-29,600511,-0.0019171779141102796
2020-06-30,600511,0.38993469074145204
2020-07-31,600511,0.09121061359867322
2020-08-31,600511,0.021783181357649672
2020-09-30,600511,-0.03098661378284584
2020-10-30,600511,-0.020209772320286645
2020-11-30,600511,0.04986945169712809
2020-12-31,600511,0.11464809748818694
2021-01-29,600511,-0.21642124051762612
2021-02-26,600511,-0.04584282460136668
2021-03-31,600511,-0.12384362876753208
2021-04-30,600511,0.10286103542234337
2021-05-31,600511,-0.013897467572575706
2021-06-30,600511,-0.08800501096147817
2021-07-30,600511,-0.09306318681318682
2021-08-31,600511,-0.04354411207875797
2021-09-30,600511,0.004750593824227822
2021-10-29,600511,0.046493301812450705
2021-11-30,600511,0.014307228915662717
2021-12-31,600511,0.024127691165553022
2022-01-28,600511,-0.12975715839072122
2022-02-28,600511,-0.004581424406497447
2022-03-31,600511,0.06234309623430967
2022-04-29,600511,0.007089405277668437
2022-05-31,600511,-0.059053578412201824
2022-06-30,600511,-0.021612635078969267
2022-07-29,600511,-0.025913338997451074
2022-08-31,600511,-0.007413868294810166
2022-09-30,600511,-0.047891036906854145
2022-10-31,600511,0.059529303184125526
2022-11-30,600511,0.07055749128919842
2022-12-30,600511,0.0032546786004883366
2023-01-31,600511,0.11394971613949711
2023-02-28,600511,0.05169275573352761
2023-03-31,600511,0.17722395292488735
2023-04-28,600511,0.11937665392531627
2023-05-31,600511,-0.034410296821644426
2023-06-30,600511,-0.009793253536452662
2023-07-31,600511,-0.15302197802197803
2023-08-31,600511,-0.02367823548491721
2023-09-28,600511,0.019933554817275656
2023-10-31,600511,-0.14234527687296417
2023-11-30,600511,0.06722369920243088
2023-12-29,600511,-0.06868327402135233
2024-01-31,600511,0.04852884982804739
2024-02-29,600511,0.058673469387755084
2024-03-29,600511,0.051635111876075834
2024-04-30,600511,0.057283142389525255
2024-05-31,600511,-0.023219814241486003
2024-06-28,600511,-0.07480190174326462
2024-07-31,600511,0.09969167523124356
2024-08-30,600511,-0.1327102803738318
2024-09-30,600511,0.1835488505747127
2024-10-31,600511,-0.09074355083459795
2024-11-29,600511,0.08845126835781025
2024-12-31,600511,0.00030665440049060244
