fund_code,n_reports,n_stocks,year_min,year_max,median_stocks_per_report,max_stocks_per_report,has_full_report,n_full_reports,in_panel,is_distressed,is_ifind_sample
000011,30,1482,2018,2026,33,141,True,11,True,False,False
000017,30,1134,2018,2026,41,103,True,11,True,False,False
000020,30,1504,2018,2026,47,141,True,14,True,False,False
000021,30,2681,2018,2026,100,254,True,16,True,False,False
000031,30,1291,2018,2026,43,114,True,11,True,False,False
000061,28,1907,2018,2025,77,189,True,16,True,False,False
000073,30,876,2018,2026,33,70,True,5,True,False,False
000263,30,1707,2018,2026,46,165,True,14,True,False,False
000308,30,998,2018,2026,27,105,True,7,True,False,False
000327,30,1801,2018,2026,41,159,True,14,True,False,False
000354,30,609,2018,2026,17,58,True,2,True,False,False
000390,36,1957,2014,2025,48,100,True,17,True,False,False
000404,37,1855,2013,2025,46,100,True,18,True,False,False
000522,30,650,2018,2026,21,54,True,1,True,False,False
000601,30,1456,2018,2026,39,158,True,12,True,False,False
000742,39,1594,2014,2025,37,105,True,14,True,False,False
000800,30,2952,2018,2026,35,470,True,13,True,False,False
000823,33,919,2014,2025,25,77,True,4,True,False,False
000845,37,1056,2014,2025,32,100,True,2,True,False,False
000940,30,1078,2018,2026,32,101,True,9,True,False,False
001000,30,1727,2018,2026,37,181,True,13,True,False,False
001037,29,1361,2015,2025,36,100,True,12,True,False,False
001060,38,869,2015,2025,17,73,True,2,True,False,False
001075,33,1706,2015,2025,54,100,True,18,True,False,False
001076,30,1418,2018,2026,19,172,True,11,True,False,False
001088,30,1334,2018,2026,44,131,True,13,True,False,False
001170,31,1367,2015,2025,35,100,True,11,True,False,False
001184,31,1782,2015,2025,66,100,True,19,True,False,False
001194,35,985,2015,2025,17,100,True,7,True,False,False
001198,29,581,2015,2025,20,44,False,0,True,False,False
001267,30,1333,2015,2025,50,100,True,15,True,False,False
001407,19,175,2015,2019,9,23,False,0,True,False,False
001411,28,1811,2015,2025,83,100,True,18,True,False,False
001412,29,1138,2015,2025,32,100,True,9,True,False,False
001437,33,1264,2015,2025,29,100,True,11,True,False,False
001438,31,1238,2015,2025,31,100,True,11,True,False,False
001475,30,1413,2018,2026,35,131,True,13,True,False,False
001480,30,1228,2015,2025,33,108,True,10,True,False,False
001513,30,2185,2018,2026,57,213,True,16,True,False,False
001664,28,797,2018,2026,12,107,True,4,True,False,False
001665,28,796,2018,2026,12,107,True,4,True,False,False
001702,30,1193,2018,2026,26,127,True,10,True,False,False
001715,25,893,2016,2025,26,98,True,6,True,False,False
001723,30,923,2018,2026,30,77,True,7,True,False,False
001753,27,960,2015,2025,24,100,True,5,True,False,False
001759,26,1332,2017,2025,51,100,True,14,True,False,False
001811,30,1710,2018,2026,64,196,True,16,True,False,False
001856,6,61,2017,2018,10,15,False,0,True,False,False
001881,30,1720,2018,2026,32,180,True,12,True,False,False
001985,28,1466,2018,2026,41,179,True,11,True,False,False
001998,29,938,2016,2025,24,98,True,6,True,False,False
002051,27,1801,2015,2025,84,100,True,18,True,False,False
002112,27,1118,2015,2025,35,100,True,9,True,False,False
002125,21,743,2017,2025,37,59,True,4,True,False,False
002152,28,781,2016,2025,28,64,True,3,True,False,False
002163,27,533,2015,2025,21,39,False,0,True,False,False
002244,28,769,2016,2025,31,59,True,1,True,False,False
002376,41,1360,2016,2026,17,100,True,12,True,False,False
002420,41,1473,2016,2026,13,100,True,12,True,False,False
002450,41,1366,2016,2026,18,100,True,10,True,False,False
002451,41,1368,2016,2026,18,101,True,10,True,False,False
002692,30,1300,2018,2026,34,116,True,9,True,False,False
002910,38,1573,2017,2026,24,100,True,15,True,False,False
003567,30,1884,2018,2026,44,166,True,13,True,False,False
003857,38,1139,2017,2026,16,100,True,7,True,False,False
003858,38,1148,2017,2026,16,100,True,7,True,False,False
003961,38,1548,2017,2026,18,100,True,12,True,False,False
003962,38,1516,2017,2026,13,100,True,12,True,False,False
004148,30,1348,2018,2026,38,120,True,12,True,False,False
004232,30,1990,2018,2026,57,209,True,16,True,False,False
004320,36,636,2017,2026,15,68,True,1,True,False,False
004374,30,1215,2018,2026,23,133,True,9,True,False,False
004375,30,1200,2018,2026,23,133,True,9,True,False,False
005001,30,1310,2018,2026,35,119,True,12,True,False,False
005094,30,1141,2018,2026,29,143,True,7,True,False,False
005119,35,1104,2017,2026,17,92,True,8,True,False,False
005136,30,1857,2018,2026,48,171,True,15,True,False,False
005207,30,1432,2018,2026,54,108,True,16,True,False,False
005449,30,2172,2018,2026,45,238,True,15,True,False,False
005550,33,1300,2018,2026,17,108,True,10,True,False,False
005551,33,1306,2018,2026,17,108,True,10,True,False,False
005729,29,853,2018,2026,14,90,True,6,True,False,False
005765,30,1695,2018,2026,64,196,True,16,True,False,False
005774,29,1079,2018,2026,12,106,True,10,True,False,False
005775,31,851,2018,2026,16,72,True,6,True,False,False
005776,31,846,2018,2026,16,71,True,6,True,False,False
005787,30,1720,2018,2026,32,180,True,12,True,False,False
005819,29,1206,2018,2026,30,136,True,10,True,False,False
005844,29,640,2018,2026,14,65,True,4,True,False,False
005875,29,1275,2018,2026,23,125,True,11,True,False,False
005903,32,844,2018,2026,15,100,True,4,True,False,False
005914,28,990,2019,2026,16,129,True,9,True,False,False
005939,28,1817,2019,2026,22,208,True,13,True,False,False
005940,28,1787,2019,2026,19,208,True,13,True,False,False
006025,28,1078,2019,2026,13,145,True,10,True,False,False
006154,28,1125,2019,2026,20,123,True,10,True,False,False
006250,28,942,2019,2026,19,99,True,10,True,False,False
006271,28,690,2019,2026,12,67,True,3,True,False,False
006281,28,951,2019,2026,22,111,True,8,True,False,False
006314,27,1431,2019,2026,13,154,True,12,True,False,False
006315,27,1423,2019,2026,10,154,True,12,True,False,False
006522,28,629,2019,2026,17,53,True,1,True,False,False
006523,28,629,2019,2026,17,53,True,1,True,False,False
006533,28,1366,2019,2026,28,136,True,13,True,False,False
006615,28,1641,2019,2026,36,149,True,14,True,False,False
006616,28,1640,2019,2026,36,149,True,14,True,False,False
006769,27,1179,2019,2026,10,190,True,11,True,False,False
006887,28,557,2019,2026,14,50,True,1,True,False,False
006888,28,553,2019,2026,13,50,True,1,True,False,False
006904,27,1403,2019,2026,12,159,True,12,True,False,False
006905,27,1400,2019,2026,11,159,True,12,True,False,False
006969,28,819,2019,2026,17,113,True,4,True,False,False
006976,28,1691,2019,2026,14,324,True,9,True,False,False
007049,26,676,2020,2026,10,107,True,3,True,False,False
007113,27,1261,2019,2026,11,159,True,10,True,False,False
007114,27,1258,2019,2026,10,159,True,10,True,False,False
007305,27,1024,2019,2026,17,101,True,7,True,False,False
007340,27,1239,2019,2026,13,147,True,10,True,False,False
007341,27,1226,2019,2026,11,147,True,10,True,False,False
007343,27,2130,2019,2026,12,297,True,11,True,False,False
007346,28,1487,2019,2026,20,171,True,11,True,False,False
007349,27,1170,2019,2026,11,116,True,11,True,False,False
007350,25,1148,2019,2026,43,116,True,11,True,False,False
007353,27,1339,2019,2026,14,244,True,10,True,False,False
007449,27,1227,2019,2026,18,118,True,11,True,False,False
007450,27,1186,2019,2026,11,118,True,11,True,False,False
007490,27,1103,2019,2026,19,113,True,11,True,False,False
007491,27,1044,2019,2026,11,113,True,11,True,False,False
007639,27,878,2019,2026,12,100,True,6,True,False,False
007731,27,937,2019,2026,17,115,True,6,True,False,False
007895,27,1340,2019,2026,12,211,True,9,True,False,False
008185,24,1081,2020,2026,17,105,True,9,True,False,False
008208,26,1334,2020,2026,10,134,True,12,True,False,False
008467,26,1338,2020,2026,11,130,True,12,True,False,False
008528,25,1111,2020,2026,14,100,True,10,True,False,False
008555,24,903,2020,2026,17,104,True,7,True,False,False
008734,26,1191,2020,2026,16,106,True,12,True,False,False
008988,25,1103,2020,2026,11,102,True,10,True,False,False
008989,25,1116,2020,2026,14,103,True,10,True,False,False
009049,26,1238,2020,2026,16,100,True,11,True,False,False
009062,25,981,2020,2026,11,100,True,10,True,False,False
009063,25,1003,2020,2026,18,108,True,10,True,False,False
009242,24,570,2020,2026,14,59,True,2,True,False,False
009243,24,565,2020,2026,13,57,True,2,True,False,False
009707,23,1140,2020,2026,12,100,True,11,True,False,False
009708,23,1138,2020,2026,11,100,True,11,True,False,False
009808,24,1112,2020,2026,15,100,True,11,True,False,False
009855,23,669,2020,2026,10,100,True,5,True,False,False
009856,23,669,2020,2026,10,100,True,5,True,False,False
009913,23,769,2020,2026,16,106,True,7,True,False,False
009993,23,1052,2020,2026,11,100,True,10,True,False,False
010115,22,904,2021,2026,15,100,True,9,True,False,False
010237,23,750,2020,2026,17,104,True,6,True,False,False
010238,23,736,2020,2026,17,100,True,6,True,False,False
010335,22,795,2021,2026,11,100,True,7,True,False,False
010389,23,1031,2020,2026,11,100,True,10,True,False,False
010390,22,1054,2021,2026,14,102,True,10,True,False,False
010415,21,788,2021,2026,12,103,True,8,True,False,False
010416,21,785,2021,2026,11,100,True,7,True,False,False
010912,21,787,2021,2026,12,100,True,6,True,False,False
010913,21,797,2021,2026,14,100,True,6,True,False,False
011120,23,913,2020,2026,10,100,True,8,True,False,False
011300,22,1045,2021,2026,14,100,True,10,True,False,False
011301,22,1037,2021,2026,12,100,True,10,True,False,False
011369,21,897,2021,2026,14,100,True,7,True,False,False
011370,21,892,2021,2026,10,100,True,7,True,False,False
011399,21,929,2021,2026,13,100,True,9,True,False,False
011400,21,930,2021,2026,13,101,True,9,True,False,False
011412,21,882,2021,2026,15,101,True,9,True,False,False
011452,22,1026,2021,2026,17,107,True,9,True,False,False
011488,21,450,2021,2026,13,86,True,1,True,False,False
011822,20,915,2021,2026,15,100,True,9,True,False,False
011823,20,908,2021,2026,13,102,True,9,True,False,False
011891,19,721,2021,2026,14,100,True,6,True,False,False
011892,19,724,2021,2026,15,100,True,6,True,False,False
012301,19,847,2021,2026,13,100,True,8,True,False,False
012456,19,950,2021,2026,17,100,True,9,True,False,False
012457,19,941,2021,2026,11,102,True,9,True,False,False
013107,18,630,2022,2026,10,100,True,7,True,False,False
013108,18,630,2022,2026,10,100,True,7,True,False,False
013238,18,507,2022,2026,14,72,True,5,True,False,False
013239,18,487,2022,2026,11,72,True,4,True,False,False
013312,20,856,2021,2026,10,100,True,9,True,False,False
013369,17,665,2022,2026,13,100,True,6,True,False,False
013370,17,671,2022,2026,13,100,True,6,True,False,False
013840,18,434,2022,2026,12,61,True,2,True,False,False
013841,18,429,2022,2026,12,61,True,2,True,False,False
013949,19,868,2021,2026,10,100,True,9,True,False,False
014282,19,487,2021,2026,10,68,True,4,True,False,False
014319,18,609,2022,2026,19,100,True,3,True,False,False
014320,18,571,2022,2026,10,100,True,3,True,False,False
014497,19,851,2021,2026,10,100,True,7,True,False,False
014549,19,753,2021,2026,10,100,True,8,True,False,False
014611,18,499,2022,2026,11,62,True,5,True,False,False
014612,18,504,2022,2026,12,62,True,5,True,False,False
014833,18,863,2022,2026,10,100,True,8,True,False,False
014975,17,843,2022,2026,10,100,True,8,True,False,False
014989,18,670,2022,2026,10,100,True,8,True,False,False
015389,17,723,2022,2026,10,100,True,8,True,False,False
015491,17,826,2022,2026,12,100,True,8,True,False,False
015576,17,522,2022,2026,10,100,True,3,True,False,False
015585,17,603,2022,2026,10,100,True,5,True,False,False
015967,16,309,2022,2026,13,51,True,1,True,False,False
016262,12,334,2022,2026,11,70,True,3,True,False,False
016263,16,347,2022,2026,10,52,True,1,True,False,False
016370,15,275,2022,2026,14,58,True,1,True,False,False
016371,15,278,2022,2026,13,58,True,1,True,False,False
016461,16,288,2022,2026,10,39,False,0,True,False,False
016500,15,507,2022,2026,11,100,True,3,True,False,False
016501,15,524,2022,2026,14,102,True,4,True,False,False
016579,16,266,2022,2026,10,45,False,0,True,False,False
016721,6,71,2025,2026,10,16,False,0,True,False,False
016772,14,347,2023,2026,10,52,True,3,True,False,False
016773,14,347,2023,2026,10,52,True,3,True,False,False
016780,15,512,2022,2026,10,100,True,5,True,False,False
017102,13,295,2023,2026,20,50,True,1,True,False,False
017103,13,276,2023,2026,10,50,True,1,True,False,False
017234,6,100,2025,2026,11,43,False,0,True,False,False
017612,14,370,2023,2026,10,100,True,2,True,False,False
017732,14,469,2023,2026,10,100,True,4,True,False,False
017811,14,296,2023,2026,10,65,True,2,True,False,False
017876,13,554,2023,2026,10,100,True,4,True,False,False
017927,14,468,2023,2026,10,77,True,6,True,False,False
018291,13,332,2023,2026,10,58,True,2,True,False,False
018325,12,214,2023,2026,11,36,False,0,True,False,False
018326,12,212,2023,2026,10,36,False,0,True,False,False
018358,12,308,2023,2026,10,57,True,2,True,False,False
018359,12,308,2023,2026,10,57,True,2,True,False,False
018956,12,291,2023,2026,14,63,True,3,True,False,False
018957,12,275,2023,2026,10,63,True,3,True,False,False
019018,10,460,2024,2026,10,100,True,4,True,False,False
019032,6,219,2025,2026,10,99,True,2,True,False,False
019034,10,406,2024,2026,10,100,True,4,True,False,False
019426,7,113,2024,2026,11,34,False,0,True,False,False
019427,7,113,2024,2026,11,34,False,0,True,False,False
019571,12,480,2023,2026,10,100,True,4,True,False,False
019829,9,157,2024,2026,11,36,False,0,True,False,False
019830,9,159,2024,2026,13,36,False,0,True,False,False
019925,10,258,2024,2026,10,65,True,1,True,False,False
020018,29,1077,2018,2026,11,100,True,9,True,False,False
020469,9,152,2024,2026,11,35,False,0,True,False,False
020470,9,152,2024,2026,11,35,False,0,True,False,False
021179,7,137,2024,2026,10,44,False,0,True,False,False
021180,7,137,2024,2026,10,44,False,0,True,False,False
021382,8,189,2024,2026,10,57,True,2,True,False,False
021383,8,189,2024,2026,10,57,True,2,True,False,False
021510,8,166,2024,2026,11,45,False,0,True,False,False
021511,8,166,2024,2026,11,45,False,0,True,False,False
021523,9,241,2024,2026,10,56,True,2,True,False,False
021528,9,247,2024,2026,10,58,True,2,True,False,False
021593,7,168,2024,2026,12,56,True,1,True,False,False
021594,7,165,2024,2026,10,56,True,1,True,False,False
021626,6,83,2025,2026,10,23,False,0,True,False,False
021627,6,83,2025,2026,10,23,False,0,True,False,False
021792,7,95,2024,2026,10,20,False,0,True,False,False
021793,7,95,2024,2026,10,20,False,0,True,False,False
022364,7,131,2024,2026,13,55,True,1,True,False,False
022365,7,125,2024,2026,10,55,True,1,True,False,False
022368,6,96,2025,2026,10,43,False,0,True,False,False
022709,6,129,2025,2026,10,50,True,1,True,False,False
022735,6,86,2025,2026,10,24,False,0,True,False,False
022740,7,95,2024,2026,10,24,False,0,True,False,False
023397,5,79,2025,2026,10,25,False,0,True,False,False
023398,5,79,2025,2026,10,25,False,0,True,False,False
023451,6,135,2025,2026,14,64,True,1,True,False,False
023452,6,126,2025,2026,10,64,True,1,True,False,False
024052,4,66,2025,2026,10,36,False,0,True,False,False
024053,4,66,2025,2026,10,36,False,0,True,False,False
024459,4,73,2025,2026,12,39,False,0,True,False,False
024460,4,68,2025,2026,10,38,False,0,True,False,False
024592,4,60,2025,2026,10,30,False,0,True,False,False
024593,4,60,2025,2026,10,30,False,0,True,False,False
040001,30,1369,2018,2026,29,176,True,10,True,False,False
040008,30,1091,2018,2026,27,135,True,6,True,False,False
040011,30,987,2018,2026,26,93,True,7,True,False,False
040016,30,1621,2018,2026,37,180,True,14,True,False,False
040025,30,2240,2018,2026,69,220,True,16,True,False,False
050004,30,1704,2018,2026,34,183,True,14,True,False,False
050009,30,1452,2018,2026,39,135,True,14,True,False,False
050010,30,1341,2018,2026,33,126,True,14,True,False,False
070027,30,1306,2018,2026,34,131,True,8,True,False,False
100022,30,1146,2018,2026,30,98,True,11,True,False,False
100039,30,1018,2018,2026,25,98,True,9,True,False,False
100060,30,1174,2018,2026,33,117,True,9,True,False,False
110002,30,1806,2018,2026,60,198,True,16,True,False,False
110005,28,1254,2018,2026,33,131,True,12,True,False,False
110009,30,1688,2018,2026,27,317,True,12,True,False,False
110013,30,1998,2018,2026,72,192,True,16,True,False,False
110015,30,1291,2018,2026,32,114,True,12,True,False,False
110025,30,1305,2018,2026,25,120,True,12,True,False,False
110029,30,1705,2018,2026,67,133,True,16,True,False,False
112002,76,3648,2006,2026,31,100,True,34,True,False,False
121003,30,1771,2018,2026,45,186,True,14,True,False,False
150968,30,1359,2018,2026,40,123,True,13,True,False,False
151001,30,1230,2018,2026,33,104,True,11,True,False,False
160220,50,1351,2014,2026,13,104,True,9,True,False,False
160226,42,1223,2016,2026,10,100,True,9,True,False,False
160605,30,1351,2018,2026,31,140,True,11,True,False,False
161606,30,1298,2018,2026,26,120,True,11,True,False,False
161810,30,889,2018,2026,27,73,True,6,True,False,False
161903,30,904,2018,2026,24,103,True,3,True,False,False
162006,30,1234,2018,2026,44,119,True,12,True,False,False
162201,30,1728,2018,2026,27,266,True,10,True,False,False
162204,30,1737,2018,2026,45,196,True,13,True,False,False
162209,30,1459,2018,2026,53,149,True,16,True,False,False
162214,30,869,2018,2026,15,85,True,7,True,False,False
162703,30,930,2018,2026,22,104,True,4,True,False,False
163402,30,2079,2018,2026,51,216,True,16,True,False,False
163406,30,1734,2018,2026,47,156,True,14,True,False,False
163411,30,1497,2018,2026,42,120,True,14,True,False,False
163412,30,981,2018,2026,35,92,True,5,True,False,False
166001,30,1783,2018,2026,32,180,True,12,True,False,False
166005,30,2079,2018,2026,57,209,True,16,True,False,False
168002,30,860,2018,2026,12,118,True,6,True,False,False
168401,38,686,2017,2026,10,56,True,3,True,False,False
180031,30,1161,2018,2026,38,115,True,9,True,False,False
200012,30,1388,2018,2026,45,198,True,13,True,False,False
202001,30,1678,2018,2026,50,138,True,15,True,False,False
202002,30,1711,2018,2026,53,142,True,15,True,False,False
202027,30,1459,2018,2026,54,108,True,16,True,False,False
206009,30,1340,2018,2026,25,123,True,11,True,False,False
210004,30,2493,2018,2026,26,351,True,12,True,False,False
210008,30,1205,2018,2026,19,152,True,10,True,False,False
213003,30,1408,2018,2026,37,118,True,13,True,False,False
213008,30,1437,2018,2026,22,183,True,13,True,False,False
240005,30,1412,2018,2026,52,133,True,16,True,False,False
240011,30,1036,2018,2026,23,128,True,7,True,False,False
240017,30,1376,2018,2026,46,148,True,15,True,False,False
240022,30,1251,2018,2026,42,129,True,14,True,False,False
257020,30,1572,2018,2026,24,246,True,11,True,False,False
257030,30,1118,2018,2026,30,117,True,9,True,False,False
257070,30,614,2018,2026,24,43,False,0,True,False,False
260112,30,1321,2018,2026,17,136,True,11,True,False,False
260117,30,1149,2018,2026,27,172,True,6,True,False,False
270028,30,1314,2018,2026,33,131,True,13,True,False,False
290008,30,594,2018,2026,17,40,False,0,True,False,False
290014,30,565,2018,2026,16,34,False,0,True,False,False
310358,30,1009,2018,2026,23,128,True,7,True,False,False
320005,30,1628,2018,2026,31,161,True,14,True,False,False
320007,30,2708,2018,2026,27,605,True,11,True,False,False
340007,30,1237,2018,2026,26,95,True,11,True,False,False
360016,30,1393,2018,2026,36,182,True,14,True,False,False
370024,30,1330,2018,2026,48,149,True,13,True,False,False
370027,30,1328,2018,2026,41,136,True,13,True,False,False
375010,30,2020,2018,2026,53,163,True,16,True,False,False
377010,30,1317,2018,2026,33,123,True,14,True,False,False
377240,30,1171,2018,2026,31,101,True,11,True,False,False
378010,30,1083,2018,2026,37,102,True,9,True,False,False
379010,30,1403,2018,2026,43,134,True,14,True,False,False
400001,30,1297,2018,2026,33,133,True,12,True,False,False
460007,30,1499,2018,2026,44,129,True,14,True,False,False
470009,30,2014,2018,2026,48,250,True,15,True,False,False
470028,30,1605,2018,2026,33,165,True,13,True,False,False
470098,30,2501,2018,2026,29,415,True,9,True,False,False
481001,30,1943,2018,2026,46,185,True,15,True,False,False
481008,30,1589,2018,2026,36,138,True,12,True,False,False
481010,30,1782,2018,2026,31,207,True,12,True,False,False
481015,30,1445,2018,2026,31,138,True,13,True,False,False
501026,39,1587,2016,2026,24,100,True,16,True,False,False
501054,30,1633,2018,2026,42,135,True,13,True,False,False
501079,27,2190,2019,2026,17,405,True,11,True,False,False
501082,28,1334,2019,2026,14,100,True,13,True,False,False
519005,30,1523,2018,2026,33,182,True,11,True,False,False
519013,30,1355,2018,2026,55,117,True,16,True,False,False
519018,30,2148,2018,2026,55,302,True,16,True,False,False
519026,30,882,2018,2026,23,106,True,4,True,False,False
519089,30,1905,2018,2026,43,226,True,14,True,False,False
519110,30,1783,2018,2026,43,211,True,14,True,False,False
519158,30,1479,2018,2026,30,134,True,13,True,False,False
519172,42,1172,2016,2026,17,91,True,10,True,False,False
519173,41,1156,2016,2026,18,91,True,10,True,False,False
519181,30,1239,2018,2026,33,179,True,7,True,False,False
519185,30,1015,2018,2026,28,101,True,7,True,False,False
519670,30,1270,2018,2026,26,128,True,11,True,False,False
519672,30,1155,2018,2026,24,103,True,10,True,False,False
519674,30,2071,2018,2026,27,383,True,12,True,False,False
519679,30,1433,2018,2026,36,136,True,12,True,False,False
519688,30,1748,2018,2026,33,201,True,11,True,False,False
519698,30,1391,2018,2026,19,154,True,11,True,False,False
519704,30,1674,2018,2026,46,138,True,14,True,False,False
519770,41,1357,2016,2026,19,100,True,10,True,False,False
519771,41,1335,2016,2026,10,100,True,9,True,False,False
519773,40,1439,2016,2026,16,100,True,13,True,False,False
530019,30,687,2018,2026,15,61,True,3,True,False,False
570001,30,576,2018,2026,19,34,False,0,True,False,False
570008,30,663,2018,2026,20,73,True,2,True,False,False
580001,30,1141,2018,2026,31,99,True,9,True,False,False
580002,30,1222,2018,2026,36,120,True,9,True,False,False
580006,30,757,2018,2026,18,77,True,4,True,False,False
610006,30,830,2018,2026,24,87,True,3,True,False,False
630001,30,1767,2018,2026,23,293,True,13,True,False,False
630002,30,3410,2018,2026,76,407,True,16,True,False,False
630010,30,1246,2018,2026,38,118,True,9,True,False,False
630011,30,1350,2018,2026,49,112,True,15,True,False,False
660005,30,1324,2018,2026,53,109,True,16,True,False,False
660015,30,1297,2018,2026,43,102,True,14,True,False,False
720001,58,1631,2012,2026,15,100,True,9,True,False,False
740001,57,1001,2012,2026,15,45,False,0,True,False,False
952004,27,1388,2019,2026,23,148,True,11,True,False,False
959991,25,1034,2020,2026,10,100,True,11,True,False,False
000220,52,1500,2013,2026,11,100,True,10,False,False,True
000471,50,1765,2014,2026,20,100,True,14,False,False,True
000513,48,1775,2014,2026,11,100,True,20,False,False,True
001048,46,1460,2015,2026,19,100,True,9,False,False,True
001186,45,1399,2015,2026,14,77,True,11,False,False,True
001268,44,1422,2015,2026,13,100,True,10,False,False,True
002258,1,43,2017,2017,43,43,False,0,False,False,False
002291,8,160,2016,2017,12,57,True,1,False,False,False
002316,8,460,2016,2017,57,100,True,4,False,False,False
002363,8,136,2016,2017,12,47,False,0,False,False,False
002385,8,440,2016,2017,55,100,True,4,False,False,False
002387,7,166,2016,2017,10,54,True,1,False,False,False
002388,6,133,2016,2017,7,58,True,2,False,False,False
002443,6,110,2016,2017,11,48,False,0,False,False,False
002446,7,116,2016,2017,10,41,False,0,False,False,False
002453,5,286,2016,2017,82,100,True,3,False,False,False
002455,4,125,2017,2017,26,63,True,1,False,False,False
002456,6,96,2016,2017,11,27,False,0,False,False,False
002472,1,32,2017,2017,32,32,False,0,False,False,False
002482,6,126,2016,2017,18,36,False,0,False,False,False
002489,7,75,2016,2017,10,16,False,0,False,False,False
002490,4,32,2016,2017,5,20,False,0,False,False,False
002494,6,143,2016,2017,20,46,False,0,False,False,False
002495,1,38,2017,2017,38,38,False,0,False,False,False
002496,1,38,2017,2017,38,38,False,0,False,False,False
002497,7,107,2016,2017,15,25,False,0,False,False,False
002498,7,114,2016,2017,15,28,False,0,False,False,False
006049,32,1172,2018,2026,12,100,True,9,False,False,True
006299,30,1169,2019,2026,17,100,True,9,False,False,True
024028,3,85,2025,2026,11,64,True,1,False,True,True
040004,88,3288,2004,2026,26,100,True,27,False,False,True
040005,76,3888,2006,2026,45,100,True,36,False,False,True
040007,77,3853,2007,2026,43,100,True,36,False,False,True
050001,95,4113,2002,2026,33,100,True,29,False,False,True
050014,65,1893,2010,2026,13,100,True,11,False,False,True
050201,80,3411,2006,2026,19,100,True,28,False,False,True
070013,73,3107,2008,2026,26,100,True,26,False,False,True
100026,79,4002,2006,2026,21,100,True,36,False,False,True
100056,59,2521,2011,2026,15,100,True,25,False,False,True
121005,79,2848,2006,2026,20,100,True,27,False,False,True
121006,72,2460,2008,2026,17,100,True,18,False,False,True
121008,74,2622,2008,2026,22,100,True,22,False,False,True
160106,84,2936,2005,2026,22,100,True,29,False,False,True
161005,82,4768,2006,2026,43,100,True,38,False,False,True
161601,96,3763,2002,2026,24,100,True,30,False,False,True
161609,79,2711,2006,2026,19,100,True,18,False,False,True
161610,77,3196,2007,2026,23,100,True,28,False,False,True
161611,69,2332,2009,2026,16,100,True,15,False,False,True
161616,56,2142,2012,2026,17,100,True,16,False,False,True
161706,83,3076,2005,2026,29,100,True,25,False,False,True
162605,85,2768,2005,2026,22,100,True,19,False,False,True
163409,61,1869,2011,2026,20,88,True,14,False,False,True
163415,54,1978,2013,2026,27,100,True,15,False,False,True
202003,79,3985,2006,2026,39,100,True,37,False,False,True
202005,77,2750,2007,2026,22,100,True,17,False,False,True
202007,75,2862,2007,2026,23,100,True,22,False,False,True
202009,73,3059,2008,2026,21,100,True,31,False,False,True
202011,73,2488,2008,2026,14,100,True,22,False,False,True
202019,65,3478,2010,2026,23,100,True,32,False,False,True
217012,69,2388,2009,2026,19,100,True,18,False,False,True
257040,71,1305,2008,2026,10,63,True,3,False,False,True
270002,88,2919,2004,2026,29,100,True,14,False,False,True
270005,83,4363,2005,2026,50,100,True,42,False,False,True
400007,73,2610,2008,2026,11,100,True,24,False,False,True
400011,68,2625,2009,2026,10,100,True,22,False,False,True
470006,63,2451,2010,2026,31,100,True,20,False,False,True
481004,79,3527,2006,2026,33,100,True,34,False,False,True
481006,76,2914,2007,2026,20,100,True,28,False,False,True
519035,77,3230,2007,2026,24,100,True,35,False,False,True
519068,78,3379,2007,2026,34,100,True,29,False,False,True
519069,70,2561,2009,2026,27,100,True,23,False,False,True
519692,79,2906,2006,2026,32,100,True,23,False,False,True
519694,76,3072,2007,2026,30,100,True,28,False,False,True
519702,62,2341,2011,2026,28,100,True,13,False,False,True
519712,55,2817,2012,2026,25,100,True,26,False,False,True
519714,54,1885,2013,2026,14,100,True,13,False,False,True
519727,52,889,2013,2026,12,30,False,0,False,False,True
519736,48,1775,2014,2026,21,100,True,12,False,False,True
519991,72,1857,2008,2026,15,100,True,6,False,False,True
519993,79,2871,2006,2026,24,100,True,24,False,False,True
519995,81,3726,2006,2026,26,100,True,37,False,False,True
519997,86,2529,2005,2026,14,100,True,20,False,False,True
540002,79,2213,2006,2026,16,97,True,11,False,False,True
660001,71,2653,2008,2026,25,100,True,23,False,False,True
660012,57,1647,2012,2026,15,100,True,10,False,False,True
