fund_code,year,report_period,turnover_rate,source
162201,2015,2015,1220,mx-ds-mcp
162204,2015,2015,1115,mx-ds-mcp
110025,2015,2015,390.3,mx-ds-mcp
110009,2015,2015,604.4,mx-ds-mcp
110029,2015,2015,195,mx-ds-mcp
161903,2015,2015,666.9,mx-ds-mcp
163406,2015,2015,501.1,mx-ds-mcp
166005,2015,2015,217.5,mx-ds-mcp
110015,2015,2015,498.6,mx-ds-mcp
100060,2015,2015,699.1,mx-ds-mcp
160605,2015,2015,563.4,mx-ds-mcp
162209,2015,2015,1229,mx-ds-mcp
110013,2015,2015,831.9,mx-ds-mcp
166001,2015,2015,371.7,mx-ds-mcp
161810,2015,2015,504,mx-ds-mcp
180031,2015,2015,861.2,mx-ds-mcp
110002,2015,2015,365.5,mx-ds-mcp
100039,2015,2015,507.4,mx-ds-mcp
163411,2015,2015,406.6,mx-ds-mcp
100022,2015,2015,722.8,mx-ds-mcp
202002,2015,2015,713.4,mx-ds-mcp
151001,2015,2015,685.6,mx-ds-mcp
162214,2015,2015,1421,mx-ds-mcp
162703,2015,2015,649.6,mx-ds-mcp
202001,2015,2015,726.8,mx-ds-mcp
110005,2015,2015,631.3,mx-ds-mcp
200012,2015,2015,1291,mx-ds-mcp
121003,2015,2015,361.2,mx-ds-mcp
161606,2015,2015,530,mx-ds-mcp
162006,2015,2015,571.2,mx-ds-mcp
163402,2015,2015,533.9,mx-ds-mcp
163412,2015,2015,524.1,mx-ds-mcp
310358,2015,2015,441.1,mx-ds-mcp
260112,2015,2015,397.6,mx-ds-mcp
240005,2015,2015,470.8,mx-ds-mcp
377240,2015,2015,705.3,mx-ds-mcp
240022,2015,2015,450.2,mx-ds-mcp
213003,2015,2015,212.6,mx-ds-mcp
460007,2015,2015,984.6,mx-ds-mcp
400001,2015,2015,524.6,mx-ds-mcp
213008,2015,2015,251.9,mx-ds-mcp
379010,2015,2015,696.5,mx-ds-mcp
240011,2015,2015,1136,mx-ds-mcp
378010,2015,2015,1061,mx-ds-mcp
206009,2015,2015,456.1,mx-ds-mcp
290008,2015,2015,949,mx-ds-mcp
260117,2015,2015,574.4,mx-ds-mcp
370024,2015,2015,539.5,mx-ds-mcp
270028,2015,2015,925.8,mx-ds-mcp
290014,2015,2015,1108,mx-ds-mcp
370027,2015,2015,644.8,mx-ds-mcp
257030,2015,2015,477.6,mx-ds-mcp
257020,2015,2015,399.5,mx-ds-mcp
340007,2015,2015,264.8,mx-ds-mcp
240017,2015,2015,767.2,mx-ds-mcp
202027,2015,2015,885.8,mx-ds-mcp
320007,2015,2015,388.2,mx-ds-mcp
377010,2015,2015,608.3,mx-ds-mcp
210004,2015,2015,565.3,mx-ds-mcp
375010,2015,2015,826.5,mx-ds-mcp
360016,2015,2015,1524,mx-ds-mcp
257070,2015,2015,288.3,mx-ds-mcp
470009,2015,2015,223,mx-ds-mcp
320005,2015,2015,377.3,mx-ds-mcp
210008,2015,2015,1513,mx-ds-mcp
519679,2015,2015,629.4,mx-ds-mcp
519158,2015,2015,309.6,mx-ds-mcp
530019,2015,2015,1015,mx-ds-mcp
519704,2015,2015,644.1,mx-ds-mcp
519688,2015,2015,530.5,mx-ds-mcp
519018,2015,2015,251.7,mx-ds-mcp
519005,2015,2015,1130,mx-ds-mcp
519670,2015,2015,429,mx-ds-mcp
519698,2015,2015,359.7,mx-ds-mcp
570001,2015,2015,655.3,mx-ds-mcp
519013,2015,2015,1094,mx-ds-mcp
519110,2015,2015,265,mx-ds-mcp
519089,2015,2015,1258,mx-ds-mcp
481015,2015,2015,466.5,mx-ds-mcp
481001,2015,2015,301.3,mx-ds-mcp
570008,2015,2015,1268,mx-ds-mcp
470028,2015,2015,509.6,mx-ds-mcp
519185,2015,2015,754.4,mx-ds-mcp
481010,2015,2015,91.73,mx-ds-mcp
519026,2015,2015,1798,mx-ds-mcp
519674,2015,2015,736.3,mx-ds-mcp
470098,2015,2015,400,mx-ds-mcp
481008,2015,2015,420.5,mx-ds-mcp
519181,2015,2015,760.6,mx-ds-mcp
519672,2015,2015,778.6,mx-ds-mcp
580006,2015,2015,1646,mx-ds-mcp
580002,2015,2015,592,mx-ds-mcp
580001,2015,2015,1128,mx-ds-mcp
610006,2015,2015,507.4,mx-ds-mcp
630001,2015,2015,228.5,mx-ds-mcp
630002,2015,2015,136.9,mx-ds-mcp
630010,2015,2015,90.69,mx-ds-mcp
630011,2015,2015,84.22,mx-ds-mcp
660005,2015,2015,420,mx-ds-mcp
660015,2015,2015,893.3,mx-ds-mcp
162201,2016,2016,382.2,mx-ds-mcp
162204,2016,2016,409.1,mx-ds-mcp
110025,2016,2016,228.7,mx-ds-mcp
110009,2016,2016,381.8,mx-ds-mcp
110029,2016,2016,38.68,mx-ds-mcp
161903,2016,2016,223.2,mx-ds-mcp
163406,2016,2016,144.6,mx-ds-mcp
166005,2016,2016,68.06,mx-ds-mcp
110015,2016,2016,290.8,mx-ds-mcp
100060,2016,2016,496.9,mx-ds-mcp
160605,2016,2016,200.1,mx-ds-mcp
162209,2016,2016,1058,mx-ds-mcp
110013,2016,2016,313,mx-ds-mcp
166001,2016,2016,75.51,mx-ds-mcp
161810,2016,2016,94.93,mx-ds-mcp
180031,2016,2016,464.6,mx-ds-mcp
110002,2016,2016,474.1,mx-ds-mcp
100039,2016,2016,214.2,mx-ds-mcp
163411,2016,2016,1088,mx-ds-mcp
100022,2016,2016,480.7,mx-ds-mcp
202002,2016,2016,204.4,mx-ds-mcp
151001,2016,2016,258.1,mx-ds-mcp
162214,2016,2016,507.4,mx-ds-mcp
162703,2016,2016,200.2,mx-ds-mcp
202001,2016,2016,192.4,mx-ds-mcp
110005,2016,2016,267.4,mx-ds-mcp
200012,2016,2016,791.3,mx-ds-mcp
121003,2016,2016,457.8,mx-ds-mcp
161606,2016,2016,211.4,mx-ds-mcp
162006,2016,2016,299.6,mx-ds-mcp
163402,2016,2016,160.4,mx-ds-mcp
163412,2016,2016,151,mx-ds-mcp
310358,2016,2016,597.5,mx-ds-mcp
260112,2016,2016,210.2,mx-ds-mcp
240005,2016,2016,302.4,mx-ds-mcp
377240,2016,2016,651.3,mx-ds-mcp
240022,2016,2016,273.7,mx-ds-mcp
213003,2016,2016,151.9,mx-ds-mcp
460007,2016,2016,551.2,mx-ds-mcp
400001,2016,2016,199.8,mx-ds-mcp
213008,2016,2016,153.2,mx-ds-mcp
379010,2016,2016,707.3,mx-ds-mcp
240011,2016,2016,623.6,mx-ds-mcp
378010,2016,2016,1148,mx-ds-mcp
206009,2016,2016,477,mx-ds-mcp
290008,2016,2016,1407,mx-ds-mcp
260117,2016,2016,500.3,mx-ds-mcp
370024,2016,2016,616.6,mx-ds-mcp
270028,2016,2016,273.9,mx-ds-mcp
290014,2016,2016,588.8,mx-ds-mcp
370027,2016,2016,753,mx-ds-mcp
257030,2016,2016,172.7,mx-ds-mcp
257020,2016,2016,269.6,mx-ds-mcp
340007,2016,2016,157.8,mx-ds-mcp
240017,2016,2016,699.2,mx-ds-mcp
202027,2016,2016,187.3,mx-ds-mcp
320007,2016,2016,262.9,mx-ds-mcp
377010,2016,2016,132.7,mx-ds-mcp
210004,2016,2016,351.8,mx-ds-mcp
375010,2016,2016,656.2,mx-ds-mcp
360016,2016,2016,899.2,mx-ds-mcp
257070,2016,2016,245.8,mx-ds-mcp
470009,2016,2016,388.9,mx-ds-mcp
320005,2016,2016,223.5,mx-ds-mcp
210008,2016,2016,1221,mx-ds-mcp
519679,2016,2016,219.2,mx-ds-mcp
519158,2016,2016,108.3,mx-ds-mcp
530019,2016,2016,344.4,mx-ds-mcp
519704,2016,2016,352.2,mx-ds-mcp
519688,2016,2016,209.9,mx-ds-mcp
519018,2016,2016,69.66,mx-ds-mcp
519005,2016,2016,409.7,mx-ds-mcp
519670,2016,2016,168.9,mx-ds-mcp
519698,2016,2016,78.31,mx-ds-mcp
570001,2016,2016,58.97,mx-ds-mcp
519013,2016,2016,631.9,mx-ds-mcp
519110,2016,2016,68.89,mx-ds-mcp
519089,2016,2016,312.4,mx-ds-mcp
481015,2016,2016,196,mx-ds-mcp
481001,2016,2016,67.61,mx-ds-mcp
570008,2016,2016,342.6,mx-ds-mcp
470028,2016,2016,247.2,mx-ds-mcp
519185,2016,2016,197.2,mx-ds-mcp
481010,2016,2016,41.17,mx-ds-mcp
519026,2016,2016,386.8,mx-ds-mcp
519674,2016,2016,342.6,mx-ds-mcp
470098,2016,2016,81.05,mx-ds-mcp
481008,2016,2016,108.5,mx-ds-mcp
519181,2016,2016,111,mx-ds-mcp
519672,2016,2016,226.9,mx-ds-mcp
580006,2016,2016,1042,mx-ds-mcp
580002,2016,2016,196.2,mx-ds-mcp
580001,2016,2016,146.6,mx-ds-mcp
610006,2016,2016,711.8,mx-ds-mcp
630001,2016,2016,233.1,mx-ds-mcp
630002,2016,2016,108.1,mx-ds-mcp
630010,2016,2016,106,mx-ds-mcp
630011,2016,2016,74.8,mx-ds-mcp
660005,2016,2016,501.9,mx-ds-mcp
660015,2016,2016,740.4,mx-ds-mcp
162201,2017,2017,593.7,mx-ds-mcp
162204,2017,2017,409.1,mx-ds-mcp
110025,2017,2017,548.7,mx-ds-mcp
110009,2017,2017,539.7,mx-ds-mcp
110029,2017,2017,92.5,mx-ds-mcp
161903,2017,2017,246.1,mx-ds-mcp
163406,2017,2017,228.4,mx-ds-mcp
166005,2017,2017,127.9,mx-ds-mcp
110015,2017,2017,142.7,mx-ds-mcp
100060,2017,2017,1236,mx-ds-mcp
160605,2017,2017,369.6,mx-ds-mcp
162209,2017,2017,682.2,mx-ds-mcp
110013,2017,2017,426.3,mx-ds-mcp
166001,2017,2017,194.4,mx-ds-mcp
161810,2017,2017,363.5,mx-ds-mcp
180031,2017,2017,606.6,mx-ds-mcp
168002,2017,2017,93.88,mx-ds-mcp
110002,2017,2017,618.4,mx-ds-mcp
100039,2017,2017,383,mx-ds-mcp
163411,2017,2017,578.2,mx-ds-mcp
100022,2017,2017,644.9,mx-ds-mcp
202002,2017,2017,317.4,mx-ds-mcp
151001,2017,2017,535.2,mx-ds-mcp
162214,2017,2017,211.3,mx-ds-mcp
162703,2017,2017,287.5,mx-ds-mcp
202001,2017,2017,317.5,mx-ds-mcp
110005,2017,2017,432.4,mx-ds-mcp
200012,2017,2017,1283,mx-ds-mcp
121003,2017,2017,844.1,mx-ds-mcp
161606,2017,2017,376.5,mx-ds-mcp
162006,2017,2017,1044,mx-ds-mcp
163402,2017,2017,178.2,mx-ds-mcp
163412,2017,2017,250.9,mx-ds-mcp
150968,2017,2017,223.6,mx-ds-mcp
310358,2017,2017,241.1,mx-ds-mcp
260112,2017,2017,177.1,mx-ds-mcp
240005,2017,2017,169.4,mx-ds-mcp
377240,2017,2017,169.1,mx-ds-mcp
240022,2017,2017,108.1,mx-ds-mcp
213003,2017,2017,203.8,mx-ds-mcp
460007,2017,2017,141.7,mx-ds-mcp
400001,2017,2017,112.4,mx-ds-mcp
213008,2017,2017,239.1,mx-ds-mcp
379010,2017,2017,218,mx-ds-mcp
240011,2017,2017,543.8,mx-ds-mcp
378010,2017,2017,195.2,mx-ds-mcp
206009,2017,2017,134.9,mx-ds-mcp
290008,2017,2017,713.1,mx-ds-mcp
260117,2017,2017,190.3,mx-ds-mcp
370024,2017,2017,192.7,mx-ds-mcp
270028,2017,2017,110.7,mx-ds-mcp
290014,2017,2017,286.1,mx-ds-mcp
370027,2017,2017,135.5,mx-ds-mcp
257030,2017,2017,87.18,mx-ds-mcp
257020,2017,2017,142.8,mx-ds-mcp
340007,2017,2017,87.12,mx-ds-mcp
240017,2017,2017,423.1,mx-ds-mcp
202027,2017,2017,108.5,mx-ds-mcp
320007,2017,2017,255.2,mx-ds-mcp
377010,2017,2017,22.27,mx-ds-mcp
210004,2017,2017,54.02,mx-ds-mcp
375010,2017,2017,142.3,mx-ds-mcp
360016,2017,2017,349.6,mx-ds-mcp
257070,2017,2017,83.36,mx-ds-mcp
470009,2017,2017,148.2,mx-ds-mcp
320005,2017,2017,128.1,mx-ds-mcp
210008,2017,2017,479.7,mx-ds-mcp
519679,2017,2017,194.5,mx-ds-mcp
519158,2017,2017,127,mx-ds-mcp
530019,2017,2017,306.2,mx-ds-mcp
519704,2017,2017,214.7,mx-ds-mcp
519688,2017,2017,168.7,mx-ds-mcp
519018,2017,2017,245.5,mx-ds-mcp
519005,2017,2017,355.7,mx-ds-mcp
519670,2017,2017,158.4,mx-ds-mcp
519698,2017,2017,59.04,mx-ds-mcp
570001,2017,2017,41.34,mx-ds-mcp
519013,2017,2017,122.4,mx-ds-mcp
519110,2017,2017,64.2,mx-ds-mcp
519089,2017,2017,231.9,mx-ds-mcp
481015,2017,2017,156.4,mx-ds-mcp
481001,2017,2017,76.74,mx-ds-mcp
570008,2017,2017,237.9,mx-ds-mcp
470028,2017,2017,187.7,mx-ds-mcp
519185,2017,2017,144.2,mx-ds-mcp
481010,2017,2017,16.18,mx-ds-mcp
519026,2017,2017,47.85,mx-ds-mcp
519674,2017,2017,158,mx-ds-mcp
470098,2017,2017,109.2,mx-ds-mcp
481008,2017,2017,60.08,mx-ds-mcp
519181,2017,2017,106.1,mx-ds-mcp
519672,2017,2017,152.5,mx-ds-mcp
580006,2017,2017,845.7,mx-ds-mcp
580002,2017,2017,251.5,mx-ds-mcp
580001,2017,2017,215.7,mx-ds-mcp
610006,2017,2017,1211,mx-ds-mcp
630001,2017,2017,182.8,mx-ds-mcp
630002,2017,2017,152.8,mx-ds-mcp
630010,2017,2017,139.5,mx-ds-mcp
630011,2017,2017,95.61,mx-ds-mcp
660005,2017,2017,146.3,mx-ds-mcp
660015,2017,2017,589.1,mx-ds-mcp
162201,2018,2018,650,mx-ds-mcp
162204,2018,2018,305.7,mx-ds-mcp
110025,2018,2018,292.3,mx-ds-mcp
110009,2018,2018,508.9,mx-ds-mcp
110029,2018,2018,70.33,mx-ds-mcp
161903,2018,2018,319.2,mx-ds-mcp
163406,2018,2018,118.2,mx-ds-mcp
166005,2018,2018,160,mx-ds-mcp
110015,2018,2018,153.7,mx-ds-mcp
100060,2018,2018,1406,mx-ds-mcp
160605,2018,2018,58.94,mx-ds-mcp
162209,2018,2018,577.6,mx-ds-mcp
110013,2018,2018,288,mx-ds-mcp
166001,2018,2018,205.6,mx-ds-mcp
161810,2018,2018,316,mx-ds-mcp
180031,2018,2018,559.2,mx-ds-mcp
168002,2018,2018,459,mx-ds-mcp
110002,2018,2018,744.2,mx-ds-mcp
100039,2018,2018,504.4,mx-ds-mcp
163411,2018,2018,624.4,mx-ds-mcp
100022,2018,2018,688,mx-ds-mcp
202002,2018,2018,296.6,mx-ds-mcp
151001,2018,2018,489,mx-ds-mcp
162214,2018,2018,234.3,mx-ds-mcp
162703,2018,2018,210.3,mx-ds-mcp
202001,2018,2018,291.9,mx-ds-mcp
110005,2018,2018,454.7,mx-ds-mcp
200012,2018,2018,947.3,mx-ds-mcp
121003,2018,2018,1078,mx-ds-mcp
161606,2018,2018,171,mx-ds-mcp
162006,2018,2018,835.5,mx-ds-mcp
163402,2018,2018,106.5,mx-ds-mcp
163412,2018,2018,257.6,mx-ds-mcp
150968,2018,2018,395.9,mx-ds-mcp
310358,2018,2018,179,mx-ds-mcp
260112,2018,2018,210.4,mx-ds-mcp
240005,2018,2018,158.7,mx-ds-mcp
377240,2018,2018,159.2,mx-ds-mcp
240022,2018,2018,141.6,mx-ds-mcp
213003,2018,2018,252.7,mx-ds-mcp
460007,2018,2018,230.3,mx-ds-mcp
400001,2018,2018,268.4,mx-ds-mcp
213008,2018,2018,267.7,mx-ds-mcp
379010,2018,2018,164.1,mx-ds-mcp
240011,2018,2018,337.7,mx-ds-mcp
378010,2018,2018,149.8,mx-ds-mcp
206009,2018,2018,83.43,mx-ds-mcp
290008,2018,2018,730.9,mx-ds-mcp
260117,2018,2018,114.8,mx-ds-mcp
370024,2018,2018,158.8,mx-ds-mcp
270028,2018,2018,78.4,mx-ds-mcp
290014,2018,2018,275.9,mx-ds-mcp
370027,2018,2018,260.2,mx-ds-mcp
257030,2018,2018,103.6,mx-ds-mcp
257020,2018,2018,144,mx-ds-mcp
340007,2018,2018,55.99,mx-ds-mcp
240017,2018,2018,712.1,mx-ds-mcp
202027,2018,2018,68.03,mx-ds-mcp
320007,2018,2018,398.6,mx-ds-mcp
377010,2018,2018,49.58,mx-ds-mcp
210004,2018,2018,125.7,mx-ds-mcp
375010,2018,2018,264.5,mx-ds-mcp
360016,2018,2018,826.4,mx-ds-mcp
257070,2018,2018,135.6,mx-ds-mcp
470009,2018,2018,134.9,mx-ds-mcp
320005,2018,2018,106,mx-ds-mcp
210008,2018,2018,168,mx-ds-mcp
519679,2018,2018,370.6,mx-ds-mcp
519158,2018,2018,240.9,mx-ds-mcp
530019,2018,2018,541.2,mx-ds-mcp
519704,2018,2018,299.7,mx-ds-mcp
519688,2018,2018,157.8,mx-ds-mcp
519018,2018,2018,225.5,mx-ds-mcp
519005,2018,2018,297.1,mx-ds-mcp
519670,2018,2018,270.6,mx-ds-mcp
519698,2018,2018,102.6,mx-ds-mcp
570001,2018,2018,81.36,mx-ds-mcp
519013,2018,2018,267.3,mx-ds-mcp
519110,2018,2018,89.22,mx-ds-mcp
519089,2018,2018,666.5,mx-ds-mcp
481015,2018,2018,223.7,mx-ds-mcp
481001,2018,2018,96.88,mx-ds-mcp
570008,2018,2018,108.3,mx-ds-mcp
470028,2018,2018,85.53,mx-ds-mcp
501054,2018,2018,127.6,mx-ds-mcp
519185,2018,2018,161.4,mx-ds-mcp
481010,2018,2018,232.1,mx-ds-mcp
519026,2018,2018,476.6,mx-ds-mcp
519674,2018,2018,308.9,mx-ds-mcp
470098,2018,2018,101.7,mx-ds-mcp
481008,2018,2018,97.14,mx-ds-mcp
519181,2018,2018,107.1,mx-ds-mcp
519672,2018,2018,252.4,mx-ds-mcp
580006,2018,2018,785,mx-ds-mcp
580002,2018,2018,302.2,mx-ds-mcp
580001,2018,2018,466.2,mx-ds-mcp
610006,2018,2018,1565,mx-ds-mcp
630001,2018,2018,220.9,mx-ds-mcp
630002,2018,2018,208.3,mx-ds-mcp
630010,2018,2018,98.19,mx-ds-mcp
630011,2018,2018,77.17,mx-ds-mcp
660005,2018,2018,374.9,mx-ds-mcp
660015,2018,2018,438.5,mx-ds-mcp
162201,2019,2019,356,mx-ds-mcp
162204,2019,2019,166.9,mx-ds-mcp
110025,2019,2019,288.5,mx-ds-mcp
110009,2019,2019,65.82,mx-ds-mcp
110029,2019,2019,166.5,mx-ds-mcp
161903,2019,2019,249.4,mx-ds-mcp
163406,2019,2019,64.33,mx-ds-mcp
166005,2019,2019,61.37,mx-ds-mcp
110015,2019,2019,38.93,mx-ds-mcp
100060,2019,2019,342.5,mx-ds-mcp
160605,2019,2019,45.75,mx-ds-mcp
162209,2019,2019,361.1,mx-ds-mcp
110013,2019,2019,106.4,mx-ds-mcp
166001,2019,2019,66.9,mx-ds-mcp
161810,2019,2019,176.6,mx-ds-mcp
180031,2019,2019,255.7,mx-ds-mcp
168002,2019,2019,204.2,mx-ds-mcp
110002,2019,2019,230.5,mx-ds-mcp
100039,2019,2019,410,mx-ds-mcp
163411,2019,2019,235.6,mx-ds-mcp
100022,2019,2019,227.7,mx-ds-mcp
202002,2019,2019,196.4,mx-ds-mcp
151001,2019,2019,213.1,mx-ds-mcp
162214,2019,2019,146.7,mx-ds-mcp
162703,2019,2019,73.42,mx-ds-mcp
202001,2019,2019,194.7,mx-ds-mcp
110005,2019,2019,163.3,mx-ds-mcp
200012,2019,2019,643.2,mx-ds-mcp
121003,2019,2019,292.2,mx-ds-mcp
161606,2019,2019,108.6,mx-ds-mcp
162006,2019,2019,350.5,mx-ds-mcp
163402,2019,2019,28.39,mx-ds-mcp
163412,2019,2019,96.64,mx-ds-mcp
150968,2019,2019,124.7,mx-ds-mcp
310358,2019,2019,243.9,mx-ds-mcp
260112,2019,2019,71.57,mx-ds-mcp
240005,2019,2019,203,mx-ds-mcp
377240,2019,2019,216.8,mx-ds-mcp
240022,2019,2019,187.5,mx-ds-mcp
213003,2019,2019,224.3,mx-ds-mcp
460007,2019,2019,166.2,mx-ds-mcp
400001,2019,2019,153.5,mx-ds-mcp
213008,2019,2019,163.8,mx-ds-mcp
379010,2019,2019,255.6,mx-ds-mcp
240011,2019,2019,224.8,mx-ds-mcp
378010,2019,2019,180.4,mx-ds-mcp
206009,2019,2019,89.3,mx-ds-mcp
290008,2019,2019,600.7,mx-ds-mcp
260117,2019,2019,290.7,mx-ds-mcp
370024,2019,2019,150.1,mx-ds-mcp
270028,2019,2019,103.8,mx-ds-mcp
290014,2019,2019,201.8,mx-ds-mcp
370027,2019,2019,186.8,mx-ds-mcp
257030,2019,2019,82,mx-ds-mcp
257020,2019,2019,136.2,mx-ds-mcp
340007,2019,2019,132.1,mx-ds-mcp
240017,2019,2019,263.8,mx-ds-mcp
202027,2019,2019,48.4,mx-ds-mcp
320007,2019,2019,465.7,mx-ds-mcp
377010,2019,2019,128.3,mx-ds-mcp
210004,2019,2019,198,mx-ds-mcp
375010,2019,2019,187.9,mx-ds-mcp
360016,2019,2019,647.2,mx-ds-mcp
257070,2019,2019,113.3,mx-ds-mcp
470009,2019,2019,109.3,mx-ds-mcp
320005,2019,2019,141,mx-ds-mcp
210008,2019,2019,490.9,mx-ds-mcp
519679,2019,2019,337.9,mx-ds-mcp
519158,2019,2019,355.6,mx-ds-mcp
530019,2019,2019,499.1,mx-ds-mcp
519704,2019,2019,347.6,mx-ds-mcp
519688,2019,2019,88.52,mx-ds-mcp
519018,2019,2019,200.5,mx-ds-mcp
519005,2019,2019,226.2,mx-ds-mcp
519670,2019,2019,203,mx-ds-mcp
519698,2019,2019,118.6,mx-ds-mcp
570001,2019,2019,155.6,mx-ds-mcp
519013,2019,2019,74.31,mx-ds-mcp
519110,2019,2019,139.4,mx-ds-mcp
519089,2019,2019,668.5,mx-ds-mcp
481015,2019,2019,201.4,mx-ds-mcp
481001,2019,2019,77.71,mx-ds-mcp
570008,2019,2019,218.9,mx-ds-mcp
470028,2019,2019,183.8,mx-ds-mcp
501054,2019,2019,19.49,mx-ds-mcp
519185,2019,2019,81.77,mx-ds-mcp
481010,2019,2019,258.2,mx-ds-mcp
519026,2019,2019,219.9,mx-ds-mcp
519674,2019,2019,204.5,mx-ds-mcp
470098,2019,2019,140.8,mx-ds-mcp
481008,2019,2019,135.3,mx-ds-mcp
519181,2019,2019,62.55,mx-ds-mcp
519672,2019,2019,165,mx-ds-mcp
580006,2019,2019,232.5,mx-ds-mcp
580002,2019,2019,135.9,mx-ds-mcp
580001,2019,2019,541.4,mx-ds-mcp
610006,2019,2019,1292,mx-ds-mcp
630001,2019,2019,247.9,mx-ds-mcp
630002,2019,2019,201,mx-ds-mcp
630010,2019,2019,338.7,mx-ds-mcp
630011,2019,2019,182.8,mx-ds-mcp
660005,2019,2019,228,mx-ds-mcp
660015,2019,2019,548.8,mx-ds-mcp
162201,2020,2020,302.1,mx-ds-mcp
162204,2020,2020,45.34,mx-ds-mcp
110025,2020,2020,185.1,mx-ds-mcp
110009,2020,2020,91.91,mx-ds-mcp
110029,2020,2020,97.9,mx-ds-mcp
161903,2020,2020,120.5,mx-ds-mcp
163406,2020,2020,76.49,mx-ds-mcp
166005,2020,2020,65.71,mx-ds-mcp
110015,2020,2020,48.9,mx-ds-mcp
100060,2020,2020,423.7,mx-ds-mcp
160605,2020,2020,58.3,mx-ds-mcp
162209,2020,2020,34,mx-ds-mcp
110013,2020,2020,120.5,mx-ds-mcp
166001,2020,2020,128.1,mx-ds-mcp
161810,2020,2020,102.6,mx-ds-mcp
180031,2020,2020,264.6,mx-ds-mcp
168002,2020,2020,180.2,mx-ds-mcp
110002,2020,2020,225.4,mx-ds-mcp
100039,2020,2020,349.4,mx-ds-mcp
163411,2020,2020,300.4,mx-ds-mcp
100022,2020,2020,294.4,mx-ds-mcp
202002,2020,2020,242,mx-ds-mcp
151001,2020,2020,217.5,mx-ds-mcp
162214,2020,2020,95.12,mx-ds-mcp
162703,2020,2020,90.56,mx-ds-mcp
202001,2020,2020,233.9,mx-ds-mcp
110005,2020,2020,162.8,mx-ds-mcp
200012,2020,2020,381.7,mx-ds-mcp
121003,2020,2020,195.4,mx-ds-mcp
161606,2020,2020,62.61,mx-ds-mcp
162006,2020,2020,180,mx-ds-mcp
163402,2020,2020,33.42,mx-ds-mcp
163412,2020,2020,191.3,mx-ds-mcp
150968,2020,2020,116.2,mx-ds-mcp
310358,2020,2020,279.3,mx-ds-mcp
260112,2020,2020,124.8,mx-ds-mcp
240005,2020,2020,169.9,mx-ds-mcp
377240,2020,2020,176.2,mx-ds-mcp
240022,2020,2020,326,mx-ds-mcp
213003,2020,2020,109.9,mx-ds-mcp
460007,2020,2020,293.9,mx-ds-mcp
400001,2020,2020,168,mx-ds-mcp
213008,2020,2020,58.99,mx-ds-mcp
379010,2020,2020,247.4,mx-ds-mcp
240011,2020,2020,109.5,mx-ds-mcp
378010,2020,2020,264.7,mx-ds-mcp
206009,2020,2020,89.04,mx-ds-mcp
290008,2020,2020,1025,mx-ds-mcp
260117,2020,2020,288,mx-ds-mcp
370024,2020,2020,213.9,mx-ds-mcp
270028,2020,2020,82.62,mx-ds-mcp
290014,2020,2020,391,mx-ds-mcp
370027,2020,2020,177.9,mx-ds-mcp
257030,2020,2020,82.38,mx-ds-mcp
257020,2020,2020,241.6,mx-ds-mcp
340007,2020,2020,165,mx-ds-mcp
240017,2020,2020,170,mx-ds-mcp
202027,2020,2020,516.4,mx-ds-mcp
320007,2020,2020,131.7,mx-ds-mcp
377010,2020,2020,141.5,mx-ds-mcp
210004,2020,2020,241.4,mx-ds-mcp
375010,2020,2020,84.22,mx-ds-mcp
360016,2020,2020,248.4,mx-ds-mcp
257070,2020,2020,109.2,mx-ds-mcp
470009,2020,2020,93.33,mx-ds-mcp
320005,2020,2020,101.8,mx-ds-mcp
210008,2020,2020,212.6,mx-ds-mcp
519679,2020,2020,607.5,mx-ds-mcp
519158,2020,2020,809.8,mx-ds-mcp
530019,2020,2020,683.8,mx-ds-mcp
519704,2020,2020,347.3,mx-ds-mcp
519688,2020,2020,185.2,mx-ds-mcp
519018,2020,2020,211.2,mx-ds-mcp
501079,2020,2020,454.1,mx-ds-mcp
519005,2020,2020,469.8,mx-ds-mcp
519670,2020,2020,229.1,mx-ds-mcp
519698,2020,2020,548.5,mx-ds-mcp
570001,2020,2020,143.3,mx-ds-mcp
519013,2020,2020,244.4,mx-ds-mcp
519110,2020,2020,962.8,mx-ds-mcp
519089,2020,2020,1312,mx-ds-mcp
481015,2020,2020,639.2,mx-ds-mcp
481001,2020,2020,180.7,mx-ds-mcp
570008,2020,2020,237,mx-ds-mcp
470028,2020,2020,349.5,mx-ds-mcp
501054,2020,2020,58.38,mx-ds-mcp
519185,2020,2020,336.6,mx-ds-mcp
481010,2020,2020,552.4,mx-ds-mcp
519026,2020,2020,226.9,mx-ds-mcp
519674,2020,2020,357.2,mx-ds-mcp
470098,2020,2020,439.8,mx-ds-mcp
481008,2020,2020,229.4,mx-ds-mcp
519181,2020,2020,202.6,mx-ds-mcp
519672,2020,2020,256,mx-ds-mcp
580006,2020,2020,1389,mx-ds-mcp
580002,2020,2020,343,mx-ds-mcp
580001,2020,2020,385.8,mx-ds-mcp
610006,2020,2020,509.1,mx-ds-mcp
630001,2020,2020,376.3,mx-ds-mcp
630002,2020,2020,85.73,mx-ds-mcp
630010,2020,2020,625.5,mx-ds-mcp
630011,2020,2020,409.8,mx-ds-mcp
660005,2020,2020,154.9,mx-ds-mcp
660015,2020,2020,539.5,mx-ds-mcp
952004,2020,2020,156.5,mx-ds-mcp
162201,2021,2021,332.2,mx-ds-mcp
162204,2021,2021,57.56,mx-ds-mcp
110025,2021,2021,177.5,mx-ds-mcp
110009,2021,2021,87,mx-ds-mcp
110029,2021,2021,77.02,mx-ds-mcp
161903,2021,2021,70.25,mx-ds-mcp
163406,2021,2021,78.21,mx-ds-mcp
166005,2021,2021,60.6,mx-ds-mcp
110015,2021,2021,63,mx-ds-mcp
100060,2021,2021,278.7,mx-ds-mcp
160605,2021,2021,24.9,mx-ds-mcp
162209,2021,2021,157.6,mx-ds-mcp
110013,2021,2021,100.3,mx-ds-mcp
166001,2021,2021,94.14,mx-ds-mcp
161810,2021,2021,111.7,mx-ds-mcp
180031,2021,2021,283.2,mx-ds-mcp
168002,2021,2021,321.6,mx-ds-mcp
110002,2021,2021,200.7,mx-ds-mcp
100039,2021,2021,254.2,mx-ds-mcp
163411,2021,2021,136.9,mx-ds-mcp
100022,2021,2021,257.9,mx-ds-mcp
202002,2021,2021,113.7,mx-ds-mcp
151001,2021,2021,208.9,mx-ds-mcp
162214,2021,2021,321.4,mx-ds-mcp
162703,2021,2021,49.82,mx-ds-mcp
202001,2021,2021,110.1,mx-ds-mcp
110005,2021,2021,208.4,mx-ds-mcp
200012,2021,2021,426.6,mx-ds-mcp
121003,2021,2021,235.2,mx-ds-mcp
161606,2021,2021,96.29,mx-ds-mcp
162006,2021,2021,150.1,mx-ds-mcp
163402,2021,2021,44.11,mx-ds-mcp
163412,2021,2021,216.1,mx-ds-mcp
150968,2021,2021,61.88,mx-ds-mcp
310358,2021,2021,237.2,mx-ds-mcp
260112,2021,2021,207.5,mx-ds-mcp
240005,2021,2021,390.6,mx-ds-mcp
377240,2021,2021,168.7,mx-ds-mcp
240022,2021,2021,206.8,mx-ds-mcp
213003,2021,2021,309.8,mx-ds-mcp
460007,2021,2021,806.9,mx-ds-mcp
400001,2021,2021,274.3,mx-ds-mcp
213008,2021,2021,180.1,mx-ds-mcp
379010,2021,2021,438.7,mx-ds-mcp
240011,2021,2021,427.9,mx-ds-mcp
378010,2021,2021,371.2,mx-ds-mcp
206009,2021,2021,200.4,mx-ds-mcp
290008,2021,2021,1221,mx-ds-mcp
260117,2021,2021,983.9,mx-ds-mcp
370024,2021,2021,340.2,mx-ds-mcp
270028,2021,2021,149.2,mx-ds-mcp
290014,2021,2021,668.8,mx-ds-mcp
370027,2021,2021,396,mx-ds-mcp
257030,2021,2021,71.08,mx-ds-mcp
257020,2021,2021,288.2,mx-ds-mcp
340007,2021,2021,198.1,mx-ds-mcp
240017,2021,2021,544.9,mx-ds-mcp
202027,2021,2021,683,mx-ds-mcp
320007,2021,2021,118.2,mx-ds-mcp
377010,2021,2021,346.5,mx-ds-mcp
210004,2021,2021,272.7,mx-ds-mcp
375010,2021,2021,131.3,mx-ds-mcp
360016,2021,2021,601.5,mx-ds-mcp
257070,2021,2021,232.1,mx-ds-mcp
470009,2021,2021,268.6,mx-ds-mcp
320005,2021,2021,120.2,mx-ds-mcp
210008,2021,2021,345.2,mx-ds-mcp
519679,2021,2021,264.8,mx-ds-mcp
519158,2021,2021,473.1,mx-ds-mcp
530019,2021,2021,195.3,mx-ds-mcp
519704,2021,2021,128.9,mx-ds-mcp
519688,2021,2021,77.73,mx-ds-mcp
519018,2021,2021,168.8,mx-ds-mcp
501079,2021,2021,157.5,mx-ds-mcp
519005,2021,2021,358.9,mx-ds-mcp
519670,2021,2021,75.01,mx-ds-mcp
519698,2021,2021,280.5,mx-ds-mcp
570001,2021,2021,81.72,mx-ds-mcp
519013,2021,2021,145.6,mx-ds-mcp
519110,2021,2021,789.7,mx-ds-mcp
519089,2021,2021,357.6,mx-ds-mcp
481015,2021,2021,409.6,mx-ds-mcp
481001,2021,2021,73.16,mx-ds-mcp
570008,2021,2021,81.82,mx-ds-mcp
470028,2021,2021,138.1,mx-ds-mcp
501054,2021,2021,35.81,mx-ds-mcp
519185,2021,2021,212,mx-ds-mcp
481010,2021,2021,357.8,mx-ds-mcp
519026,2021,2021,266.6,mx-ds-mcp
519674,2021,2021,137,mx-ds-mcp
470098,2021,2021,132.5,mx-ds-mcp
481008,2021,2021,143.1,mx-ds-mcp
519181,2021,2021,75.77,mx-ds-mcp
519672,2021,2021,96.5,mx-ds-mcp
580006,2021,2021,229.6,mx-ds-mcp
580002,2021,2021,152.5,mx-ds-mcp
580001,2021,2021,252.6,mx-ds-mcp
610006,2021,2021,429.5,mx-ds-mcp
630001,2021,2021,408.6,mx-ds-mcp
630002,2021,2021,75.33,mx-ds-mcp
630010,2021,2021,410.4,mx-ds-mcp
630011,2021,2021,488.5,mx-ds-mcp
660005,2021,2021,133,mx-ds-mcp
660015,2021,2021,223.5,mx-ds-mcp
952004,2021,2021,216.6,mx-ds-mcp
162201,2022,2022,201.2,mx-ds-mcp
162204,2022,2022,238.6,mx-ds-mcp
110025,2022,2022,184.1,mx-ds-mcp
110009,2022,2022,54.71,mx-ds-mcp
110029,2022,2022,170.6,mx-ds-mcp
161903,2022,2022,29.68,mx-ds-mcp
163406,2022,2022,44.96,mx-ds-mcp
166005,2022,2022,43.03,mx-ds-mcp
110015,2022,2022,30.66,mx-ds-mcp
100060,2022,2022,253.6,mx-ds-mcp
160605,2022,2022,17.61,mx-ds-mcp
162209,2022,2022,129.7,mx-ds-mcp
110013,2022,2022,85.08,mx-ds-mcp
166001,2022,2022,88.68,mx-ds-mcp
161810,2022,2022,98.93,mx-ds-mcp
180031,2022,2022,216.9,mx-ds-mcp
168002,2022,2022,272,mx-ds-mcp
110002,2022,2022,191.3,mx-ds-mcp
100039,2022,2022,506.4,mx-ds-mcp
163411,2022,2022,186.3,mx-ds-mcp
100022,2022,2022,208.7,mx-ds-mcp
202002,2022,2022,78.29,mx-ds-mcp
151001,2022,2022,52.02,mx-ds-mcp
162214,2022,2022,67.84,mx-ds-mcp
162703,2022,2022,22.27,mx-ds-mcp
202001,2022,2022,74.69,mx-ds-mcp
110005,2022,2022,113.4,mx-ds-mcp
200012,2022,2022,289.4,mx-ds-mcp
121003,2022,2022,193.8,mx-ds-mcp
161606,2022,2022,174.8,mx-ds-mcp
162006,2022,2022,142.2,mx-ds-mcp
163402,2022,2022,83.72,mx-ds-mcp
163412,2022,2022,121.9,mx-ds-mcp
150968,2022,2022,110.4,mx-ds-mcp
310358,2022,2022,121.9,mx-ds-mcp
260112,2022,2022,109,mx-ds-mcp
240005,2022,2022,184.6,mx-ds-mcp
377240,2022,2022,54.38,mx-ds-mcp
240022,2022,2022,69.64,mx-ds-mcp
213003,2022,2022,108.6,mx-ds-mcp
460007,2022,2022,164.6,mx-ds-mcp
400001,2022,2022,140.8,mx-ds-mcp
213008,2022,2022,110.2,mx-ds-mcp
379010,2022,2022,153.9,mx-ds-mcp
240011,2022,2022,333.6,mx-ds-mcp
378010,2022,2022,241.9,mx-ds-mcp
206009,2022,2022,115.2,mx-ds-mcp
290008,2022,2022,64.46,mx-ds-mcp
260117,2022,2022,176.2,mx-ds-mcp
370024,2022,2022,199.6,mx-ds-mcp
270028,2022,2022,47.43,mx-ds-mcp
290014,2022,2022,85.06,mx-ds-mcp
370027,2022,2022,219.5,mx-ds-mcp
257030,2022,2022,34.48,mx-ds-mcp
257020,2022,2022,89.44,mx-ds-mcp
340007,2022,2022,62.42,mx-ds-mcp
240017,2022,2022,391.7,mx-ds-mcp
202027,2022,2022,480.9,mx-ds-mcp
320007,2022,2022,29.78,mx-ds-mcp
377010,2022,2022,71.61,mx-ds-mcp
210004,2022,2022,179.7,mx-ds-mcp
375010,2022,2022,49.49,mx-ds-mcp
360016,2022,2022,246.3,mx-ds-mcp
257070,2022,2022,110.4,mx-ds-mcp
470009,2022,2022,143.5,mx-ds-mcp
320005,2022,2022,24.59,mx-ds-mcp
210008,2022,2022,97.63,mx-ds-mcp
519679,2022,2022,191.2,mx-ds-mcp
519158,2022,2022,351.3,mx-ds-mcp
530019,2022,2022,195.6,mx-ds-mcp
519704,2022,2022,128,mx-ds-mcp
519688,2022,2022,120.4,mx-ds-mcp
519018,2022,2022,132.1,mx-ds-mcp
501079,2022,2022,194.2,mx-ds-mcp
519005,2022,2022,181.6,mx-ds-mcp
519670,2022,2022,168.2,mx-ds-mcp
519698,2022,2022,197.9,mx-ds-mcp
570001,2022,2022,45.43,mx-ds-mcp
519013,2022,2022,145.7,mx-ds-mcp
519110,2022,2022,430.2,mx-ds-mcp
519089,2022,2022,390.1,mx-ds-mcp
481015,2022,2022,163.6,mx-ds-mcp
481001,2022,2022,43.14,mx-ds-mcp
570008,2022,2022,78.05,mx-ds-mcp
470028,2022,2022,399.6,mx-ds-mcp
501054,2022,2022,27.54,mx-ds-mcp
519185,2022,2022,221.3,mx-ds-mcp
481010,2022,2022,168.8,mx-ds-mcp
519026,2022,2022,83.4,mx-ds-mcp
519674,2022,2022,48.31,mx-ds-mcp
470098,2022,2022,173.3,mx-ds-mcp
481008,2022,2022,122.4,mx-ds-mcp
519181,2022,2022,47.77,mx-ds-mcp
519672,2022,2022,61.37,mx-ds-mcp
580006,2022,2022,310.1,mx-ds-mcp
580002,2022,2022,77.41,mx-ds-mcp
580001,2022,2022,466.7,mx-ds-mcp
610006,2022,2022,160.9,mx-ds-mcp
630001,2022,2022,678.3,mx-ds-mcp
630002,2022,2022,102.2,mx-ds-mcp
630010,2022,2022,809.3,mx-ds-mcp
630011,2022,2022,290.4,mx-ds-mcp
660005,2022,2022,146.3,mx-ds-mcp
660015,2022,2022,301,mx-ds-mcp
952004,2022,2022,191.8,mx-ds-mcp
162201,2023,2023,425.2,mx-ds-mcp
162204,2023,2023,146.1,mx-ds-mcp
110025,2023,2023,195,mx-ds-mcp
110009,2023,2023,55.37,mx-ds-mcp
110029,2023,2023,149,mx-ds-mcp
161903,2023,2023,40.13,mx-ds-mcp
163406,2023,2023,64.83,mx-ds-mcp
166005,2023,2023,36.47,mx-ds-mcp
110015,2023,2023,58.42,mx-ds-mcp
100060,2023,2023,168.2,mx-ds-mcp
160605,2023,2023,125.5,mx-ds-mcp
162209,2023,2023,131.2,mx-ds-mcp
110013,2023,2023,59.49,mx-ds-mcp
166001,2023,2023,68.18,mx-ds-mcp
161810,2023,2023,38.89,mx-ds-mcp
180031,2023,2023,267.9,mx-ds-mcp
168002,2023,2023,494.2,mx-ds-mcp
110002,2023,2023,170.1,mx-ds-mcp
100039,2023,2023,379,mx-ds-mcp
163411,2023,2023,332.2,mx-ds-mcp
100022,2023,2023,177.4,mx-ds-mcp
202002,2023,2023,149.8,mx-ds-mcp
151001,2023,2023,62.74,mx-ds-mcp
162214,2023,2023,287.5,mx-ds-mcp
162703,2023,2023,17.62,mx-ds-mcp
202001,2023,2023,148.6,mx-ds-mcp
110005,2023,2023,179.2,mx-ds-mcp
200012,2023,2023,378.4,mx-ds-mcp
121003,2023,2023,240.8,mx-ds-mcp
161606,2023,2023,118.8,mx-ds-mcp
162006,2023,2023,161.8,mx-ds-mcp
163402,2023,2023,99.97,mx-ds-mcp
163412,2023,2023,133.5,mx-ds-mcp
150968,2023,2023,59.07,mx-ds-mcp
310358,2023,2023,121.9,mx-ds-mcp
260112,2023,2023,98.64,mx-ds-mcp
240005,2023,2023,265.9,mx-ds-mcp
377240,2023,2023,113,mx-ds-mcp
240022,2023,2023,113.4,mx-ds-mcp
213003,2023,2023,102.8,mx-ds-mcp
460007,2023,2023,258.8,mx-ds-mcp
400001,2023,2023,104.9,mx-ds-mcp
213008,2023,2023,137.1,mx-ds-mcp
379010,2023,2023,260.1,mx-ds-mcp
240011,2023,2023,356,mx-ds-mcp
378010,2023,2023,225.5,mx-ds-mcp
206009,2023,2023,111.4,mx-ds-mcp
290008,2023,2023,42.22,mx-ds-mcp
260117,2023,2023,160.6,mx-ds-mcp
370024,2023,2023,229.9,mx-ds-mcp
270028,2023,2023,47.53,mx-ds-mcp
290014,2023,2023,75.3,mx-ds-mcp
370027,2023,2023,255.8,mx-ds-mcp
257030,2023,2023,116,mx-ds-mcp
257020,2023,2023,159.7,mx-ds-mcp
340007,2023,2023,122.6,mx-ds-mcp
240017,2023,2023,281.9,mx-ds-mcp
202027,2023,2023,346.4,mx-ds-mcp
320007,2023,2023,44.25,mx-ds-mcp
377010,2023,2023,63.75,mx-ds-mcp
210004,2023,2023,141,mx-ds-mcp
375010,2023,2023,111.9,mx-ds-mcp
360016,2023,2023,316.9,mx-ds-mcp
257070,2023,2023,129.8,mx-ds-mcp
470009,2023,2023,147.9,mx-ds-mcp
320005,2023,2023,14.86,mx-ds-mcp
210008,2023,2023,187.1,mx-ds-mcp
519679,2023,2023,205.4,mx-ds-mcp
519158,2023,2023,100.9,mx-ds-mcp
530019,2023,2023,231.2,mx-ds-mcp
519704,2023,2023,101.3,mx-ds-mcp
519688,2023,2023,190.7,mx-ds-mcp
519018,2023,2023,93.66,mx-ds-mcp
501079,2023,2023,244.6,mx-ds-mcp
519005,2023,2023,284.1,mx-ds-mcp
519670,2023,2023,132.4,mx-ds-mcp
519698,2023,2023,334.2,mx-ds-mcp
570001,2023,2023,81.99,mx-ds-mcp
519013,2023,2023,297.2,mx-ds-mcp
519110,2023,2023,424.8,mx-ds-mcp
519089,2023,2023,415.1,mx-ds-mcp
481015,2023,2023,137.6,mx-ds-mcp
481001,2023,2023,30.94,mx-ds-mcp
570008,2023,2023,108.7,mx-ds-mcp
470028,2023,2023,450.5,mx-ds-mcp
501054,2023,2023,78.57,mx-ds-mcp
519185,2023,2023,70.96,mx-ds-mcp
481010,2023,2023,52.12,mx-ds-mcp
519026,2023,2023,310.9,mx-ds-mcp
519674,2023,2023,67.48,mx-ds-mcp
470098,2023,2023,236.6,mx-ds-mcp
481008,2023,2023,109.3,mx-ds-mcp
519181,2023,2023,104.8,mx-ds-mcp
519672,2023,2023,91.64,mx-ds-mcp
580006,2023,2023,791.8,mx-ds-mcp
580002,2023,2023,277,mx-ds-mcp
580001,2023,2023,855.9,mx-ds-mcp
610006,2023,2023,301.1,mx-ds-mcp
630001,2023,2023,483.8,mx-ds-mcp
630002,2023,2023,73.67,mx-ds-mcp
630010,2023,2023,383.8,mx-ds-mcp
630011,2023,2023,220.9,mx-ds-mcp
660005,2023,2023,257.4,mx-ds-mcp
660015,2023,2023,569.3,mx-ds-mcp
952004,2023,2023,148.5,mx-ds-mcp
110025,2024,2024,233.9,mx-ds-mcp
110009,2024,2024,67.46,mx-ds-mcp
377240,2024,2024,101.7,mx-ds-mcp
519688,2024,2024,185.3,mx-ds-mcp
110015,2024,2024,46.69,mx-ds-mcp
379010,2024,2024,200.1,mx-ds-mcp
240011,2024,2024,239.3,mx-ds-mcp
378010,2024,2024,234.8,mx-ds-mcp
519005,2024,2024,366,mx-ds-mcp
110013,2024,2024,101.8,mx-ds-mcp
240017,2024,2024,496.5,mx-ds-mcp
110002,2024,2024,132.5,mx-ds-mcp
470028,2024,2024,104.3,mx-ds-mcp
162214,2024,2024,97.54,mx-ds-mcp
162703,2024,2024,25,mx-ds-mcp
377010,2024,2024,81.06,mx-ds-mcp
110005,2024,2024,121.4,mx-ds-mcp
375010,2024,2024,97.03,mx-ds-mcp
121003,2024,2024,193.4,mx-ds-mcp
360016,2024,2024,530.3,mx-ds-mcp
162006,2024,2024,154.2,mx-ds-mcp
150968,2024,2024,77.33,mx-ds-mcp
320005,2024,2024,212.6,mx-ds-mcp
519158,2024,2024,200.3,mx-ds-mcp
162201,2024,2024,302.1,mx-ds-mcp
310358,2024,2024,96.04,mx-ds-mcp
162204,2024,2024,132.2,mx-ds-mcp
260112,2024,2024,47.71,mx-ds-mcp
240005,2024,2024,229,mx-ds-mcp
240022,2024,2024,188.8,mx-ds-mcp
630002,2024,2024,29.74,mx-ds-mcp
110029,2024,2024,258.3,mx-ds-mcp
460007,2024,2024,206.9,mx-ds-mcp
161903,2024,2024,21.2,mx-ds-mcp
400001,2024,2024,73.37,mx-ds-mcp
630001,2024,2024,362.9,mx-ds-mcp
162209,2024,2024,11.97,mx-ds-mcp
166001,2024,2024,62.35,mx-ds-mcp
206009,2024,2024,105.6,mx-ds-mcp
290008,2024,2024,282.4,mx-ds-mcp
161810,2024,2024,68.5,mx-ds-mcp
519089,2024,2024,248.8,mx-ds-mcp
370024,2024,2024,231.7,mx-ds-mcp
270028,2024,2024,75.22,mx-ds-mcp
290014,2024,2024,265.8,mx-ds-mcp
370027,2024,2024,233.7,mx-ds-mcp
519185,2024,2024,141.5,mx-ds-mcp
320007,2024,2024,24.97,mx-ds-mcp
610006,2024,2024,392.6,mx-ds-mcp
210004,2024,2024,170.5,mx-ds-mcp
519181,2024,2024,38,mx-ds-mcp
163402,2024,2024,83.66,mx-ds-mcp
952004,2024,2024,120.3,mx-ds-mcp
519679,2024,2024,200.2,mx-ds-mcp
530019,2024,2024,423.5,mx-ds-mcp
163406,2024,2024,76.88,mx-ds-mcp
100060,2024,2024,180.2,mx-ds-mcp
160605,2024,2024,66.5,mx-ds-mcp
213008,2024,2024,67.97,mx-ds-mcp
501079,2024,2024,164.4,mx-ds-mcp
570001,2024,2024,77.8,mx-ds-mcp
519110,2024,2024,408.8,mx-ds-mcp
257030,2024,2024,90.41,mx-ds-mcp
257020,2024,2024,72.23,mx-ds-mcp
481001,2024,2024,27.47,mx-ds-mcp
570008,2024,2024,102.3,mx-ds-mcp
202027,2024,2024,337.7,mx-ds-mcp
481010,2024,2024,29.07,mx-ds-mcp
519026,2024,2024,219.3,mx-ds-mcp
519674,2024,2024,55.43,mx-ds-mcp
481008,2024,2024,63.97,mx-ds-mcp
161606,2024,2024,111.1,mx-ds-mcp
257070,2024,2024,153,mx-ds-mcp
519672,2024,2024,90.79,mx-ds-mcp
470009,2024,2024,185.8,mx-ds-mcp
163412,2024,2024,134.3,mx-ds-mcp
210008,2024,2024,464.6,mx-ds-mcp
519704,2024,2024,169.7,mx-ds-mcp
166005,2024,2024,39.69,mx-ds-mcp
519018,2024,2024,34.93,mx-ds-mcp
519670,2024,2024,80.43,mx-ds-mcp
519698,2024,2024,144,mx-ds-mcp
519013,2024,2024,329.5,mx-ds-mcp
260117,2024,2024,209.6,mx-ds-mcp
660005,2024,2024,163.9,mx-ds-mcp
481015,2024,2024,128.4,mx-ds-mcp
168002,2024,2024,809.5,mx-ds-mcp
100039,2024,2024,237.6,mx-ds-mcp
163411,2024,2024,245.4,mx-ds-mcp
100022,2024,2024,92.94,mx-ds-mcp
202002,2024,2024,117.3,mx-ds-mcp
151001,2024,2024,77.53,mx-ds-mcp
202001,2024,2024,117.2,mx-ds-mcp
200012,2024,2024,244.4,mx-ds-mcp
470098,2024,2024,147.8,mx-ds-mcp
580006,2024,2024,610.1,mx-ds-mcp
580002,2024,2024,271.4,mx-ds-mcp
630010,2024,2024,265.5,mx-ds-mcp
580001,2024,2024,81.88,mx-ds-mcp
180031,2024,2024,249.1,mx-ds-mcp
213003,2024,2024,96.62,mx-ds-mcp
340007,2024,2024,142.7,mx-ds-mcp
501054,2024,2024,177.7,mx-ds-mcp
630011,2024,2024,178,mx-ds-mcp
660015,2024,2024,371.8,mx-ds-mcp
162201,2025,2025,231.4,mx-ds-mcp
162204,2025,2025,77.71,mx-ds-mcp
110025,2025,2025,160.6,mx-ds-mcp
110009,2025,2025,226.8,mx-ds-mcp
110029,2025,2025,293.7,mx-ds-mcp
161903,2025,2025,30.47,mx-ds-mcp
163406,2025,2025,79.89,mx-ds-mcp
166005,2025,2025,230.7,mx-ds-mcp
110015,2025,2025,159.6,mx-ds-mcp
100060,2025,2025,228,mx-ds-mcp
160605,2025,2025,71.9,mx-ds-mcp
162209,2025,2025,126.5,mx-ds-mcp
110013,2025,2025,130.7,mx-ds-mcp
166001,2025,2025,113.8,mx-ds-mcp
161810,2025,2025,51.52,mx-ds-mcp
180031,2025,2025,315,mx-ds-mcp
168002,2025,2025,448.1,mx-ds-mcp
110002,2025,2025,353.9,mx-ds-mcp
100039,2025,2025,294.5,mx-ds-mcp
163411,2025,2025,527.3,mx-ds-mcp
100022,2025,2025,173.1,mx-ds-mcp
202002,2025,2025,127.2,mx-ds-mcp
151001,2025,2025,60.23,mx-ds-mcp
162214,2025,2025,55.95,mx-ds-mcp
162703,2025,2025,111.9,mx-ds-mcp
202001,2025,2025,129.4,mx-ds-mcp
110005,2025,2025,172.9,mx-ds-mcp
200012,2025,2025,219.8,mx-ds-mcp
121003,2025,2025,127.8,mx-ds-mcp
161606,2025,2025,119.8,mx-ds-mcp
162006,2025,2025,137.8,mx-ds-mcp
163402,2025,2025,145.6,mx-ds-mcp
163412,2025,2025,198.3,mx-ds-mcp
150968,2025,2025,54.89,mx-ds-mcp
310358,2025,2025,160,mx-ds-mcp
260112,2025,2025,46.25,mx-ds-mcp
240005,2025,2025,361.6,mx-ds-mcp
377240,2025,2025,95.18,mx-ds-mcp
240022,2025,2025,99.52,mx-ds-mcp
213003,2025,2025,138.4,mx-ds-mcp
460007,2025,2025,218.8,mx-ds-mcp
400001,2025,2025,91.39,mx-ds-mcp
213008,2025,2025,96.02,mx-ds-mcp
379010,2025,2025,262.6,mx-ds-mcp
240011,2025,2025,229.9,mx-ds-mcp
378010,2025,2025,206.9,mx-ds-mcp
206009,2025,2025,104.3,mx-ds-mcp
290008,2025,2025,44.49,mx-ds-mcp
260117,2025,2025,70.04,mx-ds-mcp
370024,2025,2025,214.5,mx-ds-mcp
270028,2025,2025,95.57,mx-ds-mcp
290014,2025,2025,63.7,mx-ds-mcp
370027,2025,2025,200.4,mx-ds-mcp
257030,2025,2025,85.49,mx-ds-mcp
257020,2025,2025,58.09,mx-ds-mcp
340007,2025,2025,257.6,mx-ds-mcp
240017,2025,2025,417.2,mx-ds-mcp
202027,2025,2025,130.5,mx-ds-mcp
320007,2025,2025,33.57,mx-ds-mcp
377010,2025,2025,39.78,mx-ds-mcp
210004,2025,2025,204.2,mx-ds-mcp
375010,2025,2025,98.79,mx-ds-mcp
360016,2025,2025,511.1,mx-ds-mcp
257070,2025,2025,385.5,mx-ds-mcp
470009,2025,2025,167.8,mx-ds-mcp
320005,2025,2025,503.3,mx-ds-mcp
210008,2025,2025,473.4,mx-ds-mcp
519679,2025,2025,241.3,mx-ds-mcp
519158,2025,2025,279.8,mx-ds-mcp
530019,2025,2025,466,mx-ds-mcp
519704,2025,2025,225.4,mx-ds-mcp
519688,2025,2025,244.8,mx-ds-mcp
519018,2025,2025,93.94,mx-ds-mcp
501079,2025,2025,169.7,mx-ds-mcp
519005,2025,2025,409.5,mx-ds-mcp
519670,2025,2025,55.36,mx-ds-mcp
519698,2025,2025,254.5,mx-ds-mcp
570001,2025,2025,140.1,mx-ds-mcp
519013,2025,2025,305.6,mx-ds-mcp
519110,2025,2025,317.9,mx-ds-mcp
519089,2025,2025,312.2,mx-ds-mcp
481015,2025,2025,139.4,mx-ds-mcp
481001,2025,2025,67.97,mx-ds-mcp
570008,2025,2025,130.2,mx-ds-mcp
470028,2025,2025,118.4,mx-ds-mcp
501054,2025,2025,264.3,mx-ds-mcp
519185,2025,2025,79,mx-ds-mcp
481010,2025,2025,42.25,mx-ds-mcp
519026,2025,2025,277.1,mx-ds-mcp
519674,2025,2025,71.5,mx-ds-mcp
470098,2025,2025,85.5,mx-ds-mcp
481008,2025,2025,65.06,mx-ds-mcp
519181,2025,2025,43.61,mx-ds-mcp
519672,2025,2025,65.4,mx-ds-mcp
580006,2025,2025,353.3,mx-ds-mcp
580002,2025,2025,444.4,mx-ds-mcp
580001,2025,2025,101.3,mx-ds-mcp
610006,2025,2025,477.3,mx-ds-mcp
630001,2025,2025,735.3,mx-ds-mcp
630002,2025,2025,210.5,mx-ds-mcp
630011,2025,2025,281.6,mx-ds-mcp
630010,2025,2025,499.6,mx-ds-mcp
660005,2025,2025,326.5,mx-ds-mcp
660015,2025,2025,387.4,mx-ds-mcp
952004,2025,2025,500.3,mx-ds-mcp
001411,2024,2024,211.4,mx-ds-mcp
003858,2024,2024,378.6,mx-ds-mcp
001759,2024,2024,139.1,mx-ds-mcp
003857,2024,2024,378.6,mx-ds-mcp
008528,2024,2024,543.8,mx-ds-mcp
002376,2024,2024,299.6,mx-ds-mcp
002451,2024,2024,217.9,mx-ds-mcp
007639,2024,2024,190.8,mx-ds-mcp
002125,2024,2024,495.5,mx-ds-mcp
001480,2024,2024,164.8,mx-ds-mcp
001407,2024,2024,316.1,mx-ds-mcp
001412,2024,2024,912.7,mx-ds-mcp
001198,2024,2024,171.8,mx-ds-mcp
000845,2024,2024,344.5,mx-ds-mcp
000823,2024,2024,163.3,mx-ds-mcp
001856,2024,2024,139.3,mx-ds-mcp
002051,2024,2024,211.4,mx-ds-mcp
002112,2024,2024,912.7,mx-ds-mcp
008185,2024,2024,349.8,mx-ds-mcp
001437,2024,2024,131.7,mx-ds-mcp
001438,2024,2024,131.7,mx-ds-mcp
001170,2024,2024,213.4,mx-ds-mcp
005551,2024,2024,502.6,mx-ds-mcp
005550,2024,2024,502.6,mx-ds-mcp
005903,2024,2024,237,mx-ds-mcp
001037,2024,2024,53.27,mx-ds-mcp
004320,2024,2024,225.9,mx-ds-mcp
001753,2024,2024,544.9,mx-ds-mcp
002450,2024,2024,217.9,mx-ds-mcp
001194,2024,2024,316.1,mx-ds-mcp
001184,2024,2024,17.93,mx-ds-mcp
001060,2024,2024,71.81,mx-ds-mcp
002152,2024,2024,248.7,mx-ds-mcp
002163,2024,2024,171.8,mx-ds-mcp
005775,2024,2024,256.2,mx-ds-mcp
005776,2024,2024,256.2,mx-ds-mcp
001998,2024,2024,363.4,mx-ds-mcp
001715,2024,2024,363.4,mx-ds-mcp
001267,2024,2024,259,mx-ds-mcp
001075,2024,2024,167.2,mx-ds-mcp
002910,2024,2024,80.14,mx-ds-mcp
003962,2024,2024,216.1,mx-ds-mcp
002420,2024,2024,116.8,mx-ds-mcp
000404,2024,2024,151.3,mx-ds-mcp
007305,2024,2024,287.8,mx-ds-mcp
000742,2024,2024,110.6,mx-ds-mcp
002244,2024,2024,411.1,mx-ds-mcp
000390,2024,2024,27.63,mx-ds-mcp
003961,2024,2024,216.1,mx-ds-mcp
005119,2024,2024,81.51,mx-ds-mcp
000390,2023,2023,85.03,mx-ds-mcp
000390,2022,2022,83.37,mx-ds-mcp
000404,2023,2023,126.1,mx-ds-mcp
000404,2022,2022,92.8,mx-ds-mcp
000742,2023,2023,238.4,mx-ds-mcp
000742,2022,2022,116.6,mx-ds-mcp
000823,2023,2023,361,mx-ds-mcp
000823,2022,2022,610.7,mx-ds-mcp
000845,2023,2023,193.3,mx-ds-mcp
000845,2022,2022,145.4,mx-ds-mcp
001037,2023,2023,123,mx-ds-mcp
001037,2022,2022,154.7,mx-ds-mcp
001060,2023,2023,135.3,mx-ds-mcp
001060,2022,2022,126.5,mx-ds-mcp
001075,2023,2023,318.3,mx-ds-mcp
001075,2022,2022,193.7,mx-ds-mcp
001170,2023,2023,259,mx-ds-mcp
001170,2022,2022,850.2,mx-ds-mcp
001184,2023,2023,26.83,mx-ds-mcp
001184,2022,2022,59.41,mx-ds-mcp
001194,2023,2023,520.6,mx-ds-mcp
001194,2022,2022,50.6,mx-ds-mcp
001198,2023,2023,198.2,mx-ds-mcp
001198,2022,2022,241.7,mx-ds-mcp
001267,2023,2023,282,mx-ds-mcp
001267,2022,2022,625.3,mx-ds-mcp
001407,2023,2023,520.6,mx-ds-mcp
001407,2022,2022,50.6,mx-ds-mcp
001411,2023,2023,124.1,mx-ds-mcp
001411,2022,2022,310.6,mx-ds-mcp
001411,2021,2021,357.1,mx-ds-mcp
003858,2021,2021,177.6,mx-ds-mcp
001759,2021,2021,99.78,mx-ds-mcp
003857,2021,2021,177.6,mx-ds-mcp
008528,2021,2021,392.6,mx-ds-mcp
002376,2021,2021,139.4,mx-ds-mcp
002451,2021,2021,198.4,mx-ds-mcp
007639,2021,2021,158.6,mx-ds-mcp
002125,2021,2021,374.9,mx-ds-mcp
001480,2021,2021,226.6,mx-ds-mcp
001407,2021,2021,67.14,mx-ds-mcp
001412,2021,2021,170.9,mx-ds-mcp
001198,2021,2021,92.49,mx-ds-mcp
000845,2021,2021,79.66,mx-ds-mcp
000823,2021,2021,225.2,mx-ds-mcp
001856,2021,2021,121.2,mx-ds-mcp
002051,2021,2021,357.1,mx-ds-mcp
002112,2021,2021,170.9,mx-ds-mcp
008185,2021,2021,330.6,mx-ds-mcp
001437,2021,2021,90.78,mx-ds-mcp
001438,2021,2021,90.78,mx-ds-mcp
001170,2021,2021,166.2,mx-ds-mcp
005551,2021,2021,100.6,mx-ds-mcp
005550,2021,2021,100.6,mx-ds-mcp
005903,2021,2021,84.72,mx-ds-mcp
001037,2021,2021,156,mx-ds-mcp
004320,2021,2021,100.2,mx-ds-mcp
001753,2021,2021,1223,mx-ds-mcp
002450,2021,2021,198.4,mx-ds-mcp
001194,2021,2021,67.14,mx-ds-mcp
001184,2021,2021,41.57,mx-ds-mcp
001060,2021,2021,107,mx-ds-mcp
002152,2021,2021,116.3,mx-ds-mcp
002163,2021,2021,92.49,mx-ds-mcp
005775,2021,2021,173.9,mx-ds-mcp
005776,2021,2021,173.9,mx-ds-mcp
001998,2021,2021,65.12,mx-ds-mcp
001715,2021,2021,65.12,mx-ds-mcp
001267,2021,2021,312.2,mx-ds-mcp
001075,2021,2021,166.6,mx-ds-mcp
002910,2021,2021,154.4,mx-ds-mcp
003962,2021,2021,121.1,mx-ds-mcp
002420,2021,2021,67.9,mx-ds-mcp
000404,2021,2021,139.6,mx-ds-mcp
007305,2021,2021,67.84,mx-ds-mcp
000742,2021,2021,216.2,mx-ds-mcp
002244,2021,2021,123.2,mx-ds-mcp
000390,2021,2021,93.28,mx-ds-mcp
003961,2021,2021,121.1,mx-ds-mcp
005119,2021,2021,295.9,mx-ds-mcp
011120,2024,2024,169.3,mx-ds-mcp
010912,2024,2024,103.5,mx-ds-mcp
011892,2024,2024,102.7,mx-ds-mcp
009808,2024,2024,150.8,mx-ds-mcp
013369,2024,2024,196.4,mx-ds-mcp
012456,2024,2024,360.5,mx-ds-mcp
011488,2024,2024,94.21,mx-ds-mcp
011370,2024,2024,295.9,mx-ds-mcp
008988,2024,2024,113.8,mx-ds-mcp
008989,2024,2024,113.8,mx-ds-mcp
010415,2024,2024,211.3,mx-ds-mcp
013238,2024,2024,198.7,mx-ds-mcp
011891,2024,2024,102.7,mx-ds-mcp
009049,2024,2024,163.4,mx-ds-mcp
012457,2024,2024,360.5,mx-ds-mcp
013312,2024,2024,128.4,mx-ds-mcp
011412,2024,2024,104.5,mx-ds-mcp
013108,2024,2024,160.3,mx-ds-mcp
009242,2024,2024,228.1,mx-ds-mcp
009243,2024,2024,228.1,mx-ds-mcp
011301,2024,2024,173,mx-ds-mcp
012301,2024,2024,168.9,mx-ds-mcp
013107,2024,2024,160.3,mx-ds-mcp
008734,2024,2024,212.7,mx-ds-mcp
011400,2024,2024,41.61,mx-ds-mcp
010416,2024,2024,211.3,mx-ds-mcp
010913,2024,2024,103.5,mx-ds-mcp
011300,2024,2024,173,mx-ds-mcp
009855,2024,2024,154.6,mx-ds-mcp
008555,2024,2024,150.4,mx-ds-mcp
009856,2024,2024,154.6,mx-ds-mcp
011822,2024,2024,171.9,mx-ds-mcp
013370,2024,2024,196.4,mx-ds-mcp
010115,2024,2024,104.5,mx-ds-mcp
011823,2024,2024,171.9,mx-ds-mcp
011369,2024,2024,295.9,mx-ds-mcp
009913,2024,2024,671.5,mx-ds-mcp
009063,2024,2024,172.3,mx-ds-mcp
009062,2024,2024,172.3,mx-ds-mcp
009708,2024,2024,152.9,mx-ds-mcp
010389,2024,2024,87.05,mx-ds-mcp
011399,2024,2024,41.61,mx-ds-mcp
009993,2024,2024,70.66,mx-ds-mcp
010237,2024,2024,267.6,mx-ds-mcp
013239,2024,2024,198.7,mx-ds-mcp
010335,2024,2024,245.5,mx-ds-mcp
010238,2024,2024,267.6,mx-ds-mcp
010390,2024,2024,87.05,mx-ds-mcp
009707,2024,2024,152.9,mx-ds-mcp
011452,2024,2024,543.8,mx-ds-mcp
016500,2024,2024,145.1,mx-ds-mcp
016501,2024,2024,145.1,mx-ds-mcp
016461,2024,2024,248.7,mx-ds-mcp
017811,2024,2024,65.63,mx-ds-mcp
016371,2024,2024,224.3,mx-ds-mcp
014497,2024,2024,349.8,mx-ds-mcp
015389,2024,2024,167.2,mx-ds-mcp
019018,2024,2024,297.4,mx-ds-mcp
016262,2024,2024,81.51,mx-ds-mcp
017103,2024,2024,263.6,mx-ds-mcp
015576,2024,2024,237,mx-ds-mcp
014282,2024,2024,671.5,mx-ds-mcp
016370,2024,2024,224.3,mx-ds-mcp
018291,2024,2024,495.5,mx-ds-mcp
017102,2024,2024,263.6,mx-ds-mcp
013840,2024,2024,24.98,mx-ds-mcp
016773,2024,2024,82.82,mx-ds-mcp
017927,2024,2024,405.6,mx-ds-mcp
016772,2024,2024,82.82,mx-ds-mcp
013841,2024,2024,24.98,mx-ds-mcp
018957,2024,2024,277.8,mx-ds-mcp
017732,2024,2024,262.4,mx-ds-mcp
014549,2024,2024,159.9,mx-ds-mcp
014975,2024,2024,173.5,mx-ds-mcp
015967,2024,2024,355.8,mx-ds-mcp
017876,2024,2024,260.3,mx-ds-mcp
014319,2024,2024,140.2,mx-ds-mcp
014612,2024,2024,121.1,mx-ds-mcp
014611,2024,2024,121.1,mx-ds-mcp
016579,2024,2024,1136,mx-ds-mcp
018358,2024,2024,434.2,mx-ds-mcp
018359,2024,2024,434.2,mx-ds-mcp
014320,2024,2024,140.2,mx-ds-mcp
018956,2024,2024,277.8,mx-ds-mcp
015491,2024,2024,794.5,mx-ds-mcp
016780,2024,2024,53.27,mx-ds-mcp
014989,2024,2024,110.6,mx-ds-mcp
014833,2024,2024,116.8,mx-ds-mcp
013949,2024,2024,212.7,mx-ds-mcp
019032,2024,2024,139.3,mx-ds-mcp
019034,2024,2024,163.4,mx-ds-mcp
016263,2024,2024,163.3,mx-ds-mcp
017612,2024,2024,213.4,mx-ds-mcp
018326,2024,2024,192,mx-ds-mcp
018325,2024,2024,192,mx-ds-mcp
015585,2024,2024,109.3,mx-ds-mcp
011120,2023,2023,233.8,mx-ds-mcp
010912,2023,2023,242.5,mx-ds-mcp
011892,2023,2023,99.17,mx-ds-mcp
009808,2023,2023,151.6,mx-ds-mcp
013369,2023,2023,285.5,mx-ds-mcp
012456,2023,2023,266.5,mx-ds-mcp
011488,2023,2023,112.4,mx-ds-mcp
011370,2023,2023,336.5,mx-ds-mcp
008988,2023,2023,665,mx-ds-mcp
008989,2023,2023,665,mx-ds-mcp
010415,2023,2023,488.5,mx-ds-mcp
013238,2023,2023,197.8,mx-ds-mcp
011891,2023,2023,99.17,mx-ds-mcp
009049,2023,2023,146.3,mx-ds-mcp
012457,2023,2023,266.5,mx-ds-mcp
013312,2023,2023,137.6,mx-ds-mcp
011412,2023,2023,128.1,mx-ds-mcp
013108,2023,2023,320.7,mx-ds-mcp
009242,2023,2023,108,mx-ds-mcp
009243,2023,2023,108,mx-ds-mcp
011301,2023,2023,166.3,mx-ds-mcp
012301,2023,2023,161.9,mx-ds-mcp
013107,2023,2023,320.7,mx-ds-mcp
008734,2023,2023,218.2,mx-ds-mcp
011400,2023,2023,49.28,mx-ds-mcp
010416,2023,2023,488.5,mx-ds-mcp
010913,2023,2023,242.5,mx-ds-mcp
011300,2023,2023,166.3,mx-ds-mcp
009855,2023,2023,355.8,mx-ds-mcp
008555,2023,2023,281.8,mx-ds-mcp
009856,2023,2023,355.8,mx-ds-mcp
011822,2023,2023,155.6,mx-ds-mcp
013370,2023,2023,285.5,mx-ds-mcp
010115,2023,2023,128.1,mx-ds-mcp
011823,2023,2023,155.6,mx-ds-mcp
011369,2023,2023,336.5,mx-ds-mcp
009913,2023,2023,321.2,mx-ds-mcp
009063,2023,2023,306,mx-ds-mcp
009062,2023,2023,306,mx-ds-mcp
009708,2023,2023,358,mx-ds-mcp
010389,2023,2023,123.5,mx-ds-mcp
011399,2023,2023,49.28,mx-ds-mcp
009993,2023,2023,56.42,mx-ds-mcp
010237,2023,2023,407.7,mx-ds-mcp
013239,2023,2023,197.8,mx-ds-mcp
010335,2023,2023,182.9,mx-ds-mcp
010238,2023,2023,407.7,mx-ds-mcp
010390,2023,2023,123.5,mx-ds-mcp
009707,2023,2023,358,mx-ds-mcp
011452,2023,2023,490.9,mx-ds-mcp
016500,2023,2023,374.3,mx-ds-mcp
016501,2023,2023,374.3,mx-ds-mcp
016461,2023,2023,320.5,mx-ds-mcp
017811,2023,2023,228.1,mx-ds-mcp
016371,2023,2023,300,mx-ds-mcp
014497,2023,2023,433.3,mx-ds-mcp
015389,2023,2023,318.3,mx-ds-mcp
016262,2023,2023,194.9,mx-ds-mcp
017103,2023,2023,647.2,mx-ds-mcp
015576,2023,2023,504.3,mx-ds-mcp
014282,2023,2023,321.2,mx-ds-mcp
016370,2023,2023,300,mx-ds-mcp
018291,2023,2023,499.5,mx-ds-mcp
017102,2023,2023,647.2,mx-ds-mcp
013840,2023,2023,97.27,mx-ds-mcp
016773,2023,2023,183.5,mx-ds-mcp
017927,2023,2023,662,mx-ds-mcp
016772,2023,2023,183.5,mx-ds-mcp
013841,2023,2023,97.27,mx-ds-mcp
017732,2023,2023,258.2,mx-ds-mcp
014549,2023,2023,313.3,mx-ds-mcp
014975,2023,2023,178.1,mx-ds-mcp
015967,2023,2023,346.7,mx-ds-mcp
017876,2023,2023,213.8,mx-ds-mcp
014319,2023,2023,421.8,mx-ds-mcp
014612,2023,2023,303.4,mx-ds-mcp
014611,2023,2023,303.4,mx-ds-mcp
016579,2023,2023,614.6,mx-ds-mcp
014320,2023,2023,421.8,mx-ds-mcp
015491,2023,2023,621.2,mx-ds-mcp
016780,2023,2023,123,mx-ds-mcp
014989,2023,2023,238.4,mx-ds-mcp
014833,2023,2023,161.1,mx-ds-mcp
013949,2023,2023,218.2,mx-ds-mcp
016263,2023,2023,361,mx-ds-mcp
017612,2023,2023,259,mx-ds-mcp
015585,2023,2023,235.8,mx-ds-mcp
021528,2024,2024,161.3,mx-ds-mcp
019830,2024,2024,218.2,mx-ds-mcp
019829,2024,2024,218.2,mx-ds-mcp
021523,2024,2024,160.9,mx-ds-mcp
501082,2024,2024,794.5,mx-ds-mcp
519771,2024,2024,184.3,mx-ds-mcp
501026,2024,2024,194.1,mx-ds-mcp
519173,2024,2024,368.8,mx-ds-mcp
519172,2024,2024,368.8,mx-ds-mcp
112002,2024,2024,132.3,mx-ds-mcp
519770,2024,2024,184.3,mx-ds-mcp
019925,2024,2024,245.5,mx-ds-mcp
019571,2024,2024,92.71,mx-ds-mcp
519773,2024,2024,159.9,mx-ds-mcp
160226,2024,2024,430.8,mx-ds-mcp
959991,2024,2024,330.9,mx-ds-mcp
740001,2024,2024,1136,mx-ds-mcp
720001,2024,2024,165.4,mx-ds-mcp
160220,2024,2024,430.8,mx-ds-mcp
168401,2024,2024,703,mx-ds-mcp
020470,2024,2024,402.8,mx-ds-mcp
020469,2024,2024,402.8,mx-ds-mcp
011120,2022,2022,121.6,mx-ds-mcp
010912,2022,2022,115.5,mx-ds-mcp
011892,2022,2022,178,mx-ds-mcp
009808,2022,2022,79.44,mx-ds-mcp
013369,2022,2022,115,mx-ds-mcp
012456,2022,2022,163.4,mx-ds-mcp
011488,2022,2022,107,mx-ds-mcp
011370,2022,2022,663.4,mx-ds-mcp
008988,2022,2022,573.4,mx-ds-mcp
008989,2022,2022,573.4,mx-ds-mcp
010415,2022,2022,358.3,mx-ds-mcp
013238,2022,2022,129.5,mx-ds-mcp
011891,2022,2022,178,mx-ds-mcp
009049,2022,2022,87.16,mx-ds-mcp
012457,2022,2022,163.4,mx-ds-mcp
013312,2022,2022,163.6,mx-ds-mcp
011412,2022,2022,134.4,mx-ds-mcp
013108,2022,2022,206.7,mx-ds-mcp
009242,2022,2022,75.56,mx-ds-mcp
009243,2022,2022,75.56,mx-ds-mcp
011301,2022,2022,83.32,mx-ds-mcp
012301,2022,2022,113.5,mx-ds-mcp
013107,2022,2022,206.7,mx-ds-mcp
008734,2022,2022,248,mx-ds-mcp
011400,2022,2022,66.04,mx-ds-mcp
010416,2022,2022,358.3,mx-ds-mcp
010913,2022,2022,115.5,mx-ds-mcp
011300,2022,2022,83.32,mx-ds-mcp
009855,2022,2022,189.6,mx-ds-mcp
008555,2022,2022,101.6,mx-ds-mcp
009856,2022,2022,189.6,mx-ds-mcp
011822,2022,2022,97.63,mx-ds-mcp
013370,2022,2022,115,mx-ds-mcp
010115,2022,2022,134.4,mx-ds-mcp
011823,2022,2022,97.63,mx-ds-mcp
011369,2022,2022,663.4,mx-ds-mcp
009913,2022,2022,441.1,mx-ds-mcp
009063,2022,2022,58.28,mx-ds-mcp
009062,2022,2022,58.28,mx-ds-mcp
009708,2022,2022,285.2,mx-ds-mcp
010389,2022,2022,120.6,mx-ds-mcp
011399,2022,2022,66.04,mx-ds-mcp
009993,2022,2022,29.32,mx-ds-mcp
010237,2022,2022,238.2,mx-ds-mcp
013239,2022,2022,129.5,mx-ds-mcp
010335,2022,2022,85.56,mx-ds-mcp
010238,2022,2022,238.2,mx-ds-mcp
010390,2022,2022,120.6,mx-ds-mcp
009707,2022,2022,285.2,mx-ds-mcp
011452,2022,2022,365.3,mx-ds-mcp
023397,2025,2025,107.5,mx-ds-mcp
023398,2025,2025,107.5,mx-ds-mcp
023452,2025,2025,297.4,mx-ds-mcp
023451,2025,2025,297.4,mx-ds-mcp
021528,2025,2025,476.7,mx-ds-mcp
019830,2025,2025,223.3,mx-ds-mcp
019829,2025,2025,223.3,mx-ds-mcp
021523,2025,2025,384.2,mx-ds-mcp
021382,2025,2025,754.6,mx-ds-mcp
021510,2025,2025,138.4,mx-ds-mcp
021179,2025,2025,316.3,mx-ds-mcp
501082,2025,2025,781.4,mx-ds-mcp
501082,2023,2023,621.2,mx-ds-mcp
022368,2025,2025,586.7,mx-ds-mcp
519771,2025,2025,1017,mx-ds-mcp
519771,2023,2023,196.5,mx-ds-mcp
501026,2025,2025,300.5,mx-ds-mcp
501026,2023,2023,191.6,mx-ds-mcp
021594,2025,2025,58.72,mx-ds-mcp
021593,2025,2025,58.72,mx-ds-mcp
519173,2025,2025,289.1,mx-ds-mcp
519173,2023,2023,314,mx-ds-mcp
519172,2025,2025,289.1,mx-ds-mcp
519172,2023,2023,314,mx-ds-mcp
112002,2025,2025,348.8,mx-ds-mcp
112002,2023,2023,170.8,mx-ds-mcp
021383,2025,2025,754.6,mx-ds-mcp
022709,2025,2025,55.46,mx-ds-mcp
022740,2025,2025,173.4,mx-ds-mcp
519770,2025,2025,1017,mx-ds-mcp
519770,2023,2023,196.5,mx-ds-mcp
019925,2025,2025,234.3,mx-ds-mcp
022365,2025,2025,267.3,mx-ds-mcp
019571,2025,2025,62.29,mx-ds-mcp
519773,2025,2025,99.56,mx-ds-mcp
519773,2023,2023,313.3,mx-ds-mcp
022735,2025,2025,160,mx-ds-mcp
160226,2025,2025,442.3,mx-ds-mcp
160226,2023,2023,313,mx-ds-mcp
959991,2025,2025,199.6,mx-ds-mcp
959991,2023,2023,219.8,mx-ds-mcp
740001,2025,2025,454.9,mx-ds-mcp
740001,2023,2023,614.6,mx-ds-mcp
720001,2025,2025,384.2,mx-ds-mcp
720001,2023,2023,368.8,mx-ds-mcp
021627,2025,2025,211.7,mx-ds-mcp
160220,2025,2025,442.3,mx-ds-mcp
160220,2023,2023,313,mx-ds-mcp
168401,2025,2025,676.2,mx-ds-mcp
168401,2023,2023,475,mx-ds-mcp
020470,2025,2025,140.6,mx-ds-mcp
020469,2025,2025,140.6,mx-ds-mcp
021180,2025,2025,316.3,mx-ds-mcp
021511,2025,2025,138.4,mx-ds-mcp
021792,2025,2025,558.6,mx-ds-mcp
021793,2025,2025,558.6,mx-ds-mcp
021626,2025,2025,211.7,mx-ds-mcp
022364,2025,2025,267.3,mx-ds-mcp
014497,2022,2022,379.9,mx-ds-mcp
015389,2022,2022,185.7,mx-ds-mcp
015576,2022,2022,312.2,mx-ds-mcp
014282,2022,2022,441.1,mx-ds-mcp
013840,2022,2022,118.7,mx-ds-mcp
013841,2022,2022,118.7,mx-ds-mcp
014549,2022,2022,147.1,mx-ds-mcp
014975,2022,2022,177.1,mx-ds-mcp
014319,2022,2022,602.5,mx-ds-mcp
014612,2022,2022,188.3,mx-ds-mcp
014611,2022,2022,188.3,mx-ds-mcp
014320,2022,2022,602.5,mx-ds-mcp
015491,2022,2022,336.9,mx-ds-mcp
014989,2022,2022,116.6,mx-ds-mcp
014833,2022,2022,182.6,mx-ds-mcp
013949,2022,2022,248,mx-ds-mcp
015585,2022,2022,105.3,mx-ds-mcp
001411,2020,2020,1777,mx-ds-mcp
003858,2020,2020,295.4,mx-ds-mcp
001759,2020,2020,325.2,mx-ds-mcp
003857,2020,2020,295.4,mx-ds-mcp
008528,2020,2020,601.9,mx-ds-mcp
002376,2020,2020,223.4,mx-ds-mcp
002451,2020,2020,348.4,mx-ds-mcp
007639,2020,2020,312.1,mx-ds-mcp
002125,2020,2020,617.6,mx-ds-mcp
001480,2020,2020,377.8,mx-ds-mcp
001407,2020,2020,250.6,mx-ds-mcp
001412,2020,2020,249.3,mx-ds-mcp
001198,2020,2020,466.7,mx-ds-mcp
000845,2020,2020,222.8,mx-ds-mcp
000823,2020,2020,605.1,mx-ds-mcp
001856,2020,2020,316.2,mx-ds-mcp
002051,2020,2020,1777,mx-ds-mcp
002112,2020,2020,249.3,mx-ds-mcp
008185,2020,2020,280.7,mx-ds-mcp
001437,2020,2020,172.7,mx-ds-mcp
001438,2020,2020,172.7,mx-ds-mcp
001170,2020,2020,286.1,mx-ds-mcp
005551,2020,2020,181,mx-ds-mcp
005550,2020,2020,181,mx-ds-mcp
005903,2020,2020,433.7,mx-ds-mcp
001037,2020,2020,566.2,mx-ds-mcp
004320,2020,2020,647.3,mx-ds-mcp
001753,2020,2020,1399,mx-ds-mcp
002450,2020,2020,348.4,mx-ds-mcp
001194,2020,2020,250.6,mx-ds-mcp
001184,2020,2020,125.7,mx-ds-mcp
001060,2020,2020,1280,mx-ds-mcp
002152,2020,2020,226.6,mx-ds-mcp
002163,2020,2020,466.7,mx-ds-mcp
005775,2020,2020,358.7,mx-ds-mcp
005776,2020,2020,358.7,mx-ds-mcp
001998,2020,2020,220.3,mx-ds-mcp
001715,2020,2020,220.3,mx-ds-mcp
001267,2020,2020,610.7,mx-ds-mcp
001075,2020,2020,390.7,mx-ds-mcp
002910,2020,2020,356.1,mx-ds-mcp
003962,2020,2020,212.4,mx-ds-mcp
002420,2020,2020,199.3,mx-ds-mcp
000404,2020,2020,227.5,mx-ds-mcp
007305,2020,2020,83.39,mx-ds-mcp
000742,2020,2020,739.1,mx-ds-mcp
002244,2020,2020,246.5,mx-ds-mcp
000390,2020,2020,287.2,mx-ds-mcp
003961,2020,2020,212.4,mx-ds-mcp
005119,2020,2020,331.1,mx-ds-mcp
011120,2021,2021,225.3,mx-ds-mcp
010912,2021,2021,176.5,mx-ds-mcp
009808,2021,2021,96.32,mx-ds-mcp
011488,2021,2021,99.56,mx-ds-mcp
011370,2021,2021,287.4,mx-ds-mcp
008988,2021,2021,203,mx-ds-mcp
008989,2021,2021,203,mx-ds-mcp
010415,2021,2021,262.2,mx-ds-mcp
009049,2021,2021,102.3,mx-ds-mcp
011412,2021,2021,113.6,mx-ds-mcp
009242,2021,2021,192.1,mx-ds-mcp
009243,2021,2021,192.1,mx-ds-mcp
011301,2021,2021,142.4,mx-ds-mcp
008734,2021,2021,176.7,mx-ds-mcp
011400,2021,2021,98.99,mx-ds-mcp
010416,2021,2021,262.2,mx-ds-mcp
010913,2021,2021,176.5,mx-ds-mcp
011300,2021,2021,142.4,mx-ds-mcp
009855,2021,2021,503.9,mx-ds-mcp
008555,2021,2021,248.7,mx-ds-mcp
009856,2021,2021,503.9,mx-ds-mcp
010115,2021,2021,113.6,mx-ds-mcp
011369,2021,2021,287.4,mx-ds-mcp
009913,2021,2021,183.5,mx-ds-mcp
009063,2021,2021,260.4,mx-ds-mcp
009062,2021,2021,260.4,mx-ds-mcp
009708,2021,2021,267.4,mx-ds-mcp
010389,2021,2021,150.7,mx-ds-mcp
011399,2021,2021,98.99,mx-ds-mcp
009993,2021,2021,83.62,mx-ds-mcp
010237,2021,2021,624.7,mx-ds-mcp
010335,2021,2021,138.7,mx-ds-mcp
010238,2021,2021,624.7,mx-ds-mcp
010390,2021,2021,150.7,mx-ds-mcp
009707,2021,2021,267.4,mx-ds-mcp
011452,2021,2021,392.6,mx-ds-mcp
001411,2019,2019,1400,mx-ds-mcp
003858,2019,2019,282.6,mx-ds-mcp
001759,2019,2019,306.7,mx-ds-mcp
003857,2019,2019,282.6,mx-ds-mcp
002376,2019,2019,371.6,mx-ds-mcp
002451,2019,2019,297.6,mx-ds-mcp
007639,2019,2019,140.1,mx-ds-mcp
002125,2019,2019,457,mx-ds-mcp
001480,2019,2019,346,mx-ds-mcp
001407,2019,2019,303.2,mx-ds-mcp
001412,2019,2019,263.3,mx-ds-mcp
001198,2019,2019,246.3,mx-ds-mcp
000845,2019,2019,169.6,mx-ds-mcp
000823,2019,2019,645.3,mx-ds-mcp
001856,2019,2019,277,mx-ds-mcp
002051,2019,2019,1400,mx-ds-mcp
002112,2019,2019,263.3,mx-ds-mcp
001437,2019,2019,280.3,mx-ds-mcp
001438,2019,2019,280.3,mx-ds-mcp
001170,2019,2019,158.4,mx-ds-mcp
005551,2019,2019,523.5,mx-ds-mcp
005550,2019,2019,523.5,mx-ds-mcp
005903,2019,2019,287.1,mx-ds-mcp
001037,2019,2019,926.6,mx-ds-mcp
004320,2019,2019,907.5,mx-ds-mcp
001753,2019,2019,480.2,mx-ds-mcp
002450,2019,2019,297.6,mx-ds-mcp
001194,2019,2019,303.2,mx-ds-mcp
001184,2019,2019,164.6,mx-ds-mcp
001060,2019,2019,235.8,mx-ds-mcp
002152,2019,2019,353.3,mx-ds-mcp
002163,2019,2019,246.3,mx-ds-mcp
005775,2019,2019,335.7,mx-ds-mcp
005776,2019,2019,335.7,mx-ds-mcp
001998,2019,2019,264.1,mx-ds-mcp
001715,2019,2019,264.1,mx-ds-mcp
001267,2019,2019,286.4,mx-ds-mcp
001075,2019,2019,287.3,mx-ds-mcp
002910,2019,2019,424.6,mx-ds-mcp
003962,2019,2019,132.5,mx-ds-mcp
002420,2019,2019,120,mx-ds-mcp
000404,2019,2019,316.3,mx-ds-mcp
007305,2019,2019,95.18,mx-ds-mcp
000742,2019,2019,412.3,mx-ds-mcp
002244,2019,2019,314.5,mx-ds-mcp
000390,2019,2019,425.6,mx-ds-mcp
003961,2019,2019,132.5,mx-ds-mcp
005119,2019,2019,380,mx-ds-mcp
